:020000040800F2
:10000000000002204D3B0108F5E8000831E9000836
:1000100045E9000849E900084DE900080000000032
:1000200000000000000000000000000001C6000801
:1000300051E900080000000091C6000855E90008D9
:10004000A13B0108A13B0108A13B0108A13B01081C
:10005000A13B0108A13B010839EB0008A13B0108C5
:1000600041EB000849EB000851EB000859E9000892
:10007000A13B010865E90008A13B010871E90008FE
:100080007DE90008A13B010845EA000889E900086C
:1000900095E90008A1E90008ADE9000859EB00085E
:1000A000A13B0108F9EA0008A13B0108A13B0108B6
:1000B000A13B0108A13B0108A13B010821EB00087D
:1000C0002DEB0008A13B0108A13B0108A13B010861
:1000D000A13B0108A13B0108A13B0108A13B01088C
:1000E00081EB0008A13B0108A13B0108A13B0108ED
:1000F0000DEB0008B9E90008A13B0108A13B01088C
:10010000A13B0108A13B0108D9EA0008D5E9000894
:10011000E1E90008A13B0108A13B0108A13B01085E
:10012000A13B0108A13B0108A13B0108A13B01083B
:10013000A13B01080000000000000000A13B0108F5
:10014000A13B0108A13B0108A13B0108EDE9000822
:10015000A13B0108A13B0108A13B0108A13B01080B
:10016000A13B0108A13B0108A13B0108A13B0108FB
:10017000A13B0108A13B01080000000000000000B5
:08018000A13B0108A13B0108AD
:1001C0000348044B834202D0034B03B118477047E6
:1001D000F8050020F8050020000000000548064B47
:1001E0001B1AD90F01EBA301491002D0034B03B135
:1001F00018477047F8050020F805002000000000AF
:1002000010B5064C237843B9FFF7DAFF044B13B15E
:100210000448AFF300800123237010BDF8050020CF
:1002200000000000B4BB020808B5044B1BB1044930
:100230000448AFF30080BDE80840CFE700000000AD
:10024000FC050020B4BB020808B52DED028BF0EED2
:10025000408AB0EE608A00F01BF8F4EE488AF1EEB6
:1002600010FA06D6DFED098AB4EE688AF1EE10FACC
:1002700002D0BDEC028B08BD00F034FE88EEA80A67
:10028000BDEC028B2123036008BD00BF000000000D
:1002900030B583B0CDED010A019A22F0004E0EF187
:1002A000FF33B3F1FF4F42D210EE104A24F000406A
:1002B000B0F1FF4F3BD270453FDB04F000413ED030
:1002C00014F0FF4F02F0FF4558D14FEA002C6FF0B9
:1002D0007D034FEA4C0CBCF1000F03F1FF33F8DC57
:1002E000002D5CD14FEA0E226FF07D0C52000CF114
:1002F000FF3CFBD513F17E0F63DA6FF07D02D21A5B
:1003000090406FF07D02A2EB0C020EFA02F2B3EB0A
:100310000C0305D11AE012D04FEA4E00013B15D074
:10032000A0EB020EBEF1000FF5DA4000F6E7DDEDBE
:10033000017A60EE277A87EEA70A03B030BD234B1F
:1003400003EB517393ED000A03B030BD831A48BF2D
:1003500003461BB9F3E75B000CF1FF3CB3F5000F5C
:10036000F9DB1CF17E0F23DBA3F500030CF17F0CFE
:100370000B4343EACC5300EE103ADEE7C3157F3B54
:10038000002DAFD04FEAEE5EC4F31604AEF17F0C41
:1003900044F40000C2F3160242F40002B7E76FF023
:1003A0007D044FEAEE5EE41AAEF17F0CA040F1E767
:1003B0006FF07D02A2EB0C0213410B4300EE103AEA
:1003C000BBE7C4F3160444F400009AE794BC0208A7
:1003D00008B52DED028BF0EE408AB0EE608A00F099
:1003E00085F820B9B0EE480ABDEC028B08BDB0EE2E
:1003F000480A00F07BF820B1F4EEC88AF1EE10FA5A
:10040000F0DDB0EE680ABDEC028B08BD10EE103ACC
:10041000C3F3C7527F3A162A194615DC002A0CDBB3
:100420000C481041184205D04FF4800313410B448F
:1004300023EA000300EE103A7047013203F0004354
:10044000F8D143F07E53F5E7802AF3D130EE000A6D
:10045000704700BFFFFF7F0010EE102AC2F3C753A2
:100460007F3B162B22F0004129DC002B104618DBC5
:100470001A4919410A4221D0DFED197A70EE277A24
:10048000F5EEC07AF1EE10FA18DD002A04DA4FF426
:10049000000242FA03F3184420EA010300EE103A86
:1004A0007047DFED0F7A70EE277AF5EEC07AF1EE45
:1004B00010FA03DD002A08DB9FED0A0A7047B1F14C
:1004C000FF4FFBD330EE000A7047DFED077A0029BB
:1004D000BFEE000A08BFB0EE670A7047FFFF7F005B
:1004E000CAF24971000000000000008010EE103ACE
:1004F00033F000400ED0A0F50003B3F1FE4F0DD352
:10050000074B421E9A4207D9A0F1FF40B0FA80F093
:10051000400970470220704703207047042070474D
:10052000FEFF7F0010B4044C03460A4620685DF8C5
:10053000044B194602F03ABD0000002000B5054BFF
:1005400083B0014601AA186802F030FD03B05DF8DF
:1005500004FB00BF0000002011F0FF01034600F083
:10056000030239D08ABB026810B501EB012E0EEBF5
:100570000E4E8EEA0204A2F1013323EA0203A4F133
:10058000013222EA0402134313F0803F0FD150F8E6
:10059000044F84EA0E0CA4F10133ACF1013223EADA
:1005A000040322EA0C02134313F0803FEFD00378D8
:1005B00023B936E010F8013F002B32D09942F9D12F
:1005C00010BD8A4228D09A0729D01A7818460133DC
:1005D000002AF6D110467047CAB90268A2F1013369
:1005E00023EA020313F0803F08D150F8042FA2F150
:1005F000013323EA020313F0803FF6D003785BB1A6
:1006000010F8013F002BFBD17047990705D0184621
:1006100013F8012B002AF8D170471846DDE7184679
:10062000A1E7184610BD00BF00B50B4C2568144665
:10063000EE681A4685B003460D464CB10749009551
:10064000CDE901143046064902F09CFC00F0A8FAFE
:1006500004490C46F3E700BF0000002060D6020802
:1006600070D60208D0C1020808B513460022FFF771
:10067000DBFF00BF2DE9F047074649480E463546E7
:1006800016F801EB10F80EC01CF0080CF7D1BEF103
:100690002D0F5AD0BEF12B0F03BF96F800E0644631
:1006A000AE1C64464BB9BEF1300F5CD00A23DFF8B4
:1006B000F4804FF0050A99460AE0102B4AD04FF01B
:1006C000FF38B8FBF3F803FB08FA6FEA0A0A994609
:1006D0000025284605E02CD009FB00C0012516F8AE
:1006E00001EBAEF1300CBCF1090F06D9AEF1410CB3
:1006F000BCF1190F0BD8AEF1370C634510DDB5F125
:10070000FF3FECD04045E6D94FF0FF35E7E7AEF1CB
:10071000610CBCF1190F03D8AEF1570C6345EEDC48
:100720006B1C0BD004B140420AB165B91160BDE841
:10073000F087D445D0DD4FF0FF35D0E722233B6072
:100740002846002AF3D0711EF0E796F800E0012455
:10075000AE1CA7E7BEF1300F11D04FF00F0A6FF0BB
:1007600070489946B4E7337803F0DF03582B0BD079
:1007700008234FF0070A6FF060489946A8E73078E1
:1007800000F0DF005828E8D14FF0100996F801E09A
:100790004FF00F0A02366FF070484B4698E700BFE3
:1007A0009DBC02089999991964E700BF10B4044CE4
:1007B0008446134620685DF8044B0A46614659E7B3
:1007C0000000002010B4044C8446134620685DF8F5
:1007D000044B0A4661464DE70000002070B50F4B00
:1007E0000F4DAB42A3EB050607D0B610002455F819
:1007F000043B01349847A642F9D82BF0DBF9094DA8
:10080000094B5E1BAB424FEAA60606D0002455F802
:10081000043B01349847A642F9D870BDFCB00308E8
:10082000FCB00308FCB0030820B103080EB470B597
:100830009DB021AC00254FF4017254F8046BADF863
:1008400014201B950290069000F0BAF90B4B0B9305
:100850000B4B03904FF6FF710790ADF81610186818
:100860000F953246234602A91495019406F0B4F878
:100870001DB0BDE8704003B0704700BF715B000859
:10088000000000200CB4F0B59DB022AC00254FF460
:1008900001730646084654F8047BADF81430029103
:1008A00006911B9500F08CF90346039307930A4BBE
:1008B0000B934FF6FF73ADF816303A463046234699
:1008C00002A90F951495019406F086F81DB0BDE8B5
:1008D000F04002B0704700BF715B0008036A2DE969
:1008E000F041846880460E46002B3BD0A3891B074D
:1008F00017D52369ABB1013EA36816F8015F013B30
:10090000A360EDB1002B07DAA7699F422246294672
:10091000404610DC0A2D0ED023685A1C22601D7040
:10092000EAE72146404601F0CDFF0028E3D04FF032
:10093000FF30BDE8F08103F0F7F90130DCD1F6E7D4
:10094000002B09DA22460A21404603F0EDF9013076
:10095000EDD00A20BDE8F08123680A22591C2160ED
:100960001A70F6E700F0F4F8C0E700BF024B01464A
:100970001868FFF7B3BF00BF0000002000207047D9
:10098000024A0349034801F07BBF00BF500000202A
:10099000610E0008040000200C4B4168994210B51C
:1009A000044601D000F05CFAA168094B994202D0DC
:1009B000204600F055FAE168064B994204D02046E3
:1009C000BDE8104000F04CBA10BD00BF1406002076
:1009D0007C060020E4060020002070472DE9F84343
:1009E0002A4C2B49DFF8BC90DFF8BC80294FC4F8B3
:1009F0003811002504230822294604F15C00264E04
:100A0000E360C4E90055C4E90455A5606566A561C5
:100A100000F042F9214B63670822294604F1C40023
:100A2000C4E90849C4E90A87C4E91A55C4E91E554E
:100A30002567C4F8CC50C4F88050266300F02CF928
:100A4000174BC4F8DC30294604F16803082204F58A
:100A50009670C4F88830C4E92398C4E92576C4E9BF
:100A60003455C4E93855C4F8D850C4F83451C4F8E2
:100A7000E85000F011F904F1D003C4E93D98C4E94D
:100A80003F76C4F8F030BDE8F88300BF14060020BC
:100A900081090008B55B0008D95B00080900010066
:100AA000120002004D5B0008755B0008F8B5254B8D
:100AB000D3F838310646002B3CD0234FD7E9013418
:100AC000013B04D51DE05A1C04F1680419D0B4F9A7
:100AD0000C50013B002DF6D11C4BE360C4E90155DD
:100AE000C4E9045565662560A5610822294604F11C
:100AF0005C0000F0D1F8C4E90D55C4E91255204658
:100B0000F8BD3D680DB12F46D8E74FF4D671304699
:100B100000F06AFD044680B10423C0E900530C30A4
:100B20002946A0604FF4D072254600F0B5F83C602D
:100B30002F46C3E7FFF752FFBFE70C23386033604F
:100B4000DDE700BF14060020500000200100FFFF79
:100B5000036A03B17047044B044AD3F83831026288
:100B6000002BF7D13AE700BF1406002099090008CE
:100B7000704700BF704700BF024A0349002001F0E0
:100B80007FBE00BF500000207D090008024A0349D3
:100B9000002001F075BE00BF50000020D9090008F8
:100BA00008B5062006F06EF9012008F0A3FE00BF8C
:100BB0000000000000000000000000000000000035
:100BC00030B490F800F020F007016FF0000C10F046
:100BD000070491F820F040F048804FF000046FF0D7
:100BE0000700D1E9002391F840F000F1080082FAF3
:100BF0004CF2A4FA8CF283FA4CF3A2FA8CF34BBBBE
:100C0000D1E9022382FA4CF200F10800A4FA8CF236
:100C100083FA4CF3A2FA8CF3E3B9D1E9042382FA04
:100C20004CF200F10800A4FA8CF283FA4CF3A2FA19
:100C30008CF37BB9D1E9062301F1200182FA4CF251
:100C400000F10800A4FA8CF283FA4CF3A2FA8CF3B8
:100C5000002BC6D0002A04BF04301A4612BAB2FADA
:100C600082F200EBD20030BC7047D1E9002304F0DF
:100C70000305C4F100004FEAC50514F0040F91F814
:100C800040F00CFA05F562EA05021CBF63EA0503B1
:100C900062464FF00004AAE7830730B547D0541EE0
:100CA000002A3ED0CAB2034601E0013C39D303F822
:100CB000012B9D07F9D1032C2CD9CDB205EB0525CD
:100CC0000F2C05EB054535D9A4F1100222F00F0CCD
:100CD00003F1100EE6444FEA121C1A46C2E9005511
:100CE000C2E9025510327245F8D10CF1010214F03C
:100CF0000C0F03EB021204F00F0C13D0ACF1040341
:100D000023F003030433134442F8045B9342FBD102
:100D10000CF003042CB1C9B21C4403F8011BA3421C
:100D2000FBD130BD64461346002CF4D1F9E70346ED
:100D30001446C0E71A46A446E0E700BFB1F90C30FC
:100D40002DE9F0411E070C4680463DD44A68002A32
:100D500056DDE56A002D34D00022D8F80060C8F8CE
:100D6000002013F48052216A57D101234046A8473E
:100D7000451C024666D0B4F90C30E56A216A580772
:100D800005D56368D21A636B0BB1236CD21A0023AA
:100D90004046A847431C42D0002363602369236078
:100DA000A389DF0400D56065616BC8F8006041B1BC
:100DB00004F14403994202D0404601F083FC002331
:100DC00063630020BDE8F0810E69002EF9D09B0717
:100DD0000D6808BF4B690E6018BF0023AD1B8B6008
:100DE0000BE02B463246216AA76A4046B847B0F16D
:100DF000000CA5EB0C05664406DD002DF1DCE0E7F8
:100E00000A6C002AA5DCDCE7B4F90C3043F040039F
:100E1000A3814FF0FF30BDE8F081626DAFE7D8F8F5
:100E20000010B4F90C301D29F0D80C4ACA40D5077F
:100E3000ECD52269226000226260DA04B4D5002970
:100E4000B1D0B1E7D8F80030002B94D01D2B01D0E1
:100E5000162BD9D1C8F80060B3E700BF01004020CD
:100E60000B69B3B110B5044682B008B1036A5BB137
:100E7000B1F90C3013B9002002B010BD204602B009
:100E8000BDE81040FFF75ABF0191FFF761FE0199DD
:100E9000EEE70020704700BFB8B138B50D4A0369CE
:100EA000156804462BB10DB12B6A53B1B4F90C305F
:100EB0000BB9002038BD21462846BDE83840FFF771
:100EC0003DBF2846FFF744FEF0E7034A03490448C4
:100ED00001F0D6BC0000002050000020610E000888
:100EE00004000020014B1868704700BF000000207C
:100EF0002DE9F04755EC104B84B0002D0D9E89462E
:100F000092463DDB0027652E1F7035D03DDC452E17
:100F100032D0462E5AD1032103AB019302AB00938A
:100F200045EC104B0C9B4A4600F074FC074626F03B
:100F30002003462B07EB090805D13B78302B39D02D
:100F40000C9B1B689844204629460022002307F08A
:100F5000EBF9002838D1039B984506D930215A1C5B
:100F600003921970039B4345F9D30E9ADB1B384655
:100F7000136004B0BDE8F08709F101090221CBE755
:100F800005F100422D271546BDE7662EC3D003AB01
:100F9000019302AB009345EC104B0C9B4A46022197
:100FA00000F038FC672E0746C1D11AF0010F1ED1A0
:100FB000039BDAE7002200232046294607F0B4F914
:100FC000C0B10C9B1B6898444346CEE703AB01932A
:100FD00002AB009345EC104B0C9B4A46022100F0FB
:100FE00019FC472E0746A2D11AF0010FE0D007EBFB
:100FF0000908A8E70C9AC9F101031360A2E700BF32
:1010000070B50029BABF49422D232B23092982B08C
:10101000027043702BDD0DF10704194DA446A5FBAA
:101020000123DB0803EB8302A1EB42028E46303240
:10103000BEF1630F66460CF8012C19460CF1FF3C1B
:10104000EDDCB31E3031A3420CF8011C00F10205A7
:101050000AD2421C13F8011B02F8011FA342F9D166
:101060000DF109039B1B1D44281A02B070BD3023EB
:101070001944051D8370C170281A02B070BD00BFED
:10108000CDCCCCCC2DE9F04F8DB00C46DDF858809E
:1010900016461F46054604F0A5FF0368069318464A
:1010A000FFF78EFD00230A93D8F80030079007332E
:1010B00023F0070303F10802D4F800A094F818B055
:1010C000C8F8002093ED007B8DED047B9DED047B43
:1010D00053EC172B904623F0004984ED127B9F4B75
:1010E0004FF0FF324046494607F050F940B99B4B5C
:1010F000404649464FF0FF3207F02AF9002871D0E8
:10110000DDE9040102460B4607F040F9002840F0F3
:10111000298261684B1C4AF480620BF0DF0832D0F0
:10112000B8F1470F00F022810023226003930AAB3D
:10113000029309AB00939DED040BCDF804B00DF1C3
:1011400023032846FFF7D4FE8146BBF1650F0999BA
:1011500037D9BBF1660F00F028810A9B8B4240F320
:101160002F810029D4BFC1F102020122134423615F
:10117000A1654FF0000A9DF82330002B4AD02D23A3
:1011800084F8433046E0062100232260CDF804B005
:10119000616003930AAB029309AB00939DED040BCE
:1011A0000DF123032846FFF7A3FEB8F1470F814650
:1011B000CBD10999C81C80F2F180ABF1020B5FFA28
:1011C0008BFB01395A4604F150000991FFF718FFD3
:1011D0000A9A1318012A8246236140F337810133AA
:1011E0002361C8E7DDE904010022002307F0A6F827
:1011F00010B12D2384F843302AF00402584B2260AA
:10120000584ABBF1470F8CBF91469946032323618F
:101210004FF0000A009733460BAA2146284601F0FA
:101220000DFF013023D0236858052BD423694A468B
:1012300031462846B847013019D02268E0680B9B38
:10124000920719D5984217DD4FF0000804F11909EB
:1012500004E0E0680B9BC21A42450DDD01234A46BB
:1012600031462846B847013008F10108F1D14FF066
:10127000FF300DB0BDE8F08F9842B8BF18460DB0F2
:10128000BDE8F08FBBF1650F33D9D4E9120100221C
:10129000002307F049F8002800F09A80324A012321
:1012A00031462846B8470130E1D0DDE9093A5345D7
:1012B00002DB2268D107C1D5DDE906233146284685
:1012C000B8470130D3D0BAF1010FB6DD0AF1FF3AC9
:1012D0004FF0000904F11A0801E0D145ADD0012317
:1012E000424631462846B847013009F10109F4D198
:1012F000BDE7DDF82880B8F1010F40F398800123A5
:101300004A4631462846B8470130B0D0DDE90623C9
:1013100031462846B8470130A9D0D4E9120100224D
:10132000002308F1FF3B06F0FFFF002800F0938048
:10133000B8F1010F40F386804FF0000904F11A085C
:1013400001E0D9457ED00123424631462846B847C0
:10135000013009F10109F4D189E700BFFFFFEF7FF8
:10136000A0D60208A4D60208A0D3020809B9012118
:1013700061600023226003930AAB029309AB0093E0
:101380009DED040BCDF804B00DF123032846FFF7C3
:10139000AFFD09998146C81CFFF60FAF63689942FB
:1013A0003FF70BAF4FF0670BD7E60029636856DDB8
:1013B0002161002B00F0858001330B442361D7E6C7
:1013C00023682161DB077FF5D3AE4B1C2361CFE699
:1013D000099B002B4ADD0A9BD4F858B004935B4567
:1013E000A8BF5B46002B984608DD4A463146284692
:1013F000B84701303FF43BAFD4F858B028EAE87260
:1014000093456BDD4FF0000A04F11A08934604E09F
:10141000A36DA3EB0B0252455FDD0123424631462B
:101420002846B84701300AF1010AF1D11FE7D90770
:101430003FF565AF4A46012331462846B84701309B
:101440003FF415AF534604F15002F1E62268D2078B
:101450007FF591AEC3E65B4609F10102ECE7002B94
:1014600034D12268D20731D4012380E6494A0123CE
:1014700031462846B84701303FF4F9AEDDE9093A74
:101480005AEA030324D0DDE9062331462846B8474B
:1014900001303FF4ECAE099B002B78DA4FF0000BE3
:1014A00004F11A0803E0099B5B425B456FDD0123F1
:1014B000424631462846B84701300BF1010BF2D1C4
:1014C000D5E62268D0077FF553AE75E702334EE6C6
:1014D0002268D3077FF5B2AED5E79B46099B049AF5
:1014E0009A4202DC2268D00708D5DDE9062331469E
:1014F0002846B84701303FF4BAAE099B049AA2EBE4
:101500000B0AD31A9A45A8BF9A46BAF1000F0BDD11
:1015100009EB0B02534631462846B84701303FF4E9
:10152000A6AE099B049AD31A2AEAEA7A53457FF7B2
:1015300084AEDDF810B04FF0000904F11A0807E09E
:10154000099BABEB0303A3EB0A034B457FF775AE97
:101550000123424631462846B847013009F10109C6
:10156000EED184E6059B0C4A002BBCBF2D2384F8EA
:1015700043302AF004032360084BBBF1470F8CBFB4
:1015800091469946032323614FF0000A42E65346F1
:101590004A464DE6A0D30208ACD60208A8D60208F7
:1015A00070B5104E336805460C46B3B12146284647
:1015B00003F0DCF9431C0CD0C41C24F00304A0424B
:1015C00005D0211A284603F0D1F9013001D0204678
:1015D00070BD4FF0FF34204670BD194603F0C6F9C8
:1015E0003060E3E7500700202DE9F843CD1C25F0DB
:1015F000030508350C2D38BF0C25002D064618DBD9
:10160000A94216D8DFF8DC8001F0ECFED8F80420FF
:10161000A2B1144603E0636822467BB11C462368EE
:101620005B1BF8D40B2B1FD89442636854D05360D3
:101630000CE00C2333600020BDE8F88329463046D7
:10164000FFF7AEFF431C044619D00560304601F099
:10165000CBFE04F10B00231D20F00700C21A1CBFB3
:101660001B1AA350BDE8F88361199442256014BF8A
:101670005160C8F80410635163684B60E6E7D8F81E
:1016800004701FB33C467F68002FFBD123683946A6
:10169000304604EB030903F069F9814516D123684C
:1016A000ED1A29463046FFF77BFF01300ED0236844
:1016B000D8F804202B442360536883B1A34203D09D
:1016C0001A465B689C42FBD10023B0E70C233360D1
:1016D000304601F089FEAEE7C8F80430B6E7C8F836
:1016E0000470B3E7500700202DE9F04F03690C693F
:1016F000A34283B0C0F28A80013C01F1140500F1DD
:10170000140855F8243058F8242001339A428E46A4
:1017100081464FEA840105EB840708EB840AB2FB9B
:10172000F3F63AD3CDE900150022AC464046134605
:101730005CF8041B05681FFA81FB06FB0B22090CF1
:101740004FEA124B06FB01BB92B2A9B2891A1944A7
:101750001FFA8BF3C3EB214303EB154389B241EA34
:101760000341674540F8041B4FEA1B424FEA2343FD
:10177000DED2DDE9001558F8013073B9AAF1040A88
:10178000D04504D307E0D04504F1FF3403D25AF822
:101790000439002BF7D0C9F810407146484602F0D2
:1017A0006BFE00282EDB4146002255F8040BD1F8D1
:1017B00000C01FFA80FE1FFA8CF3A3EB0E03134444
:1017C000020CC2EB234202EB1C429BB243EA0243EF
:1017D000AF4241F8043B4FEA2242E6D258F82420B7
:1017E00008EB84036AB9043B434504D807E09845F5
:1017F00004F1FF3403D253F80429002AF7D0C9F8C2
:1018000010400136304603B0BDE8F08F002003B031
:10181000BDE8F08F2DE9F04FC5699DB08DED060B49
:10182000269C049057EC106B02910B920993002DAB
:1018300000F0B183296851B16A684A60012393407E
:101840008B6002F04BFB049BDB6900221A60B7F14E
:101850000009B4BF012300232360774BBCBF29F0EC
:101860000049CDF81C9033EA090300F0AC809DEDEF
:10187000067B002251EC170B00238DED007B06F058
:1018800053FD804668B1099A01231360279B13B169
:10189000279A6A4B13606A4B059305981DB0BDE803
:1018A000F08F9DED000B04981AAA1BA902F052FFBD
:1018B0005FEA1955824640F09C80DDE91A8545446F
:1018C00005F23243202B40F39B83C3F1400309FA16
:1018D00003F905F2124326FA03F349EA030006F07E
:1018E00041FA0123013DA1F1F8711293554B0022F9
:1018F00006F0FAF84AA3D3E9002306F0ADFA4AA3AA
:10190000D3E9002306F0F2F8064628460F4606F013
:1019100039FA47A3D3E9002306F09EFA02460B46A4
:101920003046394606F0E2F806460F4606F044FD1A
:1019300000220446089000233046394606F0FEFC9B
:10194000002840F03683089CA8EB0508162C08F107
:10195000FF3B00F214833C4B03EBC403D3E90023A9
:10196000DDE9000106F0EAFC002873D0631E08934D
:10197000BBF1000F4FF000031193C0F20683002368
:101980000C93089B002B6BDA089B0C9A0D93D21AD0
:101990000C925A4200230893029B1092092B67D89D
:1019A000052BC4BF043B0293029BA3F10203CCBFEF
:1019B00000250125032B00F24986DFE813F07C04A3
:1019C000790470045204099AC9F3130942F20F739F
:1019D00059EA060913601CD1279B002B00F02D86C5
:1019E0001A4B05930833279A059813601DB0BDE87C
:1019F000F08FDDE90012C2F31303084643F07F5174
:101A0000CDF84880A5F2FF35DDF8688041F440113B
:101A10006CE7279B002B40F000840D4B05933CE7BF
:101A200061436F63A787D23FB3C8608B288AC63FE4
:101A3000FB799F501344D33F0000F07FA1D30208ED
:101A4000A0D302080000F83FB0BD0208B0D60208DB
:101A5000BCD60208B8F1000F40F3AF8411900C908F
:101A6000089B0D939B4400231093029B092B97D94D
:101A700000234FF0FF32CDE90A23012502930E9592
:101A8000049BDB69002159600A9B1393049802F0C0
:101A9000E5F90590002800F0E285049B059ADB69D2
:101AA0001A600A9B0E2B00F20D81002D00F00A81B6
:101AB0000D99002940F35184AE4B01F00F0203EB66
:101AC000C203C805D3E900894FEA211540F1158406
:101AD000A94BDDE90001D3E9082306F0E7FACDE9D7
:101AE000140105F00F0503277DB1A34EE90708D5C2
:101AF00040464946D6E9002306F0AEF90137804654
:101B000089466D1006F10806F0D142464B46DDE9E4
:101B1000140106F0CBFA80468946119B43B1974BDE
:101B200000224046494606F009FC002840F017858F
:101B3000384606F027F942464B4606F08DF9904BA1
:101B4000002205F0D3FFA1F15073CDE914011593E4
:101B50000A9B002B00F09D800D9B19930A9B189304
:101B60004946404606F028FC189A824B03EBC20314
:101B700013ED027B05468DED167B06F003F90B464F
:101B800002464946404605F0AFFF059F0E9B3035A3
:101B90007E1CECB2804689463546002B00F07284EC
:101BA000DDE916237749002006F080FADDE91423E9
:101BB00005F09AFF3C7042464B4604460D4606F03F
:101BC000DBFB002840F0BF84CDF858B0CDF850A022
:101BD000AB460027189DA2462AE00137AF4280F2AB
:101BE0000685694B50465946002206F035F9664B8A
:101BF000002282468B464046494606F02DF989462A
:101C0000804606F0D9FB044606F0BCF802460B46B7
:101C10004046494605F068FF303406F8014B52460D
:101C20005B468046894606F089FB002840F0DC844C
:101C300042464B465149002005F056FF52465B464E
:101C400006F07CFB0028C8D0199BDDF850A0059A4F
:101C5000374603F1010802E0974200F0A6843E46B1
:101C600017F8013D392BF7D00133DBB23B70454605
:101C700074E1384606F086F842464B4606F0ECF82A
:101C80003F4B002205F032FFA1F15073CDE9140162
:101C900015933E4B00224046494605F025FFDDE9FD
:101CA000144522462B4606460F4606F065FB0028E3
:101CB00040F08A8430463946224605F1004306F05A
:101CC0003DFB28BB1B9B002BC0F292800D9A0E2A75
:101CD00000F38E80274B0D9A03EBC20393ED007B3C
:101CE0000B9B002B8DED027B19DA0A9B002B16DC77
:101CF0000ED1264B0022DDE9020106F0ADF80246C6
:101D00000B46DDE9000106F023FB002800F05C84AF
:101D10000023059E00931F460B9BDD4344E2059B79
:101D20005D1CDDE90278DDE900013A46434606F034
:101D3000BDF906F041FB064606F024F83A46434654
:101D400006F08AF802460B46DDE9000105F0CCFEFC
:101D5000059A06F1300313700A9B012B2F4600F001
:101D600037830125CDF800A0A846DDE902AB9946EE
:101D70002CE000BFB0BD0208A0BE02080000F03F8A
:101D800000001C400000E03F000024400000144020
:101D900052465B462046294606F088F906F00CFBC1
:101DA000064605F0EFFF52465B4606F055F808F18F
:101DB00001080B4602462946204605F095FE06F12D
:101DC0003003C84507F8013B00F000838F4B002229
:101DD00006F042F80022002304460D4606F0A4FA5D
:101DE0000028D5D00D9DDDF800A001353E46B5E0B8
:101DF0000E9A002A40F0F1800023109E0C9D0E9355
:101E00001F4665B1BBF1000F09DD5D450C9A2B46FD
:101E1000A8BF5B46D21A0C92ED1AABEB030B109BDA
:101E200053B10E9B13B1002E40F00B835146109A14
:101E3000049802F03DFA82460498012102F06CF900
:101E4000089B0090002B40F0D381029B012B40F3B4
:101E5000E9810120584410F01F0000F0B780C0F164
:101E60002003042B40F3F8810C9BC0F11C000344B9
:101E70000C93054483440C9B002B05DD51460498CC
:101E80001A4602F085FA8246BBF1000F05DD009983
:101E900004985A4602F07CFA0090119B002B40F007
:101EA0008C810A9B002B40F364810E9B002B40F039
:101EB000BC800D9D0135DDF81480009CDDF828B054
:101EC000DDF81090012607E0514600230A2248461B
:101ED00002F028F80136824621465046FFF704FCFE
:101EE000B34500F1300008F8010BEDDC0A9B002B34
:101EF000C8BF1E46059BD8BF0126814603EB060BD3
:101F0000002451460122049802F042FA00998246C8
:101F100002F0B2FA002840F30382059A02E09345EA
:101F200000F016825E460BF1FF3B16F8013C392BA0
:101F3000F5D001338BF80030DDF810800099404671
:101F400001F0CCFF57B12CB1BC4203D02146404632
:101F500001F0C4FF0498394601F0C0FF04985146CF
:101F600001F0BCFF00233370099B1D60279B002BF1
:101F70003FF493AC05981E601DB0BDE8F08F0123BF
:101F8000BBF1000F1193BFF6FAACC8F101030C933B
:101F90004FF0000BF5E4102000F090FD049B02468A
:101FA000D861002800F04D83C0E90055C0E9025512
:101FB0004DE4204605F0E6FE32463B4606F0B4F915
:101FC00000287FF4C0AC631E0893BCE41C230C9A69
:101FD0001A440C921D449B444DE7029A012A40F397
:101FE000AA810A9B109A5E1EB242C0F26781002B42
:101FF000A2EB060680F2EC820C9B0A9A9D1A6AE11B
:10200000C3F1200306FA03F069E400BF0000244096
:102010003946002304980A2201F084FF139B002B09
:10202000074640F3FE820D960A93002D05DD3946E2
:1020300004982A4602F0ACF90746089B002B40F0B2
:10204000E481B846059E0A9C731E1C44069B03F05F
:102050000103CDE90B43049C00995046FFF744FB74
:1020600039468346504602F007FA00990546424633
:10207000204602F023FAC3680BF130090146ABBBDE
:102080000A90504602F0F8F90A990890204601F0AB
:1020900025FF089A002A54D1029B1BB90C9B002BE8
:1020A00000F0AB82002D3FDB0B9BB346B3420BF835
:1020B000019B00F0C181514600230A22204601F015
:1020C00031FF4745824639464FF000034FF00A0280
:1020D000204630D001F026FF4146074600230A2261
:1020E000204601F01FFF5E468046B5E7049801F0E8
:1020F000F5FE002D06DB069B03F00102029B1D434B
:102100002A4329D151460122049802F041F900994D
:10211000824602F0B1F9002840F3F680B9F1390F98
:1021200000F048820BF131090D9D06F8019B3C46F9
:102130000135474600E701F0F5FE5E46074680465A
:102140008AE7002DC0F29D82029B1D430C9B1D431C
:1021500000F09782002AA7DDB9F1390F00F02A823A
:102160000D9D09F101033C4606F8013B0135474648
:10217000E2E6029B022B7FF798AE0A9B002B40F011
:10218000238100990498052201F0CCFE01460090BD
:10219000504602F071F9002840F31681059E0D9D0E
:1021A000312306F8013B01350099049801F096FEB1
:1021B0000135002F7FF4CEAED0E60099504602F0F4
:1021C0005BF90028BFF66DAE5146002304980D9CC4
:1021D0000A2201F0A7FE0E9B661E8246002B7FF4AA
:1021E00017AF139B002B40F30F820D9D0A9362E6FD
:1021F00001461A46049802F05BF8029B0090012BFE
:102200006FDD00230893009A136902EB83031869BA
:1022100001F030FFC0F120001CE6964B059303331C
:10222000FFF7E1BB069B002B7FF413AEDDE906123E
:10223000C2F31303002B7FF40CAE8F4B13402BB172
:102240000C9B01330C930BF1010B0123089A0893AB
:10225000002A3FF4FEADD6E73FF40DAEC0F13C03DB
:10226000B5E601230E930B9B0D9A13441393013390
:10227000012B1F460A93B8BF0127049B172FDE6965
:1022800040F2FB81012204235B0003F11400B842F9
:10229000114602F10102F7D97160FFF7F7BB012384
:1022A0000E930B9B002B36DD1F4613930A93E4E736
:1022B00000230E93D7E700230E93F2E7109B089AB2
:1022C0001096F31A1A4408920A9B0C9A15461A445F
:1022D0009B440C9200260498012101F01DFF074643
:1022E0008FE5069B002B8CD1DDE90601C1F31303BA
:1022F0000A46002BA1D0089085E79DED007B0227C0
:102300008DED147BFFF7F0BB7FF40EAF19F0010FDA
:102310007FF404AF08E70123CDE90A33FFF7B0BB30
:1023200003D119F0010F7FF4F8AD5E461BF8013DB3
:10233000302BFAD000E6129A002A00F0078103F24F
:1023400033430C9A109E15461A449B440C92C2E7E4
:10235000059A312301351370EEE500F0FB800D9AEC
:10236000464B554205F00F0203EBC203D3E90023AD
:10237000DDE9000105F070FD2D11CDE9140100F03B
:1023800057813F4E0023022780468946EA0709D538
:10239000D6E900234046494605F05EFD01378046F8
:1023A000894601236D1006F10806EFD1002B7FF45A
:1023B000B4ABDDE91489FFF7B0BBC8F10103834674
:1023C0000C931190FFF74CBB059EA5E4DDF800A02F
:1023D00002460B4605F08AFB0D9D02460B46CDE9F1
:1023E00000230135DDE90223A84605F0C5FF40B909
:1023F000DDE90223DDE9000105F096FF18B1F307DE
:1024000001D5059A2BE43E46A8E57968049801F0C9
:1024100025FD0546002800F029813B6902339A001A
:1024200007F10C010C3000F0AFFA049829460122A4
:1024300001F0AEFF804605E60D9D3C46013547465E
:102440005FE5049C39463246204601F031FF524692
:1024500001460746204601F075FE5146804620465B
:1024600001F03CFD109B9B1BC24610933FF4E4AC73
:10247000DCE400BFBCD602080000F07FB0BD02085B
:10248000A0BE0208DDE91623DDE9140105F0E4FC35
:10249000059B1C70189B012BCDE90E0100F0BF803D
:1024A000189F059B12961F447E4B002240464946CA
:1024B00005F0D2FC0D46044605F07EFF814605F08E
:1024C00061FC09F1300902460B462046294605F019
:1024D0000BFB06F8019BB74280468946E4D1129D6A
:1024E000714B0022DDE90E0105F000FB02460B46B0
:1024F0004046494605F040FF00286FD1DDE90E2334
:102500006949002005F0F0FA02460B46404649466C
:1025100005F014FF88B91B9B002BFFF66DAC0D9BDB
:102520000E2B3FF769AC614B0D9A03EBC20393EDA1
:10253000007B8DED027BFFF7F4BB3E46013F16F8B2
:10254000013C302BF9D0199D013507E51A9BC3F1E9
:102550003603F6E6DDE900890227FFF7DEBA0A9BBB
:10256000002B3FF486AB139C002C7FF7ABAB0D9B8D
:10257000013B00224046494619934A4B05F06CFC4A
:1025800080468946781C05F0FDFB42464B4605F027
:1025900063FC474B002205F0A9FAA1F15073CDE985
:1025A000140118941593FFF7DBBA08F101083123E1
:1025B000FFF75CBB0D9D059AB34639233C460BF8EB
:1025C000013B01354746ADE4002300931F46E5E596
:1025D0000C9A15461A449B440C927CE6199B059A6A
:1025E00003F10108FFF73BBBDDF850A0ABE7DDF8D6
:1025F00058B0DDF850A0FFF765BBB9F1390FD9D05D
:10260000002D3FF78FAD8FE5029B022B03DC139B60
:102610000D9D0A934FE4139B0A930D96ADE5374643
:102620005EE7029B022BF6DC139B0D960A93FCE4FB
:10263000DDE914890227FFF770BA1E4B0593FFF7F7
:102640002CB91D4B1D48EF21FDF7EEFF0498C3691F
:1026500000255D60294601F001FC0590A8B9184BE2
:102660001648002240F2AF11FDF7DEFF144B13486D
:102670002A4640F2EF21FDF7D7FF00217160FFF7F6
:1026800005BA002A3FF73EAD4EE5049B059ADB698B
:102690000B951A604FF0FF33012213930E920A93A9
:1026A000FFF710BB000024400000E03FB0BD02086F
:1026B00000001C40B0D60208C0D60208D8D60208D6
:1026C00004D70208002950D038B551F8043C0C1F3B
:1026D000002BB8BFE418054600F084FE274A1368B3
:1026E0002BB1A3420CD92168601883422CD06360BF
:1026F00028461460BDE8384000F076BEA3420FD8EB
:102700001A465B68002BF9D111685018844217D023
:102710002CD3636054602846BDE8384000F064BEA6
:1027200011685018A04214D020D821686018834244
:10273000EFD118685B680844C4E900035460EAE715
:1027400023680B441360E6E718685B680844206060
:10275000CDE720680144501883421160DBD1D3E9F2
:1027600000040144C2E90014D5E770470C232B6034
:102770002846BDE8384000F037BE00BF54070020AF
:1027800088420ED98B1883420BD900EB020C002A29
:102790006ED0624613F801CD02F801CD9942F9D10D
:1027A00070470F2A0FD8034602F1FF3C002A5FD082
:1027B0000CF1010C013B8C4411F8012B03F8012FA3
:1027C0006145F9D1704740EA01039B0751D1A2F15D
:1027D000100370B501F1200C23F00F0501F1100E6C
:1027E00000F11004AC441B095EF8105C44F8105C66
:1027F0005EF80C5C44F80C5C5EF8085C44F8085C1D
:102800005EF8045C44F8045C0EF1100EE64504F139
:102810001004E9D1013312F00C0F01EB031102F0A7
:102820000F0400EB031328D0043C24F003064FEA06
:10283000940C1E441C1F8E465EF8045B44F8045F33
:10284000B442F9D10CF1010402F0030203EB84035A
:1028500001EB840102F1FF3C4AB10CF1010C013B98
:102860008C4411F8012B03F8012F6145F9D170BD9B
:10287000704702F1FF3C03469AE72246EAE700BFB1
:102880002DE9F8430746884616464FF00009D6E979
:102890000154013D10D4A389012B08D9B4F90E309D
:1028A00001332146384602D0C04749EA0009013DBC
:1028B0006B1C04F16804EED13668002EE7D148465F
:1028C000BDE8F88338B52F4B1B6805460C4613B19D
:1028D0001A6A002A4BD0B4F90C3018071CD52269AB
:1028E00022B313F0010107D0616900204942A060C2
:1028F000A1613AB1002038BD980758BF6169A16055
:10290000002AF7D1190658BF1046F4D543F040030A
:10291000A3814FF0FF3038BDD9062CD55A0712D409
:10292000226943F00803A381002ADAD103F420715D
:10293000B1F5007FD5D02146284600F09DFDB4F9C1
:102940000C302269CDE7616B51B104F14402914230
:1029500004D02846FFF7B6FEB4F90C3000226263BB
:1029600022690021C4E9002123F02403D9E7184695
:10297000FEF7EEF8AFE7092243F040032A60A38197
:10298000C7E700BF00000020844641EA000313F0BF
:1029900003036DD1403A41D351F8043B40F8043B66
:1029A00051F8043B40F8043B51F8043B40F8043B29
:1029B00051F8043B40F8043B51F8043B40F8043B19
:1029C00051F8043B40F8043B51F8043B40F8043B09
:1029D00051F8043B40F8043B51F8043B40F8043BF9
:1029E00051F8043B40F8043B51F8043B40F8043BE9
:1029F00051F8043B40F8043B51F8043B40F8043BD9
:102A000051F8043B40F8043B51F8043B40F8043BC8
:102A100051F8043B40F8043B403ABDD2303211D368
:102A200051F8043B40F8043B51F8043B40F8043BA8
:102A300051F8043B40F8043B51F8043B40F8043B98
:102A4000103AEDD20C3205D351F8043B40F8043B68
:102A5000043AF9D2043208D0D2071CBF11F8013B66
:102A600000F8013B01D30B8803806046704700BF2C
:102A7000082A13D38B078DD010F003038AD0C3F13B
:102A80000403D21ADB071CBF11F8013B00F8013B1D
:102A900080D331F8023B20F8023B7BE7043AD9D3DC
:102AA000013A11F8013B00F8013BF9D20B780370B1
:102AB0004B7843708B78837060467047024B0146B9
:102AC0001868FEF791BD00BF00000020024B0146D0
:102AD0001868FFF7F7BD00BF000000202DE9F04F98
:102AE0000C4687B0896805934B1EB3F5AE7F06464A
:102AF000904640F2BB8127466FF4AE7057F81C3BFE
:102B000001EB000E40F25D11A16043F4F0634FF061
:102B1000000A236043463D46B046D346CDF810A098
:102B2000CDF808A0D146CDF804A00A46CDF80CE0B7
:102B30001E4633681878A0F12B034E2B70D8DFE8BF
:102B400013F0C9006F00C90023016F004F0053004C
:102B500053005300530053005300530053005300DD
:102B60006F006F006F006F006F006F006F001C013F
:102B70006F006F006F000101FA006F006F00EB0043
:102B80006F006F006F006F00DC006F006F006F0060
:102B90006F006F00D6006F006F006F006F00D000F5
:102BA0006F006F006F006F006F006F006F001C01FF
:102BB0006F006F006F000101FA006F006F00EB0003
:102BC0006F006F006F006F00DC006F006F006F0020
:102BD0006F006F00D6006F006F006F006F00D000B5
:102BE0002368D90500F135811BEB0A0318D19A46F9
:102BF000236823F4C0732360D34605F8010BA26851
:102C0000013A2369A260013323617368013B002B01
:102C1000736040F3C380336801333360002A88D186
:102C2000334646469846B9F1000F03D0236823F493
:102C3000807323600BF1FF32012A40F2D0800AF149
:102C4000FF33062B1AD8BAF1020F40F24381BAF1D2
:102C5000030F13D0AAF1040A5FFA8AFA6FEA0A0A8C
:102C6000AA44D4F87C3115F8011D424630469847F5
:102C70002369554503F1FF332361F2D12268D00562
:102C800020D5510500F13781236915F8011C013B5E
:102C90006529236105F1FF3A0DD045290BD0D4F801
:102CA0007C31424630469847236915F8021C013BA7
:102CB0002361A5F1020A4246D4F87C313046984798
:102CC0002268554612F0100200F0A380002007B0E1
:102CD000BDE8F08F23681906A2D523F08003236096
:102CE0008BE7BAF1070F9BD14FF0080A85E7BAF1DD
:102CF000060F95D14FF0070A7FE7BBF1000F40F0B8
:102D00008180B9F1000F00F0B980BAF1010F0DD048
:102D1000BAF1040F0AD083E7BAF1000F4BD0BAF131
:102D2000030F03D0BAF1050F7FF47AAF0AF1010A5D
:102D30005FFA8AFA61E7BAF1020F7FF471AF4FF0E0
:102D4000030A5AE7236803F4A062B2F5806F05D046
:102D500059057FF565AFB9F1000F36D09A0504D457
:102D6000019A0495A9EB0202029223F4F06343F462
:102D7000C07323604FF000093FE7BBF1010F7FF400
:102D80004FAF4FF0020B38E723689A057FF548AF45
:102D900023F420732360CDF804902EE7D4F880311B
:102DA00031464046984700287FF43AAFA268002A8F
:102DB0007FF4BFAE34E7B9F1000F6CD1236803F4A0
:102DC000E062B2F5E06F00F0BF800BF1FF323346F6
:102DD000012A46464FF0000998463FF630AFBD4203
:102DE0000CD9D4F87C3115F8011D4246304698477D
:102DF0002369BD4203F1FF332361F2D1012007B003
:102E0000BDE8F08FBBF1020F7FF47FAF4FF0030BF3
:102E1000F3E62A70236803F4C063B3F5806F3ED0F5
:102E2000029B002B40F0878000223946304602F09A
:102E3000A9FD23689A0757EC106B40D505990B68DC
:102E40001A1D0A601B6883ED000BE3680133E36021
:102E50003CE723F080032360039B09F10109002B69
:102E60003FF4CDAE039B013B0393CAE627464FF0E8
:102E7000000E57F81C3B43F4F06348E6236803F464
:102E8000E062B2F5E06F7FF440AF23F4F0632360BB
:102E90004FF0010BB1E6334646469846C6E6019B25
:102EA0009945C1D0A3EB090204F26F139D4228BFDC
:102EB00004F5B7752A49284600F0AAFFB4E705983B
:102EC00002685B0702F1040125D50160136883EDF8
:102ED000000BBAE7BD4291D9D4F87C3115F8011D39
:102EE0004246304698472369BD4203F1FF332361D0
:102EF000F2D1012083E7BD4280D9D4F87C3115F8A6
:102F0000011D4246304698472369BD4203F1FF3315
:102F10002361F2D172E7059B196015683B46324682
:102F20003046394605F032FAA0B93046394605F048
:102F30008BFA286089E7049D0A23691C304604F057
:102F400083FA029BC21AAFE723F4F06323604FF0C9
:102F5000010A52E6034800F037FF85ED000A74E7E6
:102F600018D70208D0C102080CB400B583B004AB76
:102F700053F8042B019300F093FD03B05DF804EBCC
:102F800002B070470EB410B583B005AB064C53F8D1
:102F9000042B01930146206800F082FD03B0BDE8D8
:102FA000104003B0704700BF000000202DE9F0473B
:102FB000DFF8749007460E46904600F04BFFD9F8B4
:102FC00000504DB133781C466BB1344602E014F822
:102FD000013F3BB13D2BFAD1384600F03DFF0020C8
:102FE000BDE8F087A41B28680028F5D022463146AA
:102FF00000F0FCF928B92868035D3D2B00EB040ABA
:1030000004D055F8040F0028F0D1E5E7D9F80030D6
:10301000EB1A9B103846C8F8003000F01DFF0AF18B
:103020000100BDE8F08700BF5C00002000B583B060
:1030300001AAFFF7BBFF03B05DF804FB2DE9F84FD1
:1030400092461F460A698B68DDF828909A42B8BFFD
:103050001A46CAF8002091F843300C46064613B1D0
:103060000132CAF80020226891065FD5DAF80030F4
:103070000233CAF80030226812F0060F11461DD143
:10308000E1689942D8BF114618DD4FF0000804F1FD
:10309000190B05E0E568DAF80030ED1A45450CDD5E
:1030A00001235A4639463046C847013008F1010825
:1030B000F0D14FF0FF30BDE8F88F216894F843302D
:1030C000003B18BF01238A060AD5E1185A1C30209C
:1030D00081F84300224494F8451082F843100233EB
:1030E00004F1430239463046C8470130E1D0236835
:1030F000DAF80050216903F00603042BD4E902201A
:103100001BD08A4220DD4FF00008521A90441A3436
:10311000002501E0454517DA0123224639463046AD
:10312000C847013005F10105F4D1C2E712F0060FDE
:103130000DD0003B18BF0123D2E7401B8A4220EA92
:10314000E078E2DC0028E2DC0020BDE8F88FE168EE
:10315000DAF800309942D8BF114696DCAEE700BFDE
:103160002DE9F047174684B00A7E0C9D0C460646B2
:10317000984601F1430C002A35D0A2F15803D9B288
:10318000202969D8202B67D8DFE813F0E600660015
:1031900066006600660066006600660066006600FF
:1031A0006600AC0070006600660066006600700095
:1031B000660066006600660021008300C6006600A7
:1031C0006600B6006600830066006600EC002B68AF
:1031D00022686169181D286010061B6802D4520617
:1031E00000F1E08019600023E1462361CDF8008002
:1031F0003B4603AA21463046FFF720FF013020D08E
:1032000023694A4639463046C047013019D0236801
:10321000E068DDF80C909B0718D5484516DD0025C1
:1032200004F1190A04E0E068A0EB0903AB420DDDEC
:103230000123524639463046C047013005F10105A9
:10324000F1D14FF0FF3004B0BDE8F0874845B8BF7A
:10325000484604B0BDE8F08784F84220012004F11C
:1032600042090023206184F84330BFE72A682368BD
:10327000111D1806296002D4590600F195801068C6
:10328000014600286268C0F2938054484FF00A0E4D
:1032900015E020682B6810F0800F53F8041B02D152
:1032A000400648BF89B26F2A4C482B6014BF4FF0CC
:1032B0000A0E4FF0080E0023626884F84330002A9B
:1032C000A26051DB236823F00403236000294BD163
:1032D000002A7BD1E146BEF1080F56D0ACEB0903C2
:1032E000236183E72B681A6804332B6004F14209D9
:1032F00084F842200120B4E72B686268191D296018
:10330000D3F800900021484604F0D2F8002863D09A
:10331000A0EB09006060A4E7236843F0200323606A
:1033200078222F4884F845202A6813F0800F52F83D
:10333000041B03D113F0400F18BF89B22A60DA07CB
:1033400044BF43F02003236019B9236823F020030E
:1033500023604FF0100EAEE7582384F845301F4825
:103360002368E1E72368DBE77546E146B1FBF5F347
:1033700005FB131A0A46AA4210F80A1009F8011DA3
:103380001946F3D2BEF1080FA8D12368DD07A5D5F1
:10339000626823699A42A1DC302309F8013C09F1F3
:1033A000FF399BE719801EE7B2F90010084668E76D
:1033B0002D20002AA26084F8430002DB23F00403DE
:1033C00023600A2505484942AE46CEE7037884F8D3
:1033D000423004F142097EE7606842E754C00208C7
:1033E00020D70208704700BF704700BF002A3ED0B8
:1033F00030B584460446084380070B462ED1032A85
:1034000007D82BE0043A25D01EF0803F22D1032AB2
:1034100022D92068194653F8045BA0F1013EA84266
:10342000A4462EEA000E04F10404EBD09CF8000040
:103430000C7884421DD1E64668B11EF8010F11F8E0
:10344000014FA2EB0E03A04203F1FF3311D11CEB9D
:103450000303F1D1002030BDA44619469CF80000BA
:103460000C78A04205D1012AF4D0E646E4E71046E4
:103470007047001B30BD00BF70B5B1F90C300C4671
:10348000990796B007D504F147030122C4E9043235
:10349000236016B070BDB4F90E100029054629DB73
:1034A0006A4604F09DF8002822DB4FF4806128462C
:1034B000019EFEF799F888B3A389206043F080034A
:1034C00006F47046A381B6F5005F4FF48063C4E94B
:1034D0000403DED1B4F90E10284600F089FA002862
:1034E000D7D0A38923F0030343F00103A381D0E7DE
:1034F000B4F90C3013F0800F14BF40264FF48066EF
:1035000031462846FEF770F840B1A389206043F0A9
:103510008003C4E90406A38116B070BDB4F90C3071
:103520009A05B6D423F0030304F1470243F00203E3
:103530000121C4E90421A3812260AAE770B50C46E9
:10354000B1F90E10002996B015461E460FDB6A46EB
:1035500004F046F800280ADB019B03F47043A3F54E
:103560000053B3FA83F34FF480625B0908E0A28949
:1035700012F0800F4FF0000314BF40224FF480621E
:10358000002033602A6016B070BD00BF000000004C
:10359000000000000000000000000000000000002B
:1035A00002780B78012A28BF9A4240F0D8806DE952
:1035B000044540EA0104CDE902676FF0000C4FEAD0
:1035C00044721AB380EA010414F0070F6BD100F0C3
:1035D000070420F0070004F0030521F007014FEA7B
:1035E000C505F0E8042314F0040FF1E804670CFAB1
:1035F00005F462EA040266EA04060BD063EA0403F7
:10360000624667EA0407664604E000BFF0E8042368
:10361000F1E8046782FA4CF582EA0604A4FA8CF415
:103620006CBB83FA4CF583EA0705A5FA8CF595B9CE
:1036300050E9022351E9026782FA4CF582EA060456
:10364000A4FA8CF483FA4CF583EA0705A5FA8CF505
:103650002543DBD09CB92DBAB5FA85F424F00704D4
:1036600027FA04F1DDE9026723FA04F303F0FF000F
:1036700001F0FF01FDE80445A0EB0100704724BA0A
:10368000B4FA84F424F0070426FA04F1DDE90267B1
:1036900022FA04F202F0FF0001F0FF01FDE8044508
:1036A000A0EB0100704714F0030F3CD110F00304AD
:1036B00028D150F8082B51F8083B82FA4CF582EAE1
:1036C0000305A5FA8CF55DB950F8042C51F8043CBB
:1036D00082FA4CF582EA0305A5FA8CF5002DE8D0B4
:1036E0002DBAB5FA85F424F0070423FA04F122FA7E
:1036F00004F202F0FF0001F0FF01FDE80445A0EB39
:10370000010070474FEAC40420F0030050F8082B72
:1037100021F0030151F8083B0CFA04F462EA0402B8
:1037200063EA0403C9E710F003041DD0A1EB040110
:1037300020F00300E40750F8042B06D012D28B7857
:103740005FFAA2F4E41A06D12BB1CB785FFAB2F497
:10375000E41A00D133B920465DF8104B7047A2EB54
:103760000300704701F1040150F8042BCC0721F04D
:10377000030151F8043B48D824D222F07F4482FA56
:103780004CF594EA1325A5FA8CF50AD165B951F8E0
:10379000043B84EA0204B4EB036F0ED150F8042B0F
:1037A000EBE74FEA132355E035F07F454DD108781C
:1037B000FDE80445C0F1000070474FEA126203F0D3
:1037C000FF0347E002EA1C4482FA4CF594EA1345F1
:1037D000A5FA8CF50AD165B951F8043B84EA0204D4
:1037E000B4EB034F0CD150F8042BEBE74FEA134333
:1037F00030E015EA1C4528D10B884FEA124229E037
:103800004FEA124203EA1C4324E002F0FF0482FA6A
:103810004CF594EA1365A5FA8CF50AD165B951F80F
:10382000043B84EA0204B4EB032F09D150F8042BC3
:10383000EBE74FEA13630DE015F0FF0F05D10B68BE
:103840004FEA122223F07F4304E04FF00000FDE82E
:103850000445704712BA1BBA82FA4CF482EA030498
:10386000A4FA8CF5B5FA85F402FA04F203FA04F32B
:103870004FEA1260FDE80445A0EB1360704700BFFB
:1038800008B410B5002A9DB0044636DB4FF402732D
:10389000ADF814304FF000031B930291069120AB5A
:1038A00017D0013A4FF6FF7104920792ADF8161047
:1038B0001F9A019302A902F077FA421C01DA8B23C6
:1038C0002360029B00221A701DB0BDE8104001B0B9
:1038D00070474FF6FF7104920792ADF816101F9AC9
:1038E000019302A902F060FA431C01DA8B232360E2
:1038F0001DB0BDE8104001B070478B2303604FF04E
:10390000FF30F5E70CB410B5214B00291C689CB0C2
:1039100038DB4FF000034FF402721B93ADF8142014
:10392000029006901FAB18D001394FF6FF72049138
:103930000791ADF8162002A91E9A0193204602F0C5
:1039400033FA421C01DA8B232360029B00221A7097
:103950001CB0BDE8104002B070474FF6FF720491F2
:103960000791ADF8162002A91E9A0193204602F095
:103970001BFA431C01DA8B2323601CB0BDE8104006
:1039800002B070478B2323604FF0FF30F5E700BF94
:1039900000000020032A30B415D941EA0004A4072E
:1039A00084460B4604D0541E0FE0043A032A08D97B
:1039B0001946604653F8044B5CF8045BA542F4D00A
:1039C000F1E760461946541E7AB1431E01390219C7
:1039D00001E09A4209D013F8010F11F801CF6045B8
:1039E000F7D0A0EB0C0030BC7047002030BC704713
:1039F00038B5074D0022044608462A6005F05AFFF4
:103A0000431C00D038BD2B68002BFBD0236038BD91
:103A10005C0700209368013B002B936011DA10B41F
:103A20009469A34209DB0A2907D01368581C106067
:103A3000197008465DF8044B70475DF8044B00F0C0
:103A400073B91368581C106019700846704700BF9E
:103A50009BB1F8B5134406460F46541E5D1E01E0A7
:103A6000AC4208D014F8011F3A463046FFF7D2FFA7
:103A7000431CF5D1F8BD0020F8BD0020704700BF01
:103A8000936810B514461BB918460023636010BD37
:103A900002F0C8FD0023A3600023636010BD00BFD7
:103AA0002DE9F04FA1B08B4691461C46049018B109
:103AB000036A002B00F01C81BBF80C30180740F1A2
:103AC0009580DBF81030002B00F090800023CA4670
:103AD0000D9343F22003ADF839309AF80030864E4A
:103AE00007940127002B79D0D14604E019F8013F53
:103AF000002B00F08580252BF8D1B9EB0A0840F0A7
:103B0000828099F80030002B68D000234FF0FF32FC
:103B1000CDE9092309F1010908930B938DF863306E
:103B20001E9305E0089A07FA03F31A430892A14688
:103B30004C46052214F8011B304603F0B9FCA2469E
:103B4000831B0028EED1089BD90644BF20228DF8A4
:103B5000632099F800101A0744BF2B228DF86320C8
:103B60002A2966D1079A1168043200290792C0F207
:103B70009A800B9199F801102E2970D05F4C032286
:103B8000204603F095FC38B1089B001B4022824080
:103B900013430AF1010A08931AF8011B58488DF8DB
:103BA0003810062203F084FC002800F08280554B78
:103BB000002B69D007AA0092534B04985A4608A9D3
:103BC000FDF760FA0390039B013307D00D9B039A26
:103BD00013440D939AF80030002B85D1BBF80C30BC
:103BE0005B060AD40D9821B0BDE8F08F04985946C1
:103BF000FEF768FE00283FF469AF4FF0FF30F2E7B0
:103C0000B9EB0A08EAD00AF1FF35CDF81490A946BD
:103C1000049D01E0A0453ED94C465A4619F8011FC3
:103C20002846FFF7F7FE02340130A4EB0A04F1D175
:103C3000D4E7A1F13002092A88BFCA469CD80B9B61
:103C400000E00134217803EB830302EB4303A1F18D
:103C50003002092AF5D92E290B93A2468ED19AF863
:103C600001102A292FD1079B9AF802101A6809928D
:103C70000433002A0AF102000793B8BF4FF0FF3364
:103C80008246B8BF099379E7079B073323F0070300
:103C9000083307939AE70D99DDF81490414499F899
:103CA00000300D912FE7494243F002030B91089336
:103CB00060E707AA0092144B04985A4608A9FFF738
:103CC0004FFA03907FE7A1F130020023092A0993FC
:103CD0000AF1010A3FF652AF1AF8011F03EB830302
:103CE00002EB4303A1F13002092AF5D9099345E714
:103CF000FCF72EFFE0E600BF34D702083CD70208ED
:103D000040D7020885100008513A000810B4054C4D
:103D10008446134620685DF8044B0A466146FFF767
:103D2000BFBE00BF00000020F8B50D461446064691
:103D300010B1036A002B37D0A389A269A2601A07C9
:103D400019D52369BBB122686169D31AEDB29942D2
:103D50002F4620DD0133A1680139A160511C21608B
:103D6000157062699A420DD0A389DB0701D50A2D2F
:103D700008D03846F8BD21463046FEF7A3FD38B9D5
:103D80002369E0E721463046FDF76AF80028F0D0C5
:103D90004FF0FF37EDE721463046FDF761F8002888
:103DA000F6D122680123D6E7FCF7D2FEC4E700BFB4
:103DB00010B4044C03460A4620685DF8044B1946CB
:103DC000FFF7B2BF000000209FED010A704700BF5F
:103DD0000000C07F0CB410B59CB01EAB02910691E0
:103DE0006FF0004104910791084953F8042B0591A5
:103DF000002402A901931B9401F0D6FF029B1C70C2
:103E00001CB0BDE8104002B0704700BF0802FFFFC1
:103E10000EB430B59CB06FF000411FAB0491079118
:103E20000A4953F8042B029000240690084D0868B4
:103E3000019302A905951B9401F0B6FF029B1C702B
:103E40001CB0BDE8304003B0704700BF0000002048
:103E50000802FFFF704700BF704700BF70B5C6691A
:103E600005460C465EB1F368A3B153F82400E8B1EF
:103E7000026843F824200023C0E9033370BD1020FA
:103E8000FEF71CFE0646E861E8B10023C0E90033F6
:103E9000C0E9023321220421284603F025FAEB6908
:103EA000F060DB68002BE0D1002070BD012101FA39
:103EB00004F6721D9200284603F016FA0028F3D08B
:103EC000C0E90146D7E7034B034832466B21FCF7B4
:103ED000ABFB00BFC0D6020848D7020870B5C66960
:103EE00005460C464EB13CB1EB696268DB6853F89D
:103EF0002210216043F8224070BD1020FEF7DEFD45
:103F00000246E86120B1C0E90066C0E90266EAE75E
:103F1000024B03488F21FCF787FB00BFC0D6020885
:103F200048D702082DE9F0410D6907460E461C46A8
:103F300001F1140E0020DEF800108BB202FB0343E7
:103F40004FEA134C090C02FB01CC01309BB203EB8E
:103F50000C4385424EF8043B4FEA1C44EBDC3CB179
:103F6000B368AB4207DD06EB850301355C61356163
:103F70003046BDE8F081716838460131FFF76EFFC9
:103F8000804690B13269023206F10C0192000C3089
:103F9000FEF7FAFC314638464646FFF79FFF06EB30
:103FA000850301355C613561E2E7034B0348424616
:103FB000BA21FCF739FB00BF04D7020848D7020832
:103FC0002DE9F8431746284A1E4608330C46092EA9
:103FD00082FB03124FEAE3730546C3EB62033ADD4B
:103FE0004FF0010C00214FEA4C0C634501F1010137
:103FF000F9DC2846FFF732FF014670B3089B4361A6
:10400000092F4FF00103036112DC0A340927BE4275
:104010000BDDF61B264414F8013B0A22303B2846F0
:10402000FFF780FFB4420146F5D10846BDE8F883AA
:1040300004F1090804EB0709444614F8013B0A227D
:10404000303B2846FFF76EFF4C450146F5D1A7F1FE
:1040500008044444DBE70021CBE70A46034B04484D
:10406000D321FCF7E1FA00BF398EE33804D7020808
:1040700048D70208B0F5803F034636BF030400204E
:104080001020B3F1807F3CBF1B020830B3F1805F8A
:104090003CBF1B010430B3F1804F03D3002B06DB80
:1040A000013070479B0003D45B0003D4202070478D
:1040B0000230704703307047036813F0070201466F
:1040C00007D0DA071FD4980721D55B080B600120C1
:1040D000704798B2A0B11046DAB20AB908301B0A8C
:1040E0001A0704BF1B0904309A0704BF9B0802305B
:1040F000DA0703D45B0800F1010006D00B607047BB
:104100001B0C1020E8E700207047202070479B0818
:104110000B600220704700BF10B50C460121FFF76D
:104120009DFE024618B10123C0E9043410BD034BC3
:10413000034840F24511FCF777FA00BF04D70208A4
:1041400048D702082DE9F04FD1F810801569A8452D
:1041500085B00E46924605DB2A46534645468A46BA
:1041600090461E46DAF80830DAF8041005EB080429
:10417000A342B8BF0131FFF771FE8446002800F06A
:104180008B8000F1140707EB840E774505D23B4680
:10419000002243F8042B9E45FBD8143606EB880812
:1041A0000AF11409464509EB850566D2A5EB0A0319
:1041B000153B23F003030AF1150A043355452CBFC0
:1041C0009B464FF0040BCDF808E00394AE46E24660
:1041D00005E0090C2AD1B04507F104074AD956F881
:1041E000041B8DB2002DF4D0CC463C460023019632
:1041F0005CF8040B216886B28AB2000C05FB06222B
:10420000090C1A4405FB001101EB124192B242EA7B
:104210000142E64544F8042B4FEA1143E8D8019ED9
:1042200047F80B3056F8041C090CD4D03B68002228
:1042300048461D463C469446028801FB02C202EBFA
:1042400015429BB243EA024344F8043B50F8043B56
:1042500025684FEA134CABB201FB0C3303EB12435E
:1042600070454FEA134CE7D3B04547F80B3007F1E0
:104270000407B4D8DDE902E4D446002C02DC05E0F2
:10428000013C03D05EF8043D002BF9D06046CCF829
:10429000104005B0BDE8F08F034B044862464FF470
:1042A000B171FCF7C1F900BF04D7020848D7020872
:1042B0002DE9F04312F0030383B0144607462DD1D5
:1042C0000E46A4101CD0FA698AB39568002D39D027
:1042D000E3074FF0000906D4641011D0286898B1A4
:1042E0000546E307F8D531462A463846FFF72AFF48
:1042F000314680463846FFF7F1FD64104646EDD161
:10430000304603B0BDE8F0832A4629463846FFF719
:1043100019FF2860C0F800900546E2E7013B184A03
:1043200052F823200023FFF7FDFD0646C9E71020C1
:10433000FEF7C4FB0246F861E0B10023C0E9003398
:10434000C0E90233012138460192FFF787FD019A47
:10435000054640B1012340F27121C0E90431002338
:1043600090600360B4E7074B07482A4640F24511C6
:10437000FCF75AF9054B044840F2B311FCF754F925
:10438000A0BD020804D7020848D70208C0D6020818
:104390002DE9F0470D4691462B69496803EB6218F9
:1043A000AB6808F101049C4207464FEA621A04DD3B
:1043B0005B009C4201F10101FADC3846FFF74EFD3B
:1043C000064600284DD0BAF1000F00F114000EDDB2
:1043D0000AF105024FEA820C034606EB8202002135
:1043E00043F8041B9342FBD1ACF114031844296930
:1043F00005F1140319F01F0903EB810129D0C9F15C
:10440000200E84464FF0000A1A6802FA09F242EAC6
:104410000A024CF8042B53F8042B994222FA0EFAA4
:10442000F2D84B1B153B23F00303043305F11502AF
:10443000914238BF042340F803A0BAF1000F00D125
:104440004446384634612946FFF748FD3046BDE80A
:10445000F087043853F8042B40F8042F9942F9D818
:10446000EEE7034B034832464FF4EF71FCF7DCF8FC
:1044700004D7020848D702080B6984460069C01AAD
:1044800016D10CF1140C14310CEB830210B401EBB7
:10449000830301E0944508D252F8044D53F8041DFB
:1044A0008C42F7D005D24FF0FF305DF8044B7047D7
:1044B000704701205DF8044B704700BF2DE9F04FB5
:1044C00015460A692B69D21A002A83B0884640F043
:1044D000878001F1140605F1140101EB830106EB5D
:1044E000830301E09E427ED253F8044D51F8042D1F
:1044F0009442F7D075D32B46002445469846696808
:10450000FFF7ACFC8146002800F089802E69C4606A
:10451000D8F8100005F1140B08F1140E09F1140A73
:1045200005F110020EEB80000BEB860157464FF0B1
:10453000000CCDF804B05EF8044B52F8045F1FFA8B
:1045400084FBABB2A3EB0B03240C6344C4EB154414
:1045500004EB23449BB243EA0443704547F8043B11
:104560004FEA244CE7D8A0EB080208F115084045B3
:10457000A2F1150234BF0020012092080028DDF8C6
:1045800004B002F101044FEA840408BF04240BEBD9
:104590000405A942544433D92746284650F8043B21
:1045A0001CFA83FE1A0C634402EB2E429BB243EAD0
:1045B0000243814247F8043B4FEA224CEED80139CE
:1045C000491B21F003010C4423B954F8043D013E7A
:1045D000002BFAD04846C9F8106003B0BDE8F08F50
:1045E00089DA01248BE70021FFF738FC814678B196
:1045F00001220023C0E90423484603B0BDE8F08F40
:1046000000284FEA820208BF00220AEB0204DBE71F
:10461000064B07484A4640F23721FCF705F8034BA2
:1046200003484A4640F24521FBF7FEFF04D7020843
:1046300048D7020882B08DED000B164B019A13404B
:10464000A3F15073002B06DD00221946104641EC01
:10465000100B02B070475B42B3F1A07F4FEA2352C8
:1046600009DA4FF40023134100221946104641ECA9
:10467000100B02B07047A2F114031E2BDABF4FF0EB
:104680000042DA40012200231946104641EC100B8B
:1046900002B070470000F07FF8B5046900F114061D
:1046A00006EB8404271F54F8045C2846FFF7E2FC5D
:1046B000C0F120030A280B6033DDBE42A0F10B01DC
:1046C00019D254F8080C21B3C1F120078D4020FA0B
:1046D00007F215438840A4F1080145F07F538E424C
:1046E00043F4401319D254F80C1CF9400843024615
:1046F00043EC102BF8BD0B280AD005FA01F141F06C
:104700007F53002043F44013024643EC102BF8BDC6
:10471000002045F07F5343F44013024643EC102B36
:10472000F8BDC0F10B0C25FA0CF1BE4241F07F53ED
:1047300038BF54F8081C00F1150034BF21FA0CF101
:10474000002105FA00F0084343F44013024643EC0D
:10475000102BF8BD2DE9F0430E4683B0012159EC32
:10476000108B1546FFF77AFB0446002846D0C9F3A4
:104770000A57C9F313030FB143F480130193B8F13F
:10478000000313D101A8FFF797FC019B636101228D
:10479000203022610FB3A7F233470744C0F1350040
:1047A00037602860204603B0BDE8F0836846009378
:1047B000FFF782FC019BF8B10099C0F1200203FAD7
:1047C00002F2C3400A430193002B62610CBF012235
:1047D0000222A3612261002FDDD104EB8203A0F24B
:1047E000324030601869FFF745FCC0EB421028608A
:1047F000204603B0BDE8F083009AE5E7034B044888
:10480000224640F20F31FBF70FFF00BF04D702082A
:1048100048D702082DE9F04383B0884669468146AF
:10482000FFF73AFF01A9404655EC104BFFF734FF64
:10483000D8F81030D9F81020D21ADDE900315B1A0F
:1048400003EB4213002B59EC108B0DDD05EB0357E6
:104850003D4642464B462046294603F027FC41ECA4
:10486000100B03B0BDE8F083C3EB033309EB035136
:104870008946EEE7172870B506460CDD0A490B4D50
:104880000020002422462B4603F0E6FA013EF9D12F
:1048900041EC100B70BD064B03EBC003D3E90401E0
:1048A00041EC100B70BD00BF0000F03F0000244041
:1048B000A0BD02080139491101F1010C116902F191
:1048C000140303EB81018B4200EB8C0C16D210B564
:1048D000A0F1040E53F8044B4EF8044F9942F9D856
:1048E0008B1A153B23F0030304331844844504D981
:1048F000002340F8043B8445FBD810BD844505D90E
:10490000002340F8043B8445FBD87047704700BF44
:1049100003694A11934200F1140009DA00EB8303A2
:1049200002E053F8042DAAB98342FAD80020704758
:1049300000EB8203F8DD11F01F01F5D010B450F840
:10494000224024FA01F28A40944209D001205DF805
:10495000044B70470120704753F8042D002AF5D10D
:104960008342F9D800205DF8044B704738B5074DF5
:104970000022044608462A600FF014F9431C00D0B8
:1049800038BD2B68002BFBD0236038BD5C070020AE
:104990002DE9F04F2DED028B9DB088460021079246
:1049A000189100220021CDE9041283464146179157
:1049B0000F4611F8012B2D2A5ED801A050F822F0E5
:1049C000934B0008794A0008794A0008794A0008A0
:1049D000794A0008794A0008794A0008794A0008AB
:1049E000794A0008AF490008AF490008AF490008FC
:1049F000AF490008AF490008794A0008794A000821
:104A0000794A0008794A0008794A0008794A00087A
:104A1000794A0008794A0008794A0008794A00086A
:104A2000794A0008794A0008794A0008794A00085A
:104A3000794A0008794A0008794A0008794A00084A
:104A4000AF490008794A0008794A0008794A000805
:104A5000794A0008794A0008794A0008794A00082A
:104A6000794A0008794A0008794A00083B51000851
:104A7000794A00084F51000800210891302A00F0BF
:104A80009780002309932F2A144640F202854FF0A5
:104A9000000938464E464D4613E00130082D179068
:104AA000C8BF09EB89090478C6BF02EB4902A2F12D
:104AB0003009A3F130062F2C05F10105224640F301
:104AC000B88006EB8603392C02EB4303E5DDB049E1
:104AD0000122FEF78BFC00287BD1179A1346013286
:104AE00017925C78002D40F0A285302C40F09C8518
:104AF00013461846013317931C78302CF9D0C2F1B5
:104B000001031844A4F13103082B36D8179F431C26
:104B1000A4F1300E0D9301253C464FF0000A06EB40
:104B200086060EEB46060020631C17936478A4F1FA
:104B30003002092A00F2F182179C01309646002AC1
:104B4000F2D00128D8BF05F1010C40F3FB8600EB41
:104B5000050C0CF1FF3103E05E00A94200F0F28683
:104B6000082D06EB860305F10105F5DD102DDCBFF0
:104B700009EB89094FEA4909EFE7652C40F0EA8221
:104B800000230122CDE90C239A46099B034340F000
:104B9000D282079B9FED7C8B0BB1C3F80080B0EEF7
:104BA000480AF0EE680A1DB0BDEC028BBDE8F08F3C
:104BB0007A7802F0DF02582A00F02E840137179726
:104BC0003A78302AFAD0002A00F08F820123099324
:104BD00059E70020CDE90C00AA46652C36D0452CBB
:104BE00034D000230E93002D7CD1099B034340F069
:104BF0007C820C9B002BCCD1692C00F0778400F3D5
:104C00007084492C00F072844E2CC2D1614917A8DF
:104C100002F004FE0028BCD0179B1B78282B00F064
:104C200083855D4802F014FFB0EE408AF0EE608AA2
:104C30005DE257490122FEF7D9FB0028C9D1179B35
:104C40000D905A1C17925C78AA4670E7002D9CD0F4
:104C5000DDF85C8008F10103179398F801402B2CD4
:104C600000F066822D2C00F05B824FF0000CA4F166
:104C70003001092900F24C82302C179B0AD10133F4
:104C800017931C78302CFAD0A4F13102082AA8D846
:104C9000A4F130015A1C17925C782F2C40F30D843C
:104CA00096460E9308E0013217929EF801402F2C91
:104CB000A3F1300106DD964601EB8103392C04EBAC
:104CC0004303F0DD0E9BD21A082A40F3F68344F624
:104CD0001F630E93BCF1000F85D00E9B5B420E93B9
:104CE000002D82D0DDE90D23BAF1000F08BFAA46DE
:104CF0009B1A102D30460C932C46A8BF102403F0AD
:104D000031F8092D02460B46CDE9042316DD234B6D
:104D100003EBC40353E9122303F09EF8024648460E
:104D20009046894603F01EF802460B464046494627
:104D300002F0DCFE0F2DCDE9040131DC0C9B002BD1
:104D400000F039830C9B40F36882162B40F3BC8340
:104D50000C9AC5F12503934222DB104CC5F10F05D7
:104D600004EBC501DDE90423D1E9000103F074F887
:104D70000C9B5D1B04EBC504D4E9002303F06CF825
:104D800041EC180BB3E100BF000000000000000080
:104D900078D7020888D70208D0C10208B0BD02083F
:104DA0000C9B2C1B1C44002C40F3DA8114F00F00E8
:104DB0000AD03B4901EBC001DDE90423D1E9000140
:104DC00003F04AF8CDE9040134F00F034BD0B3F5FA
:104DD0009A7F00F3A083102BDFF8D8E04FEA23146A
:104DE00040F3E884DDE904234FF0000C0997F04616
:104DF000E146774614F0010F1046194607D0D8E96E
:104E0000002303F029F84FF0010C02460B46641012
:104E1000012C09F1010908F10808EBD1BE46099FF0
:104E2000BCF1000F01D0CDE90423059BA3F154731D
:104E30000EEBC9010593DDE90423D1E9000103F07C
:104E40000BF8184BCDE904010B400A4616498B427A
:104E500000F2618315498B4240F24484144C4FF0B8
:104E6000FF33CDE904340023099300962B465246C4
:104E700039465846FFF7A4F81290002800F04B83FB
:104E8000DDE90D329B1A0C9A002AA8BF00230D936E
:104E90004FF0000922EAE2731393CA46E6E000BF2E
:104EA000B0BD02080000F07F0000A07C0000907CF4
:104EB000FFFFEF7FA0BE0208D21A1F2AA4EB020454
:104EC00000F33B82012303FA02F500231093099BB0
:104ED00026444444A0451E444346A8BF2346B3424B
:104EE000A8BF3346002B03DDE41AF61AA8EB03082B
:104EF0000D9B002B00F3CA81002C00F3E0810C9B7A
:104F0000002B00F31082002E00F30282B8F1000F94
:104F100008DD514642465846FFF73AFA82460028D5
:104F200000F0FF8118993A465846FFF7C7FA8146C4
:104F3000002800F0F6810023C268C36051460E923B
:104F4000FFF79AFA0028C0F20284059E00F07C83E5
:104F500051464846FFF75EFC55EC104B00224FF0DF
:104F600080432046294603F0F3F9002800F07E81B3
:104F70000E9B002B40F0EE81049B002B40F07882CA
:104F8000C6F31303002B40F01982B14B00222046D8
:104F9000294603F0D3F9002840F04D83AD4B0022A1
:104FA0002046294602F058FF0A460146CDE9101274
:104FB00002F100430A900B93DFF8A082A64B06EAA9
:104FC00008089845DDE90A4500F0CB81099B1BB331
:104FD000B8F1D46F20D89AA3D3E90023DDE91001FA
:104FE00003F0B6F9A0B1DDE9100103F00DFA0128D4
:104FF00038BF012002F0B6FE0E9BCDE91001002B58
:1050000040F08F8201F1004314901593DDE91445BF
:1050100005F1D663A3EB0805B0EE480AF0EE680A86
:10502000FFF708FB204653EC102B294602F014FF33
:1050300053EC182B02F05AFDCDE904010C46099BF4
:1050400023B9864B2340984500F0C18118995846F2
:10505000FEF744FF39465846FEF740FF5146584692
:10506000FEF73CFF49465846FEF738FF129C58466B
:105070006168FEF7F3FE0746002800F052812269BE
:105080000232920004F10C010C30FDF77DFC9DED25
:10509000048B1AAA19A95846B0EE480AF0EE680A1D
:1050A000FFF758FB1890002800F0128101215846A4
:1050B000FFF732F88246002800F03381199B002B5D
:1050C000C0F221810D9A139E03EB0208099A1A9CE3
:1050D0009B1A2344624A013B9342C4F13604FFF613
:1050E000EBAE002310930125F1E69FED578B079A55
:1050F0000AB1179B1360089B002B3FF450AD18EECC
:10510000901A18EE102A01F1004343EC182B46E5E3
:105110000023CDF85C800E9365E501230C935CE5DC
:105120004FF0010C08F10203179398F802409EE536
:105130004FF0000CF6E700258AE500220892791C62
:1051400017917A78002A3FF424AD0F4696E40122A5
:105150000892F4E7452C3FF413AD01230C9344E58A
:105160003FF481AE644214F00F020AD03D4B03EBD2
:10517000C203DDE90401D3E9002302F097FFCDE982
:10518000040124113FF46FAE1F2C40DC14F0100317
:1051900018BF6A230993DDE90423DFF8CC804FF0C0
:1051A000000C14F0010F1046194607D0D8E900236F
:1051B00002F052FE4FF0010C02460B46641008F15B
:1051C0000808EED1BCF1000F01D0CDE90423099B02
:1051D000A3B1DDE90401C1F30A52C2F16B03002B54
:1051E0000ADD1F2B40F327830020342B049040F36B
:1051F0008E834FF05C7305936A230993DDE9040104
:105200000022002303F090F800283FF42EAE222362
:105210009FED0D8BCBF8003069E71633FFF6C0AD7C
:10522000DDE90D329A1A0F4B03EBC203DDE90401ED
:10523000D3E9002302F03AFF41EC180B57E700BF17
:105240000000C0FFFFFFDF41000000000000000081
:105250000000F03F0000E03F0000E07F0000F07F32
:1052600002FCFFFFB0BD0208F0BE0208BE4B2046A4
:105270002946002202F0F0FD0E9BCDE91001002B23
:1052800063D101F100430A900B9395E651461A460B
:105290005846FFF70DF88246002842D00146189A7A
:1052A0005846FEF74FFF00283BD00E9018995846FD
:1052B000FEF714FE0E9B1893002C7FF720AE189972
:1052C00022465846FFF764F8189000287FF417AE7E
:1052D00005469FED978B2223CBF800302946584690
:1052E000FEF7FCFD39465846FEF7F8FD5146584694
:1052F000FEF7F4FD12995846FEF7F0FD4946584670
:10530000FEF7ECFDF3E6139ADDF83480D61ADDE6FD
:10531000394632465846FFF73BF8074600287FF4E7
:10532000F5AD189DD5E73946139A5846FEF7C0FFEC
:10533000074600287FF4E7ADF3E78C4AD31A012231
:1053400002FA03F310931546C1E59DED107B8DED38
:105350000A7B31E69FED787B8DED0A7B8DED107B2E
:105360002AE6A6F154730593DDE9044545EC104B9C
:10537000FFF760F9DDE90A2351EC100B02F06CFD38
:1053800022462B4602F0B2FB794A7A4B0A409A42F7
:10539000CDE9040179D918EE902A03F154739A42A9
:1053A00003D118EE103A0133BBD0734C4FF0FF33EA
:1053B000CDE904344AE69DED048B98E69FED607BD1
:1053C0008DED0A7B9FED5C7B8DED107BF4E5DDE9D7
:1053D00010562846314603F0EFF802F00FFD024662
:1053E0000B462846314602F07FFB0E9D049EC4F317
:1053F0001304354302460B462543CDE90E2325D140
:1054000051A3D3E9002302F099FF00283FF41EAE18
:105410009DED048B189D61E70293089B019318ABE7
:105420000093564A19AB17A9584600F035FE10F004
:105430000F0504463FF459AE062D40F0A980013710
:1054400000239FED438B1797089350E642A3D3E9BF
:10545000002302F073FF0028DAD1DDE90E0140A33A
:10546000D3E9002302F088FF00283FF4EFADCFE737
:10547000049B012BA2D1002EA0D1189C22239FEDCA
:10548000348B2546CBF8003028E701F1547405949D
:10549000D5E53B4901223846FDF7A8FF002800F07A
:1054A000BA804FF000094E464846CDF834904D463C
:1054B000CDF83090CA46FFF792BB44F61F6399427D
:1054C000A8BF19460E9105E40C982E4901EBC001C6
:1054D000DDE90423D1E9000102F0BEFC41EC180B28
:1054E00005E66E2C3FF492ABFFF753BB264917A895
:1054F00002F094F900283FF44CAB179B2349013B81
:1055000017A8179302F08AF910B9179B0133179364
:105510009FED078BEBE522239FED058BCBF8003049
:10552000E5E59DED107B8DED147B6FE5AFF300801D
:10553000000000000000F07F000000000000F03FCD
:10554000000000000000F0BF9535A094FFFFCF3FA2
:1055500000000000000000009535A094FFFFDF3F31
:1055600035E5AF350000E03F0000E03FE2FBFFFF24
:105570000000F07FFFFF9F7CFFFFEF7FC8BE0208A7
:1055800078D70208B0BD02087CD7020880D702088D
:10559000189A3AB135211AA8FFF78CF9189958468C
:1055A000FEF79CFC013D199B042D00F2DE81DFE833
:1055B00005F0032C291E03001A9A049203F23342C9
:1055C0001B9B23F4801343EA02530593E20502D5A3
:1055D00043F000430593B64A1A409DED048B002A20
:1055E0007FF485ADFBF77EFC222303607FE54FF05F
:1055F000FF326FF00043CDE90423E3057FF5DBAE16
:10560000059BE5E7AA4B0593F7E7DDE91A121B9B1B
:10561000CDE90412DAE7179A1346013217925C7843
:1056200006468146FFF761BA0020FFF76BBAAA462B
:105630000D90FFF77CBA9FED9A7B8DED0A7B9FED75
:105640009A7B8DED107BB7E40E9BDDF840C0994945
:10565000A846C6F31302002B49D08A4200F0F3801B
:10566000BCF1000F37D1049B1D4237D0B0EE480A81
:10567000F0EE680AFEF7DEFF099B51EC100B002BE1
:1056800000F04D81C6F30A53C3F16B03002B07DD15
:105690001C0504F17F53002203F5401302F0DCFBEC
:1056A00002460B4651EC180B02F020FA41EC180BA5
:1056B000814B51EC180B002202F0CEFB41EC180B91
:1056C0007B4B18EE902A1340002B7FF4A3AE2223CD
:1056D000CBF800309EE61CEA060FC7D1099B002BD1
:1056E000E6D197E602F154730593FFF7BCBB002A9D
:1056F00064D1DDE90401002840F09680099B002B6D
:1057000040F0F48021F00044240D2405A4F5801419
:105710006FEA14536FEA035305934FF0FF3304937A
:105720009DED048B189DD9E5644917A81AAA02F0CB
:1057300091F805287FF475AA1B9B43F0FF4343F4BF
:10574000E00305931A9B04939DED048BCFE4DDE900
:1057500004010E9B0343C1D1C1F31303002BBDD140
:1057600021F00044240D2405B4F1D66F2546B5D9A7
:10577000D9F814301BB9D9F81030012BAEDD4946E9
:1057800001225846FEF704FE51468146FEF774FE9C
:105790000028A3DD099B002BB8D0A5F580156FEA82
:1057A00015536FEA035305934FF0FF3304939DEDB8
:1057B000048B7DE74FF00009FFF737BBBCF1000F0A
:1057C0002DD1049B1D4289D0B0EE480AF0EE680A44
:1057D000FEF730FF099B51EC100B002B72D0C6F383
:1057E0000A53C3F16B03002B07DD1C0504F17F5343
:1057F000002203F5401302F02FFB02460B4651EC4A
:10580000180B02F071F902460B4643EC182B0022EC
:10581000002302F089FD00283FF44AAF2DE61CEA80
:10582000060F3FF45BAFCFE7BCF1000FF7D1284282
:105830003FF454AFC8E74FF0FF3202FA03F3049A83
:105840001A400492D8E4099B0499B3B1184A324033
:10585000B2F1D46F11D8120DC2F16B024FF0FF30CC
:1058600000FA02F291420BD0BCF1000F7FF433AF8B
:1058700011EA080F3FF432AFF8E64FF0FF32F1E7DC
:105880000F4A964255D00A4A324002F580130593DA
:10589000002304939DED048B20E700BFAFF300804D
:1058A000000000000000E0BF000000000000E03F3A
:1058B0000000F07FFFFF0F0000005039DCBE02083F
:1058C000FFFFEF7F02460B4651EC180B02F00CF97C
:1058D000189C02460B4643EC182B00220023254659
:1058E00002F022FD00283FF4F9ACC7E5244D354015
:1058F000B5F1D66F3FF651AFB5F15C7F3FF6D8AE4C
:1059000022239FED1B8B189DCBF80030E6E4C2F1FB
:105910004B024FF0FF3393400B4005936CE402467B
:105920000B4651EC180B02F0E1F8189D41EC180BF6
:10593000D4E40131A7D122239FED0F8B189DCBF822
:105940000030CBE40D9B082D03440D9302DC65462B
:10595000FFF7E5B8BCF1100FDCBF09EB890902EBDA
:10596000490965460020FFF7DFB800232EE600BF97
:105970000000000000000000000000000000F07FB8
:105980000000F07F014BFFF703B800BF600000206C
:1059900010B4054C8446134620685DF8044B0A4653
:1059A0006146FEF7F5BF00BF0000002010B4054CB3
:1059B000054B84460A4620685DF8044B6146FEF7B5
:1059C000E7BF00BF00000020600000202DE9F0418B
:1059D000DFF8A480044613462DED028B0A46D8F862
:1059E00000002146FEF7D4FF55EC104B22462B4613
:1059F0002046294602F0CAFC50BB2046294602F048
:105A000023FD08EE100ADFED197AB0EEC87AB4EE85
:105A1000677AF1EE10FA15DD25F00047144B4FF0D0
:105A2000FF322046394602F0B1FC38B9104B4FF036
:105A3000FF322046394602F08BFC18B1D8F800300E
:105A400022221A60B0EE480ABDEC028BBDE8F0815C
:105A5000002D084804DAFEF7B7F9B1EE408AF1E705
:105A6000BDEC028BBDE8F041FEF7AEB9FFFF7F7FD2
:105A7000FFFFEF7FD0C10208000000202DE9704336
:105A80002C4E2D4B04460A462DED028B21463068E4
:105A9000FEF77EFF55EC104B22462B46204629464A
:105AA00002F074FCC0BB2046294602F0CDFC08EE93
:105AB000100ADFED227AB0EEC87AB4EE677AF1EE22
:105AC00010FA1ADD25F000491D4B4FF0FF32204639
:105AD000494602F05BFC38B9194B204649464FF065
:105AE000FF3202F035FC40B1336822221A60B0EE7A
:105AF000480ABDEC028BBDE8708318EE103A13F033
:105B0000FF4FF4D10F4B2B40002BEDD1B0EE480AE4
:105B1000BDEC028BBDE87083002D0B4804DAFEF764
:105B200053F9B1EE408AE2E7BDEC028BBDE8704369
:105B3000FEF74AB90000002060000020FFFF7F7FD1
:105B4000FFFFEF7F0000F07FD0C1020810B50C46C8
:105B5000B1F90E1001F0FCFC002803DB636D034477
:105B6000636510BDA38923F48053A38110BD00BFDA
:105B7000002070472DE9F0410C46B1F90C101F468A
:105B8000CB05054616460BD421F48051A1813B4636
:105B9000B4F90E1032462846BDE8F04101F040BF8E
:105BA000B4F90E100223002201F07CFDB4F90C10B0
:105BB000EAE700BF10B50C46B1F90E1001F072FD16
:105BC000B4F90C30421C0EBF23F4805343F48053CD
:105BD0006065A38110BD00BFB1F90E1001F072BB6A
:105BE0002DE9F0478F681D46AF420B680C461646FC
:105BF00036D8B1F90CC01CF4906F0ED13D46184652
:105C000031462A46FCF7BCFDA368DF1B2368A7606A
:105C10002B4400202360BDE8F0874A69096902EB44
:105C200042025F1A02EBD2726B1C52103B44934249
:105C300092BF914699461A461CF4806F804611D057
:105C40001146FBF7D1FC824600B321693A46FCF7C6
:105C50009BFEA38923F4906343F08003A38105E0B6
:105C60002F46CCE701F08AFC824658B10AEB0703C5
:105C7000A9EB0707A760C4F810A0C4F8149023602C
:105C80002F46BCE721694046FCF71CFDA3890C2286
:105C900043F04003C8F800204FF0FF30A381BAE77B
:105CA0002DE9F04F9368176883B09246002B74D0AB
:105CB0004FF0000B8B680A6881460C465D4645E054
:105CC000B4F90C3013F4906F2CD0D4E90401161AF7
:105CD00001EB410202EBD272711C52102944914235
:105CE00092BF904688460A465B0539D5114648461C
:105CF000FBF77AFC019000283DD032462169FCF781
:105D000043FEA289019B22F4906242F08002A281AC
:105D10009819A8EB0606A660C4F8148023612060D9
:105D2000A8462E4632465946FCF72AFDDAF80810F6
:105D3000A3682268A3EB08033244491BA3602260D6
:105D4000CAF8081049B3D7E900B508379846104695
:105D5000002DF8D09D421E46B2D2A8462E46E1E75D
:105D60000146484601F00AFC03460028D0D12169CB
:105D70004846FCF7A7FCA3890C2243F04003C9F86E
:105D800000204FF0FF30A38100220023CAF8082032
:105D9000CAF8043003B0BDE8F08F00200023CAF831
:105DA000043003B0BDE8F08F2DE9F04F1C468B891D
:105DB0001D069DB088468146934603D50B69002B8E
:105DC00000F0F1800023099343F22003ADF829305D
:105DD0009BF800307D4D03940126002B73D0DA46EA
:105DE00003E01AF8013F002B75D0252BF9D1BAEB4F
:105DF0000B0473D19AF80020002A64D000234FF0DE
:105E0000FF32CDE905230AF1010A049307938DF8C7
:105E100053301A9305E0049A06FA03F31A430492E6
:105E2000A2465446052214F8011B284601F040FB07
:105E3000A346431B0028EED1049BD80644BF202272
:105E40008DF8532019079AF8001044BF2B228DF8C3
:105E500053202A2950D1039A116804320029039251
:105E60007CDB07919AF801102E295BD0584C032255
:105E7000204601F01DFB38B1049B001B40228240EC
:105E800013430BF1010B04931BF8011B51488DF8D0
:105E90002810062201F00CFB002865D04E4B002B89
:105EA00055D003AA00924D4B424604A94846FBF741
:105EB000E9F807467A1C06D0099B3B4409939BF8F6
:105EC0000030002B8BD1B8F80C305B067AD40998DF
:105ED0001DB0BDE8F08FBAEB0B04F4D023465A4650
:105EE00041464846FFF77CFE0130ECD0099B9AF80A
:105EF0000020234409937FE7A1F13002092A88BFDB
:105F0000D346B1D8079B00E00134217803EB83032B
:105F100002EB4303A1F13002092AF5D92E29079398
:105F2000A346A3D19BF801102A2927D1039B9BF8F4
:105F300002101A6805920433002A0BF10200039341
:105F4000B8BF4FF0FF338346B8BF05938EE7039B7E
:105F5000073323F0070308330393ADE7494243F0C7
:105F60000203079104937DE703AA00921B4B42466C
:105F700004A94846FDF7F4F807469BE7A1F1300273
:105F80000023092A05930BF1010B3FF66FAF1BF8B5
:105F9000011F03EB830302EB4303A1F13002092A43
:105FA000F5D9059362E74021FBF71EFBC8F8000016
:105FB000C8F8100018B14023C8F8143002E70C23C9
:105FC000C9F800304FF0FF3082E700BF34D7020835
:105FD0003CD7020840D7020885100008E15B0008A2
:105FE000F03070470048704750010020004870476B
:105FF000500100202DE9F0410469B4EB611F05DC7C
:106000000023036100234361BDE8F08100F1140522
:106010004E1111F01F0C05EB840E05EB860321D009
:1060200055F8261004339E4521FA0CF1CCF12008D6
:106030002DD92F461A6802FA08F20A4347F8042BB2
:1060400053F8041B9E4521FA0CF1F3D8A31B9B00C7
:10605000053B9B08013305EB830445F8231079B118
:1060600004340DE09E4588BF00F11002C8D953F8F2
:10607000041B42F8041F9E45F9D8A41B05EB8404B9
:10608000631B9B10AC420361BCD0BDE8F081416151
:106090000029B5D02C46E3E72DE9F04F0F6885B015
:1060A000CDE90020BA780393302A894640F0EC818C
:1060B000FB1C1A78302A1C4603F10103F9D0E71BB8
:1060C000023FDFF8008318F80230002B00F0EE806A
:1060D000237818F803304FF0000A5546002B00F0E3
:1060E0006D81264616F8013F18F80330002BF9D1D0
:1060F000B34901223046FDF779F9834600284CD098
:106100003278002D00F0A181AB1B4FEA830B02F027
:10611000DF02502A35464CD0C9F80060BAF1000FB2
:1061200074D12A1B013A072A514604DD5210072A6E
:1061300001F10101FADC0198FDF790FE824600288A
:1061400000F05F8200F11406A542029666D900278E
:10615000B9460DE0202F1AD03A4604372B7818F8AC
:10616000033003F00F03934049EA0309A54258D0D6
:1061700015F8013D2E2BEDD1A542EBD3904901221C
:106180002846FDF733F90028F0D0202FE4D1002273
:1061900046F8049B04279146E0E7002D00F0658156
:1061A000327802F0DF02AB1B502A4FEA830B3546F0
:1061B000B2D16A782B2A00F046812D2A40F0D38094
:1061C0000120AA7818F802104A1E182A05F10206C2
:1061D00000F2D380727818F80220103901365AB9CB
:1061E0000CE001EB810116F8013F02EB4102A2F144
:1061F000100118F803200AB1192AF2DD00B1494252
:106200008B44C9F80060BAF1000F8AD0002F0CBF90
:1062100006250025284605B0BDE8F08F029E4FF008
:10622000000946F8049B029BF61AB610CAF81060E3
:106230004846FDF71FFF009B76011C68361AA642F0
:1062400074DCC0F204810027009B9A685A45C0F2B2
:106250003B81009B5A685A454BDDA2EB0B0B5C451A
:1062600000F38D80DB68022B00F0DD80032B00F053
:106270004A81012B40F0DB805C4540F0D880012C46
:1062800008D0611E5046FEF743FB002800F0CF8087
:10629000009B5A6803990A60029A0123CAF81030D9
:1062A00013600E9B6225C3F800A0B3E744490122A6
:1062B0002046FDF79BF88246002840F085806378F1
:1062C00018F80320651C002A00F08080302B2C4633
:1062D00040F0248114F8013F302BFBD018F8033034
:1062E000B3FA83FA01274FEA5A1A002B7FF4F9AE6A
:1062F00064E0012587B1009BDA68022A6ED0032A88
:1063000070D0012A06D1B90704D5029B1A68174339
:10631000FA076AD445F010050E9BC3F800A0039B52
:106320002846C3F800B005B0BDE8F08F361B3146F3
:106330005046FEF7EDFA074678B1711E4A11029BEE
:10634000012753F8220001F01F0207FA02F202426D
:1063500003D0B94200F3C980022731465046FFF707
:1063600049FEB34470E718F802104A1E182A05F1D6
:1063700001064FF000007FF62DAF2E46CCE60BF164
:10638000FF36002F40F0A980002E40F0A880731146
:10639000029A06F01F0652F823200123B34013424D
:1063A0005946504618BF47F00207FFF723FE009BEF
:1063B000A4EB0B040225D3F804B09BE7264697E62E
:1063C00078D7020818BF02082378254603F0DF03B8
:1063D000502B00F09380C9F8005017E70F9BC3F1D2
:1063E00001030F930F9B002B94D0DAF81070029AE0
:1063F0004FEA8709904602EB8706002003E09642A9
:1064000042F8040C43D9944652F8041B4B1CF6D0B6
:106410000131022DCCF8001079D014F01F0440F0A7
:10642000A580212578E70F9B002B3FF433AF01981F
:106430005146FDF753FD50250E9A00232846136060
:1064400005B0BDE8F08F0020BBE6AB465FE6A61BBB
:10645000514601983246FDF79BFF00F11403ABEB68
:10646000060B824602930027EEE6727818F80210B7
:10647000751C2E4600293FF44AAE16F8012F18F875
:106480000230002BF9D13FE6BC1C002719E6DAF8F0
:106490000820974244DA0AEB87017A1C0120022D7A
:1064A000CAF81020DDF80880486130D0002A6ADC84
:1064B0000022CAF810200022CAF81420009B9A6813
:1064C0000BF1010B5A45ACDA01985146FDF706FD78
:1064D0000E9A0023A32513609CE6012757E7314657
:1064E0005046FEF715FA074651E7B11E5046FEF733
:1064F0000FFA00283FF430AF03272EE74FF0000BD0
:106500004FF0010A55E60F9B002B90D0C2E6009B8E
:106510001A68013AA24260D02225FDE60127E0E593
:10652000DAF8041001980131FDF798FC06460028BE
:106530006DD0DAF81020023292000AF10C010C3012
:10654000FCF722FA51460198FDF7C8FC3269012098
:1065500006EB8201022D0244326106F11408486103
:10656000B246D4D09742BFF658AF9FE7C144C4F1BA
:10657000200459F8040CFDF77DFDA042BFF651AF91
:10658000DAF8102092E708EB82040AF11800DAF832
:10659000142084424FEA52022BD94546036842EA4E
:1065A000C37245F8042B50F8042B84424FEA520280
:1065B000F4D8A4EB0A0119398908013148F82120DF
:1065C00008EB810102B10431A1EB080292104145B0
:1065D000CAF810207FF472AF6DE7621104F01F0457
:1065E00058F822100122A2400A4214BF2125222578
:1065F00092E6C8F800200AB14146E4E7CAF8102044
:1066000059E7064B06485246E421FAF70DF8034BCA
:10661000034832468421FAF707F800BF04D702087E
:106620008CD702089368002B00F0F8802DE9F04F1A
:10663000B1F90CC01CF0080F83B0904681460C469F
:1066400031D00B697BB31CF00207D8F8006038D05A
:106650000027D4F828B0216ADFF8C4A23D4655458A
:106660002B463A4628BF53464846C5B1D84700286E
:1066700040F3CA80D8F808301B1A07442D1AC8F80E
:106680000830002B00F0B68055452B46D4F828B0D2
:10669000216A28BF53463A464846002DE6D1D6E93E
:1066A00000750836DBE721464846FCF70BF9002861
:1066B00040F0AF80B4F90CC0D8F800601CF00207BD
:1066C000C6D11CF0010A63D12368A1685746184659
:1066D0008B46002F58D01CF4007F00F0B580B942E3
:1066E0000A4600F2E1801CF4906F2FD021696269A4
:1066F0005D1A02EB420202EBD2726B1C52103B4459
:10670000934292BF93469B461A461CF4806F00F05A
:10671000EA8011464846FAF767FF002800F0F98042
:106720002A4621690090FCF72FF9A289009B22F4E8
:10673000906242F08002A2815819ABEB0505C4F8C3
:1067400014B02361A5602060BB463A4651460092D2
:10675000FCF716F8A1682368009AA1EB0B011A4414
:106760003D46A16022600027D8F808305B1BAA4490
:10677000C8F80830002B3DD02368A168B4F90CC0DC
:1067800018468B46002FA6D1D6E900A708369EE70B
:106790003846BB463D460097002D41D0002846D0E4
:1067A000009A2068A168D4E90473AA4228BF2A4647
:1067B000B84204D901EB030A524500F385809342A5
:1067C00075DC216AA76A5A464846B847B0F1000A04
:1067D0001ADD009BB3EB0A0300930FD00120D8F819
:1067E0000830A3EB0A03D344A5EB0A05C8F8083028
:1067F000002BD1D1002003B0BDE8F08F21464846E0
:10680000FAF72EFB0028EAD0B4F90C3043F040032D
:10681000A3814FF0FF3003B0BDE8F08F0020704738
:10682000756833460836002DFAD0D3F800B02A46F2
:106830000A21584600F03CFE002867D00130A0EB4A
:106840000B0300931A46ACE722699A4214D362699B
:10685000BA4211D86FF00043BB4228BF3B46A56A3D
:1068600093FBF2F3216A02FB03F348465246A84722
:10687000051EC9DD7F1B77E7B94228BF39460D46A3
:1068800018460A465146FBF77BFFA1682368491B5F
:106890002B44A16023600029ECD121464846FAF739
:1068A000DFFA0028E6D0AFE7BB463A464EE7594646
:1068B0000192FBF765FF019AA3689B1AA360236806
:1068C00013442360924684E759465246FBF758FF2B
:1068D00023685344236021464846FAF7C1FA00284A
:1068E0003FF477AF90E7484600F048FE03460028A3
:1068F0007FF422AF21694846FBF7E4FEB4F90C307F
:106900000C22C9F8002023F080037FE76A1C009264
:1069100047E70C22B4F90C30C9F8002076E700BF35
:1069200000FCFF7F38B54B1C1AD09389144623F026
:1069300020035268A381636BCDB2A3B1A36B9342D2
:1069400009DD23685A1E226003F8015C6368013385
:106950006360284638BD214600F0BAFE0028F0D01A
:106960004FF0FF35F5E7236921682BB18B4203D245
:1069700011F8013CAB420ED02346C4E90F1204F1DA
:10698000440003226063A26303F8465F0122C4E966
:106990000032284638BD01390132C4E90012D8E777
:1069A00010B50C46496B69B104F14403994201D01A
:1069B000FBF788FE236C63600020606313B1E36B18
:1069C000236010BDA2892369002142F0200261608A
:1069D000A2814FF0FF30F3E72DE9F047ADF5247DBC
:1069E00092F8009001930023CDE94533864BA193A3
:1069F0000DF10808854BA293CDF81C81B9F1000F69
:106A000014D0834F17F80930924613F00803064656
:106A10000C460AF101052ED1B9F1250F45D0636866
:106A2000002B08DD23681A784A450FD045980DF5EC
:106A3000247DBDE8F087A29B214630469847002878
:106A400040F00B8123681A784A45EFD10133236067
:106A50006368013B6360469B0133AA4646939AF8FC
:106A60000090B9F1000FE1D017F8093013F00803D6
:106A70000AF10105D0D062680DE023681A78BA5C8B
:106A8000110703F101030ED562684699013AC4E982
:106A9000003201314691002A21463046EDDCA29BAE
:106AA00098470028E9D0AA46D9E7449342939AF838
:106AB00001102A2905D1102342939AF802100AF1F5
:106AC0000205A1F13003092B0DD8002303EB83034A
:106AD00001EB4301A1F13003449315F8011FA1F12B
:106AE0003002092AF2D9DFF82CA10322504600F027
:106AF000DFFC38B1429AA0EB0A0001238340134324
:106B000001354293AA461AF8013B782B00F28480A3
:106B1000DFE813F0A9008200820082008200820078
:106B20008200820082008200820082008200820055
:106B30008200820082008200820082008200820045
:106B40008200820082008200820082008200820035
:106B50008200820082008200820082008200110195
:106B60008200820082008200820082008200820015
:106B70008200820082008200820082008200820005
:106B800082008200820082008200820082008200F5
:106B90008200820082008200820082008200C700A0
:106BA000C700C7008200820082008200820082004B
:106BB00082008200820082008200820082008200C5
:106BC00082008200CA0082008200FC0082008200F3
:106BD000820082008200820082000701DE00C7007E
:106BE000C700C70082000E0182008200820082007E
:106BF000E000EE00F20082008200F9008200DE0078
:106C000082008200CA0000BF25690008A16900084F
:106C10009DBC02083CD70208032348930A234393F0
:106C20006368002B4DDD429B580624D5489B022B00
:106C300040F38380042B40F38780474B002B3FF4C5
:106C40000EAF01AB224642A93046FBF747FF0128B1
:106C50003FF4ECAE02287FF402AF459818B1A38947
:106C60005B067FF5E4AE4FF0FF30E0E6A29B3046D6
:106C700098470028F1D122681378FB5C1907D5D515
:106C800063684699013B481C002B2146469063608F
:106C900002F10102EADD22601378FB5C1907C5D519
:106CA000EEE705234893BBE7429A42F40072429212
:106CB00010226E2B43921DD8032348936368002B48
:106CC000B1DCA29B2146304698470028ABD0C4E7F0
:106CD0000A22EEE7429BDA063FF5C1AE019A4699D9
:106CE000101D0190DB0713684CBF19801960B6E6D0
:106CF000082343930423E0E7429B43F40873429341
:106D000010234393F6E70223489389E75146404610
:106D100000F07CFC429B43F04003429382460123F7
:106D2000CBE7429B43F0400342930023489377E72D
:106D300000234393C0E7554671E601AB224642A9C2
:106D4000304600F03BF982E701AB224642A93046CB
:106D500000F09CF97BE700BFDD2A000838B5C46B62
:106D60000CB1002038BD80210546FAF73DFC0246F3
:106D7000E86330B1031F7C3243F8044F9342FBD1E8
:106D8000EFE74FF0FF3038BD30B51F2983B005461F
:106D900008D8C36B0C4653B153F8240043F82420A1
:106DA00003B030BD162303604FF0FF30F8E78021B9
:106DB0000192FAF719FC019AE86303460028F3D020
:106DC000011F00F17C05002041F8040FA942FBD10E
:106DD000E2E700BF1F2938B505461ED8C26B0C4636
:106DE0006AB152F8213053B1012B06D0591C10D092
:106DF000002142F8241020469847002038BD28463C
:106E000000F04CFE224601462846BDE8384000F01E
:106E10002FBE16230360012038BD162303604FF0F8
:106E2000FF3038BD1F292AD838B5C36B0C4605463C
:106E3000A3B153F8242003EB84034AB1511C0BD0B7
:106E4000012A07D0002520461D609047284638BDFE
:106E5000012038BD032038BD022038BD8021FAF75B
:106E6000C3FB0346E86338B1021F00217C3042F8BF
:106E7000041F8242FBD1DCE74FF0FF3038BD4FF0FA
:106E8000FF30704738B5134B1F281D681DD8EA6BBB
:106E9000044662B152F820304BB1012B05D0591C89
:106EA0000FD0002142F820109847002038BD284616
:106EB00000F0F4FD224601462846BDE8384000F0C7
:106EC000D7BD16232B60012038BD16232B604FF051
:106ED000FF3038BD00000020114B1F2870B51E6820
:106EE00008D8F36B04460D464BB153F8240043F821
:106EF000245070BD162333604FF0FF3070BD8021E9
:106F00003046FAF771FB0346F0630028F4D0021F05
:106F100000217C3042F8041F8242FBD1E5E700BF2C
:106F20000000002038B50B4B1D68EC6B0CB1002045
:106F300038BD80212846FAF757FBE86338B1031FB4
:106F400000F17C0243F8044F9342FBD1EFE74FF08E
:106F5000FF3038BD0000002038B5174B1F281D68D2
:106F600026D80446E86BA0B150F8243000EB84002A
:106F70004BB15A1C0BD0012B07D0002505602046D1
:106F80009847284638BD012038BD032038BD02206F
:106F900038BD80212846FAF727FBE86340B1031F7C
:106FA00000F17C01002243F8042F8B42FBD1DBE788
:106FB0004FF0FF3038BD00BF000000202DE9F8433E
:106FC0000D461446AA68896907462AB9002914BFE4
:106FD0004FF0FF320122AA602A68D00603D41A6853
:106FE000101D18601668DFF8A0804FF0000901B38B
:106FF000012937D002293BD123681A7818F80220DA
:10700000120735D42A68D10609F1010903D41B7887
:1070100006F8013B23686168AA6801390133013A27
:10702000C4E90031AA606AB1002904DDA969002918
:10703000DED12368E6E7D5F8803121463846984707
:107040000028F3D02B6813F0100305D1EA68013251
:10705000EA60AA6902B133702B694B4400202B61AE
:10706000BDE8F88323686A691878125C002AC9D1E0
:10707000B9F1000FE6D101290846F1D02B6813F0D1
:107080001003E9D1E2E700BF9DBC02082DE9F04FF3
:1070900087B00C46074615468648874A00938B689A
:1070A0008969864E032908BF1046019096E80700BB
:1070B00003F1FF3C0DF10C0ABCF5AE7F8AE8070036
:1070C00040F2B0806FF4AE7103EB010940F25D1342
:1070D000A360A0464FF0000B58F81C2B42F45062FE
:1070E000226046462B68DAF800001978022200F088
:1070F000DFF950B3BBF1010F0CD0BBF1020F00F070
:10710000B280A3685A1EA260A3B94FF0010B0AF126
:10711000040AE7E7D4E900321AB9082243F40073FD
:10712000626023F4A0632360A3685A1EA260002B50
:1071300000F08A802B685A1C2A601B7806F8013BF5
:107140006B68013B002B6B6073DD0BF1010BBBF136
:10715000030FDCD16168002967D0C1F11001584BE1
:107160006069194400F052FAA368002B00F09F8078
:107170004FF0000A06E02B6801332B60A368013B47
:10718000A36003B3D5F800E062699EF800C012F86E
:107190000C1022683046B9B1BCF1300F22F41061F6
:1071A00055D021609EF8003000F8013B06466B6820
:1071B000013B002B294638466B60DCDCD4F880317B
:1071C00098470028DAD02268D1050CD5464507D962
:1071D00016F8011CD4F87C312A463846013E9847FF
:1071E000464562D0226812F0100211D132706368F5
:1071F000019D38464146A84723689A0646D500991E
:107200000B681A1D0A601B681860E3680133E360AD
:107210002369A6EB0806564433442361002007B0D7
:10722000BDE8F08F4FF0000953E70A2363600621A1
:1072300095E7D4F88031294638469847002884D00D
:1072400022684FF0000ABFE74FF0020B5FE712051C
:10725000A7D501330AF1010AB9F1000FA7D0A36045
:1072600009F1FF39A3E7236803F4C062B2F5007F98
:107270007FF470AF43F480732360A36810226260D0
:107280005A1EA260002B3FF465AF53E7009D2A68A9
:10729000DF0702F1040103D5296013681880B4E701
:1072A000009B196013681860AFE70120B7E79A46A2
:1072B00089E700BFA90700084974000818C0020840
:1072C000C0D7020838B5074D0022044608462A6098
:1072D00002F0D8FA431C00D038BD2B68002BFBD03D
:1072E000236038BD5C07002070B5A1FB025454B97F
:1072F0002946FAF779F9064618B12A462146F9F7E0
:10730000CBFC304670BD0C2202600026F9E700BFBE
:10731000242B2DE9F84F43D8012B41D08046494812
:107320001F468E4675461EF801BB10F80B4014F040
:107330000804F7D1BBF12D0F6FD0BBF12B0F08BFA5
:107340009EF800B06FF0004908BF05F1020E73BB54
:10735000BBF1300F4BD00A273B460025B9FBF7F6AF
:10736000284607FB169A05E03AD007FB00C0012526
:107370001EF801BBABF1300CBCF1090F06D9ABF123
:10738000410CBCF1190F19D8ABF1370C63451EDD68
:10739000B5F1FF3FECD08642E6D24FF0FF35E7E78C
:1073A000F9F7A0FD162303600020BDE8F88F102B2D
:1073B000D3D1BBF1300F23D01F46CEE7ABF1610C28
:1073C000BCF1190F03D8ABF1570C6345E0DC6B1C23
:1073D0002BD054B9002AE8D085BB1160BDE8F88FE6
:1073E000E245C2DA4FF0FF35C2E74042F2E79EF8CD
:1073F000003003F0DF03582B08D008273B46ACE7EA
:107400009EF8000000F0DF005828D5D110279EF824
:1074100001B03B460EF1020E9FE79EF800B04FF020
:10742000004905F1020E012491E72223C8F800303B
:1074300032B10EF1FF3148461160CFE78146F8E7DF
:107440004846B2E79DBC020862E700BF10B4044C96
:107450008446134620685DF8044B0A46614657E7A8
:107460000000002010B4044C8446134620685DF8E8
:10747000044B0A4661464BE70000002010B4034C61
:10748000D4F8E040A4465DF8044B6047600000205B
:1074900049B1FF2A02D80A70012070478A2303608D
:1074A0004FF0FF3070470846704700BF00000000F3
:1074B00001F0FF01102A2BDB10F0070F08D010F8A5
:1074C000013B013A8B422DD010F0070F42B3F6D1A9
:1074D000F0B441EA012141EA014122F007047FF0C2
:1074E00000070023F0E80256083C85EA010586EA19
:1074F000010685FA47F5A3FA87F586FA47F6A5FA55
:1075000087F68EB9EED1F0BC01F0FF0102F0070260
:1075100032B110F8013B013A83EA010313B1F8D10B
:107520000020704701387047002D06BF35460338EC
:10753000073815F0010F07D1013015F4807F02BF25
:10754000013015F4C03F0130F0BC0138704700BF76
:1075500038B50C46084D8446114620461A4600238D
:107560002B60644602F0BEF9431C00D038BD2B6886
:10757000002BFBD0236038BD5C0700202DE9F041D3
:10758000144641B30AB306460D4600F069FA844238
:10759000074602D8B4EB500F13D821463046FAF70D
:1075A00023F8804650B1BC422246294628BF3A46BD
:1075B000FBF7EAF929463046FBF784F84046BDE878
:1075C000F081A8464046BDE8F081A046FBF77AF876
:1075D0004046BDE8F081BDE8F0411146FAF704B835
:1075E00070B50C46084D03460026204611461C4641
:1075F0002E6002F04FF9431C00D070BD2B68002BA9
:10760000FBD0236070BD00BF5C07002070B50C7814
:107610005E2C864624D00023481C9C46002263F33F
:10762000070263F30F2263F3174263F31F620EF541
:107630008071734643F8042B8B42FBD174B18CF0FC
:1076400001010EF80410451C15F8013C2D2B0ED03D
:107650005D2B0AD01BB11C462846F2E7013870BDED
:1076600001234C78881C9C46D8E7284670BD90F8CA
:1076700001C0BCF15D0FEED06445ECDC661C02304D
:107680000EEB060202F8011BA2EB0E03013B9C4528
:10769000F8DCACEB0403013B6445A8BF00230235D2
:1076A000F418D1E738B50C46084D844611462046FB
:1076B0001A4600232B60644602F00CF9431C00D0EC
:1076C00038BD2B68002BFBD0236038BD5C07002041
:1076D00001F144032DE9F0410C46496B994214D065
:1076E000A66B77003A46FFF749FF054630B300EB3B
:1076F0000608014632464046FBF746F9C4E90D57F5
:10770000C4F800800020BDE8F0814FF48061F9F7F3
:107710006BFF98B194F846304FF48062C4E90D02D3
:1077200080F8FF3394F8453080F8FE3394F8442015
:1077300080F8FD2300F2FD332360E3E74FF0FF30D4
:10774000E1E700BF70B54C1C2BD00E460546144631
:1077500010B1036A002B4CD0B4F90C3023F0200296
:107760005807A28106D4D9061BD51B0734D442F092
:107770000402A281626B6368F6B2AAB1A26B9A425C
:1077800009DD23685A1E226003F8016C6368013327
:107790006360304670BD21462846FFF799FF0028F8
:1077A000EFD04FF0FF36F4E7226921682AB18A4210
:1077B00003D211F8012CB2421ED02246C4E90F13A5
:1077C00004F1440003236063A36302F8466F0123BE
:1077D000C4E90023304670BD21462846F9F740FB36
:1077E0000028DED1B4F90C20A06022F00802A061CC
:1077F000BDE7F9F7ADF9AFE701390133C4E900138B
:10780000C7E700BF10B4044C03460A4620685DF881
:10781000044B1946FFF796BF0000002010B404681F
:10782000013409E014F8013BA3F1410CBCF1190F3C
:1078300098BF2033934208D111F8012B002AF1D1CF
:10784000046001205DF8044B704700205DF8044B94
:10785000704700BF09682DE9F04F4B1102EB83031D
:1078600011F01F0B07460CBF1846181D3C680CBFD3
:107870001D1F1D46002340F8043C617885B001348B
:10788000002900F0A8809E469A461E460B460146F7
:107890001046DFF8889101975A46A846AC468346C1
:1078A00010E0202B00F28F80564508DDE04502D91C
:1078B000BEF1070F5FDDE34554D34FF0080E14F817
:1078C000013FB3B119F80370002FEAD00EF1010E99
:1078D000BEF1080F06F101063ADCDCF800301B01AE
:1078E00007F00F071F43CCF8007014F8013F002B7E
:1078F000E8D15B46084693461A46002E6BD0C44535
:1079000002D2BEF1070F73DD62454DD2111F6346EF
:1079100053F8044B41F8044FAB42F9D9A5EB0C03E3
:1079200023F00303691C04330CF1010C8C4588BF60
:1079300004231344002143F8041BAB42FBD950F845
:10794000043C002B4DD1AA4249D055F8043DF8E73C
:10795000E345B4D200234CF8043C4FF0010EACF1E7
:10796000040CBDE70023ACF104084CF8043CB2461B
:10797000C4469E46A3E7CEF108008000CDE9022C64
:10798000DCF800306746C0F1200E8446786800FAC3
:107990000EF21A4320FA0CF33A6047F8043FB84558
:1079A000F4D8DDE9022C86E750F8043CBBF1000F67
:1079B000C7D0CBF1200B4FF0FF3121FA0BF10B4078
:1079C00040F8043CBDE70846194629295B46019F5B
:1079D00093461A4609D0042005B0BDE8F08F012374
:1079E0002B60052005B0BDE8F08F01343C6084E7D2
:1079F000CEF10803DCF800109B00C3F1200E6646B0
:107A00000C46776807FA0EF1214327FA03F4316038
:107A100046F8044FB045F4D876E700BF18BF020817
:107A200038B50C46084D8446114620461A460023B8
:107A30002B60644614F0ACFF431C00D038BD2B68AB
:107A4000002BFBD0236038BD5C0700200000000045
:107A50009FED010B704700BF000000000000F87FA1
:107A600051F8043C181F002BBCBF0B58C0187047BE
:107A700070B50C46084D03460026204611461C46AC
:107A80002E6001F01FFF431C00D070BD2B68002B3F
:107A9000FBD0236070BD00BF5C07002001F002BF77
:107AA00010B4034CD4F8E440A4465DF8044B60479E
:107AB0006000002082B049B15AB16BB113780B60FD
:107AC0001278101E18BF012002B0704701A9002AC9
:107AD000F3D1104602B070476FF00100F4E700BF29
:107AE00081F0004102E000BF83F0004330B54FEA6F
:107AF00041044FEA430594EA050F08BF90EA020FDC
:107B00001FBF54EA000C55EA020C7FEA645C7FEA6E
:107B1000655C00F0E2804FEA5454D4EB5555B8BF91
:107B20006D420CDD2C4480EA020281EA030382EA02
:107B3000000083EA010180EA020281EA0303362D94
:107B400088BF30BD11F0004F4FEA01314FF4801C67
:107B50004CEA113102D0404261EB410113F0004F79
:107B60004FEA03334CEA133302D0524263EB430330
:107B700094EA050F00F0A780A4F10104D5F1200ECE
:107B80000DDB02FA0EFC22FA05F2801841F1000129
:107B900003FA0EF2801843FA05F359410EE0A5F1FD
:107BA00020050EF1200E012A03FA0EFC28BF4CF02E
:107BB000020C43FA05F3C01851EBE37101F00045E4
:107BC00007D54FF0000EDCF1000C7EEB00006EEBF1
:107BD0000101B1F5801F1BD3B1F5001F0CD349087B
:107BE0005FEA30004FEA3C0C04F101044FEA4452D2
:107BF00012F5800F80F09A80BCF1004F08BF5FEA59
:107C0000500C50F1000041EB045141EA050130BD38
:107C10005FEA4C0C404141EB0101013C28BFB1F54A
:107C2000801FE9D291F0000F04BF01460020B1FA95
:107C300081F308BF2033A3F10B03B3F120020CDA68
:107C40000C3208DD02F1140CC2F10C0201FA0CF046
:107C500021FA02F10CE002F11402D8BFC2F1200CAB
:107C600001FA02F120FA0CFCDCBF41EA0C01904061
:107C7000E41AA2BF01EB0451294330BD6FEA0404AA
:107C80001F3C1CDA0C340EDC04F11404C4F1200295
:107C900020FA04F001FA02F340EA030021FA04F3A7
:107CA00045EA030130BDC4F10C04C4F1200220FAFE
:107CB00002F001FA04F340EA0300294630BD21FA3C
:107CC00004F0294630BD94F0000F83F4801306BF02
:107CD00081F480110134013D4EE77FEA645C18BFF6
:107CE0007FEA655C29D094EA050F08BF90EA020F8D
:107CF00005D054EA000C04BF1946104630BD91EA85
:107D0000030F1EBF0021002030BD5FEA545C05D187
:107D10004000494128BF41F0004130BD14F58004C6
:107D20003CBF01F5801130BD01F0004545F0FE413A
:107D300041F470014FF0000030BD7FEA645C1ABF6F
:107D4000194610467FEA655C1CBF0B46024650EAA6
:107D5000013406BF52EA033591EA030F41F40021D2
:107D600030BD00BF90F0000F04BF0021704730B558
:107D70004FF4806404F132044FF000054FF000012D
:107D800050E700BF90F0000F04BF0021704730B5EE
:107D90004FF4806404F1320410F0004548BF4042C3
:107DA0004FF000013EE700BF42004FEAE2014FEA18
:107DB00031014FEA02701FBF12F07F4393F07F4FF3
:107DC00081F06051704732F07F4208BF704793F0F6
:107DD0007F4F04BF41F40021704730B54FF4607409
:107DE00001F0004521F000411CE700BF50EA01020C
:107DF00008BF704730B54FF000050AE050EA0102B5
:107E000008BF704730B511F0004502D5404261EB24
:107E100041014FF4806404F132045FEA915C3FF465
:107E2000D8AE4FF003025FEADC0C18BF03325FEA02
:107E3000DC0C18BF033202EBDC02C2F1200300FAB3
:107E400003FC20FA02F001FA03FE40EA0E0021FAD8
:107E500002F11444BDE600BF70B54FF0FF0C4CF4C6
:107E6000E06C1CEA11541DBF1CEA135594EA0C0F78
:107E700095EA0C0F00F0DEF82C4481EA030621EAB3
:107E80004C5123EA4C5350EA013518BF52EA0335EE
:107E900041F4801143F4801338D0A0FB02CE4FF0A0
:107EA0000005E1FB02E506F00042E0FB03E54FF0D0
:107EB0000006E1FB03569CF0000F18BF4EF0010EC8
:107EC000A4F1FF04B6F5007F64F5407404D25FEAC4
:107ED0004E0E6D4146EB060642EAC62141EA555177
:107EE0004FEAC52040EA5E504FEACE2EB4F1FD0CB9
:107EF00088BFBCF5E06F1ED8BEF1004F08BF5FEA37
:107F0000500E50F1000041EB045170BD06F00046E8
:107F100046EA010140EA020081EA0301B4EB5C0495
:107F2000C2BFD4EB0C0541EA045170BD41F480118D
:107F30004FF0000E013C00F3AB8014F1360FDEBFB2
:107F4000002001F0004170BDC4F10004203C35DA8E
:107F50000C341BDC04F11404C4F1200500FA05F311
:107F600020FA04F001FA05F240EA020001F00042B2
:107F700021F0004110EBD37021FA04F642EB060128
:107F80005EEA430E08BF20EAD37070BDC4F10C0452
:107F9000C4F1200500FA04F320FA05F001FA04F216
:107FA00040EA020001F0004110EBD37041F1000102
:107FB0005EEA430E08BF20EAD37070BDC4F120050D
:107FC00000FA05F24EEA020E20FA04F301FA05F275
:107FD00043EA020321FA04F001F0004121FA04F21D
:107FE00020EA020000EBD3705EEA430E08BF20EAED
:107FF000D37070BD94F0000F0FD101F00046400027
:1080000041EB010111F4801F08BF013CF7D041EAA8
:10801000060195F0000F18BF704703F000465200AC
:1080200043EB030313F4801F08BF013DF7D043EA7D
:108030000603704794EA0C0F0CEA135518BF95EA33
:108040000C0F0CD050EA410618BF52EA4306D1D1BA
:1080500081EA030101F000414FF0000070BD50EAD9
:10806000410606BF1046194652EA430619D094EA63
:108070000C0F02D150EA013613D195EA0C0F05D14D
:1080800052EA03361CBF104619460AD181EA0301A1
:1080900001F0004141F0FE4141F470014FF0000059
:1080A00070BD41F0FE4141F4780170BD70B54FF0F4
:1080B000FF0C4CF4E06C1CEA11541DBF1CEA135574
:1080C00094EA0C0F95EA0C0F00F0A7F8A4EB050456
:1080D00081EA030E52EA03354FEA013100F088804D
:1080E0004FEA03334FF0805545EA131343EA126316
:1080F0004FEA022245EA111545EA10654FEA0026CB
:108100000EF000419D4208BF964244F1FD0404F583
:10811000407402D25B084FEA3202B61A65EB0305DF
:108120005B084FEA32024FF480104FF4002CB6EB9C
:10813000020E75EB030E22BFB61A754640EA0C001C
:108140005B084FEA3202B6EB020E75EB030E22BF5C
:10815000B61A754640EA5C005B084FEA3202B6EB9D
:10816000020E75EB030E22BFB61A754640EA9C005C
:108170005B084FEA3202B6EB020E75EB030E22BF2C
:10818000B61A754640EADC0055EA060E18D04FEAEA
:10819000051545EA16754FEA06164FEAC30343EA8A
:1081A00052734FEAC2025FEA1C1CC0D111F4801F57
:1081B0000BD141EA00014FF000004FF0004CB6E750
:1081C00011F4801F04BF01430020B4F1FD0C88BFEF
:1081D000BCF5E06F3FF6AFAEB5EB030C04BFB6EBFA
:1081E000020C5FEA500C50F1000041EB045170BDED
:1081F0000EF0004E4EEA113114EB5C04C2BFD4EB1A
:108200000C0541EA045170BD41F480114FF0000E9D
:10821000013C90E645EA060E8DE60CEA135594EA19
:108220000C0F08BF95EA0C0F3FF43BAF94EA0C0F1C
:108230000AD150EA01347FF434AF95EA0C0F7FF491
:1082400025AF104619462CE795EA0C0F06D152EAE5
:1082500003353FF4FDAE1046194622E750EA4106C9
:1082600018BF52EA43067FF4C5AE50EA41047FF4DA
:108270000DAF52EA43057FF4EBAE12E74FF0FF3C3F
:1082800006E000BF4FF0010C02E000BF4FF0010C10
:108290004DF804CD4FEA410C7FEA6C5C4FEA430C89
:1082A00018BF7FEA6C5C1BD001B050EA410C0CBFD8
:1082B00052EA430C91EA030F02BF90EA020F00203A
:1082C000704710F1000F91EA030F58BF994208BFA1
:1082D00090422CBFD8176FEAE37040F0010070475E
:1082E0004FEA410C7FEA6C5C02D150EA013C07D1B5
:1082F0004FEA430C7FEA6C5CD6D152EA033CD3D000
:108300005DF8040B704700BF8446104662468C46F9
:108310001946634600E000BF01B5FFF7B7FF00282C
:1083200048BF10F1000F01BD4DF808EDFFF7F4FF55
:108330000CBF012000205DF808FB00BF4DF808EDE0
:10834000FFF7EAFF34BF012000205DF808FB00BF03
:108350004DF808EDFFF7E0FF94BF012000205DF825
:1083600008FB00BF4DF808EDFFF7CEFF94BF0120DA
:1083700000205DF808FB00BF4DF808EDFFF7C4FFD3
:1083800034BF012000205DF808FB00BF4FEA410C1C
:108390007FEA6C5C02D150EA013C0AD14FEA430CFF
:1083A0007FEA6C5C02D152EA033C02D14FF000003C
:1083B00070474FF0010070474FEA410212F500127A
:1083C00015D211D56FF47873B3EB625212D94FEA1C
:1083D000C12343F0004343EA505311F0004F23FA06
:1083E00002F018BF404270474FF00000704750EA5B
:1083F000013005D111F0004008BF6FF00040704718
:108400004FF00000704700BF4A0011D212F5001271
:1084100011D20DD56FF47873B3EB62520ED44FEADC
:10842000C12343F0004343EA505323FA02F070475C
:108430004FF00000704750EA013002D14FF0FF309A
:1084400070474FF0000070474FEA4102B2F1E0433D
:1084500024BFB3F5001CDCF1FE5C0DD901F0004C2B
:108460004FEAC0024CEA5070B2F1004F40EB83007B
:1084700008BF20F00100704711F0804F21D113F1A7
:108480003872BCBF01F00040704741F480114FEAE0
:108490005252C2F11802C2F1200C10FA0CF320FA69
:1084A00002F018BF40F001004FEAC1234FEAD32386
:1084B00003FA0CFC40EA0C0023FA02F34FEA4303F0
:1084C000CCE77FEA625307D150EA01331EBF4FF079
:1084D000FE4040F44000704701F0004040F0FE4094
:1084E00040F40000704700BF7BB972B90029BEBFDD
:1084F00000204FF0004106E008BF00281CBF6FF0CD
:1085000000414FF0FF3001F0BBB9ADF1080C6DE94F
:1085100004CE002909DB002B1ADB00F083F8DDF81C
:1085200004E0DDE9022304B07047404261EB410101
:10853000002B1BDB00F076F8DDF804E0DDE9022318
:1085400004B0404261EB4101524263EB4303704788
:10855000524263EB430300F065F8DDF804E0DDE927
:10856000022304B0404261EB41017047524263EB89
:10857000430300F057F8DDF804E0DDE9022304B01E
:10858000524263EB4303704753B94AB9002908BF0D
:1085900000281CBF4FF0FF314FF0FF3001F070B9E1
:1085A000ADF1080C6DE904CE00F03CF8DDF804E014
:1085B000DDE9022304B0704738B5002200230446E9
:1085C0000D46FFF7BBFE28B920462946BDE83840D6
:1085D00000F00AB8204605F1004100F005F84042DD
:1085E00061EB410138BD00BFD0B50C4B00220646FF
:1085F0000F46FFF731FCFFF707FF0446FFF7B2FB1A
:10860000074B0022FFF728FC02460B46304639464E
:10861000FFF76AFAFFF7F8FE2146D0BD0000F03DF3
:108620000000F0412DE9F047089D0E4604460F4634
:10863000002B4AD194468C45B2FA82F260D942B1FD
:10864000C2F12003974020FA03F30CFA02FC1F4307
:1086500094404FEA1C4E1FFA8CF6B7FBFEF1230C38
:108660000EFB117743EA074301FB06F098420AD953
:108670001CEB030301F1FF3780F01581984240F2B3
:108680001281023963441B1AA4B2B3FBFEF00EFB45
:10869000103344EA034400FB06F6A6420AD91CEB59
:1086A000040400F1FF3380F00081A64240F2FD8017
:1086B0006444023840EA0140A41B00211DB1D440AB
:1086C0000023C5E90043BDE8F0878B4205D90DB111
:1086D000C5E9000100210846F5E7B3FA83F1002956
:1086E00046D1B34202D3824200F2F580841A66EB8F
:1086F000030201201746002DE5D0C5E90047E2E757
:10870000002A40F09380A1EB0C034FEA1C471FFAAC
:108710008CFE0121B3FBF7F607FB1630230C43EA6E
:1087200000430EFB06F0984208D91CEB030306F148
:10873000FF3802D2984200F2D08046461B1AA4B2FB
:10874000B3FBF7F007FB103344EA03440EFB00FED3
:10875000A64508D91CEB040400F1FF3302D2A6455C
:1087600000F2B6801846A4EB0E0440EA0640A5E7E6
:10877000C1F120078B4022FA07FC4CEA030C06FAF1
:1087800001FE20FA07F426FA07F344EA0E0400FA81
:1087900001F84FEA1C404FEA1449B3FBF0FE1FFA00
:1087A0008CF600FB1E3349EA03430EFB06F999459C
:1087B00002FA01F20BD91CEB03030EF1FF3A80F031
:1087C0008580994540F28280AEF1020E6344A3EBAE
:1087D0000909A4B2B9FBF0F300FB139944EA094478
:1087E00003FB06F6A64208D91CEB040403F1FF3094
:1087F00068D2A64266D9023B644443EA0E40A41BF9
:10880000A0FB02E6B4427346B14652D34FD05DB1ED
:10881000B8EB030264EB090404FA07F722FA01F348
:108820001F43CC40C5E9007400214CE7C2F1200190
:1088300020FA01F30CFA02FC26FA01F196403343C8
:108840004FEA1C471FFA8CFEB1FBF7F007FB10162E
:10885000190C41EA064100FB0EF68E4204FA02F4BE
:1088600008D91CEB010100F1FF382DD28E422BD923
:1088700002386144891B9BB2B1FBF7F607FB161166
:1088800043EA014306FB0EF1994208D91CEB0303AE
:1088900006F1FF3814D2994212D9023E63445B1AA2
:1088A00046EA004136E73946EDE6184602E7F0456C
:1088B000ADD2BEEB020366EB0C060138B146A6E76B
:1088C0004646ECE7034698E74046D3E7D6467EE7C0
:1088D0006444023847E708460DE7023E63442DE74B
:1088E00003685A004CBF43F0004323F00043184490
:1088F000704700BF2DE9F04759B301F1FF38054635
:10890000164647464FF0000A0AEB070101EBD1710A
:10891000491005EBC1094846FFF7E2FF88454FEAD9
:10892000C104034610D004F10800B342284407D81C
:10893000FFF7D6FF0138B04208D201F1010AE3E7A0
:108940008A4506D04F1EDFE7B042F9D84846BDE859
:10895000F0874FF000094846BDE8F087012809D0AC
:10896000022805D0044B00280CBF18460020704791
:10897000024870470248704739900008419000084B
:108980003D90000830B5224B83B004468D1E43B3A2
:1089900001A92846AFF30080F0B101992A46FFF7FC
:1089A000A9FF0146C0B1FFF79BFF4B68A064012BF4
:1089B0002BD0002B01F1040025DBFFF791FF0023F2
:1089C00023650368E064002B12DBFFF789FF034691
:1089D0000020236103B030BD00230920236103B0D0
:1089E00030BD0C4B0C49C91AC91018460191D5E786
:1089F000C3F30360FFF7B2FF031E0CBF0920002082
:108A0000236103B030BD0123DAE700230520E0E74E
:108A1000000000005CA60308FCB003080368DA0746
:108A200010B5044606D49B0700F1500009D500F0AC
:108A300095FC2368590709D51A070ED5DB0613D50F
:108A400010BD00F083FC23685907F5D404F1D80069
:108A500000F08CFC23681A07F0D404F5AC7000F029
:108A60008DFC2368DB06EBD404F5EC70BDE8104008
:108A700000F0C8BC0346006800B11844704700BF4E
:108A800009207047704700BF70B504460E46316C30
:108A90002046FFF777FF054688B9326C626123698B
:108AA00032462146012098470828F0D0072806D1F1
:108AB0002846316CFFF7E6FF301D00F03BFCFFDE7F
:108AC0002DE9F04701F1040CC768D0F8188006467C
:108AD0009146BCE80F00ADF5767D03AC0FC4BCE851
:108AE0000F000FC4BCE80F000FC49CE80F0002ADDC
:108AF0004FF0000E84E80F00C5F800E021E02B6C79
:108B000073614FF4F47229467CA8F9F73DFF33698D
:108B10007CAA3146504698478A9BAB644946CDE9CA
:108B200000588246334601203246B847814630BB62
:108B30004FF4F4727CA92846F9F726FFBAF1080F22
:108B40001AD1296C3046FFF71DFF09F109090446C7
:108B50005FFA89FA0028D2D0AB6BAB643246CDE91C
:108B6000005833464AF010010120B84738B9204672
:108B70000DF5767DBDE8F087BAF1070F05D0092421
:108B800020460DF5767DBDE8F0874846296CFFF755
:108B900079FF03A800F0CEFB806C7047F0B5CB6B7B
:108BA0000B6401F1040C0E460546BCE80F00FBB057
:108BB00001AC0FC4BCE80F000FC4BCE80F000FC429
:108BC0009CE80F004FF0FF3784E80F00009706E0A5
:108BD0002B696A46294698470828044608D1109907
:108BE0002846FFF7CFFE0028F2D009207BB0F0BD69
:108BF0006846FFF713FF062CF7D131462846FFF7EA
:108C000043FF00BFC160D96B82611964002219461D
:108C100056E700BF70B5C66843690B64AEB9036917
:108C20000A4604460D46014602209847072805D00B
:108C300008280ED129462046FFF726FF3046296C2A
:108C4000FFF720FF281D00F075FB0122FFF738FF1A
:108C5000FFDEFFDEC2681AB1CA6B0A6400222FE78A
:108C60009CE700BF704700BF836801460BB101203D
:108C700018477047052915D8DFE801F00A031403E7
:108C8000030501207047009A436C13600020704771
:108C900043B90F2A06D800EB820200205368009ADD
:108CA000136070470220704700B585B00A46002364
:108CB00003A900911946FFF7DDFF039805B05DF8A1
:108CC00004FB00BF052915D8DFE801F00A031403EF
:108CD000030501207047009B1B6843640020704718
:108CE00043B90F2A06D8009B00EB82021B68536031
:108CF000002070470220704710B584B0002303ACF9
:108D0000039200940A461946FFF7DCFF04B010BD39
:108D100070B5D36B136402F1040C05460C46BCE835
:108D20000F00ADF5107D0DF15C0EAEE80F00BCE854
:108D30000F00AEE80F00BCE80F00AEE80F009CE8A3
:108D40000F004FF0FF368EE80F00169610E0FFF789
:108D5000D3FF214616A8A847034616AA082069464D
:108D600083B9049B9847052806460CD0092809D0EA
:108D700026996846FFF706FE03460C216A4616A8A8
:108D8000002BE4D0092616A8FFF748FE30460DF563
:108D9000107D70BD2DE9F04F1646CA6C89B00D46A6
:108DA00052F8041B069200F0030C002B79D00C0C37
:108DB0008DF81D400904E4B2059102EB8402022102
:108DC0008DF81C10296DBCF1020F08BFAA6B11F0C1
:108DD000010809D005A9304600F0AEFB002856D1A5
:108DE000082009B0BDE8F08F1768002FF2D000F01E
:108DF0000801CDE90118E3469A46BAF1020F4CD0BA
:108E00001788548802F10409AA6C24F001030F2189
:108E1000304603EB0208FFF747FF80453BD827F0B9
:108E2000010202EB0803834294BF00230123640084
:108E300004F0020407F001072743012F4ED0022F50
:108E400035D027BBBBF1000F02D0002B40F0D38000
:108E500009F104021768002FCFD105A93046DDF8CB
:108E6000088000F069FB90B9B8F1000FB8D00F216D
:108E70003046FFF719FF0E2102463046FFF73CFF50
:108E80006C4A0F213046FFF737FF072000E009202A
:108E900009B0BDE8F08F0023C9E7546802F1080962
:108EA000B2E7090205918DF81D30032188E7D9F852
:108EB000004024F00048BBF1000F47D12BB1019BCB
:108EC000002B5CD0B8F1000F59D0002C01DA09F169
:108ED000040908F1010209EB8202BBE7BBF1000FB4
:108EE0001CD1C3B1D9F80430D9F80020991C4FEA3D
:108EF000D272CCD005F158040133049400F08E8076
:108F000009F10400FFF7B6FD04AB0146284621F045
:108F1000C1FF002859D109F108029BE70D21304615
:108F2000FFF7C2FE2C6A8442F5D1AB6A9945F2D1B3
:108F30004846FFF7D5FC0F2102463046FFF7DCFE1E
:108F40002A4600213046FFF7D7FE9EE70D21304626
:108F5000FFF7AAFE2F6A8742B7D1AB6A9945B4D111
:108F600000240423C5E90B434B44C5F828806B63F8
:108F7000D9F80030A34258DB01230293A9E705F199
:108F80005803CDF80CB009F10407B34600241E467F
:108F90000BE038460496FFF76DFD0022014604AB56
:108FA000284621F077FF0437F8B9444504F101045D
:108FB000EFD10D215846FFF777FE049BC5F82890A6
:108FC0000246C5E90823062062E704460D21304623
:108FD000FFF76AFE049E2862022C04BFEE6205F1D0
:108FE0002C06C5E90969062052E75E46D9F800401B
:108FF000DDF80CB069E74846FFF772FC09F104039D
:109000000446AB63284621F0A3FF00283FF43FAF9E
:1090100022460F213046FFF76FFE36E730460D211E
:10902000FFF742FE26462862DBE708F1010209EB62
:1090300082007EE7E5BA02080023ABE60123A9E639
:109040000223A7E62DE9F0410646C4B014460529DF
:1090500000F2D880DFE811F012002D00D6006C007D
:1090600091000600836B002C40F0CC8053F8042B59
:1090700042648363002044B0BDE8F081002B40F0DF
:10908000C180856B1FFA84FC012006F1040E00FAF2
:1090900003F111EA0C0F2A4604D052F8041B4EF8D3
:1090A000231015460133102BF1D1A704E2D4B56388
:1090B000E0E7012B4FEA1447A4B200F08380052BB0
:1090C00040F0A08007EB0408B8F1200F00F29A806E
:1090D0000F2F40F29980002CCCD00268500700F18D
:1090E0001881019302AD284600F044F94FEA440C80
:1090F000A7F11000B16B019B0CF1FF3C05EBC00028
:109100000CF1010C043801EB8C0251F8044B40F8CF
:10911000044F9142F9D1012B00F0DE800F2FB16393
:1091200002D822A800F01AF9284600F01FF9A1E79A
:10913000032B67D1A7B207EB1443102B4FEA14445B
:1091400060D80368190700F1BF8022AD284600F0FF
:1091500037F97A00B06B05EBC404531E42B1011B12
:10916000625844F8042B013B5A1CF9D100EBC700AC
:10917000B063284600F002F97CE7002B42D1102CA6
:1091800040D80368DD0600F1978022AD284600F044
:1091900043F9B76B294600234FF0010C0CFA03F298
:1091A0002242384603F1010303D050F8042B0A6031
:1091B0000746042B01F10401F0D1B763284600F003
:1091C00021F957E73A19102A1CD8102F1AD0026833
:1091D000D00708D5304622F0030240F8502B019307
:1091E00000F0B8F8019B019322AD284600F0B2F8D8
:1091F000B26B019B002C58D10432B263284600F0B8
:10920000A5F837E7022036E7B8F1100F026865D9F4
:10921000D40772D522F0010242F0020240F8502B2E
:10922000019300F09FF83268019B12F0040F66D1A1
:1092300022AD2846019300F095F802A800F09AF8B4
:10924000C7F110014900B26B019BA8F1100C4C1E34
:1092500005EBC7000134043802EB840152F8044BDB
:1092600040F8044F8A42F9D1BCF1000F5AD0102FB8
:10927000384638BF10204FEA4C0C103802AD0CF1C4
:10928000FF3C05EBC0003BE7304622F0010242F014
:10929000020240F8502B22AD019300F063F82846FB
:1092A00000F060F8B26B24B3019B6400013C05EB55
:1092B000C7004FF0000CCDE723F01003036000F56A
:1092C000EC7000F0A9F860E723F00803036000F5F4
:1092D000AC7000F075F838E722AD8DE7D107D3D434
:1092E00022AD2846019300F03DF8B26B019B002CA3
:1092F000DBD1284600F032F8BCE6540798D530465A
:1093000022F0040240F8D82B019300F033F8019BBF
:109310008EE7304622F0040240F8D82B019300F08B
:1093200029F8DFE6012B3FF467AF0F2FB2633FF65A
:10933000A1AEDEE700F1340191E838009C46A64674
:109340004CF8045D90E8FF0FE54600BD90EC210B62
:10935000704700BF80EC210B704700BF90EC200BE2
:10936000704700BF80EC200B704700BFD0EC200B93
:10937000704700BFC0EC200B704700BFF0EC02014B
:10938000F0EC0211F0EC0221F0EC0231F0EC0241C1
:10939000F0EC0251F0EC0261F0EC0271F0EC0281B1
:1093A000F0EC0291F0EC02A1F0EC02B1F0EC02C1A1
:1093B000F0EC02D1F0EC02E1F0EC02F1704700BFFA
:1093C000E0EC0201E0EC0211E0EC0221E0EC023101
:1093D000E0EC0241E0EC0251E0EC0261E0EC0271F1
:1093E000E0EC0281E0EC0291E0EC02A1E0EC02B1E1
:1093F000E0EC02C1E0EC02D1E0EC02E1E0EC02F1D1
:10940000704700BFB0FC0181B0FC0191B0FC01A12C
:10941000B0FC01B1704700BFA0FC0181A0FC01912C
:10942000A0FC01A1A0FC01B1704700BFEC4600B553
:109430002DE900502DE9FF1F4FF000032DE90C002E
:1094400001A9FFF7ABFBDDF840E012B0704700BFA9
:10945000EC4600B52DE900502DE9FF1F4FF0000349
:109460002DE90C0001A9FFF7D5FBDDF840E012B0B3
:10947000704700BFEC4600B52DE900502DE9FF1FF5
:109480004FF000032DE90C0001A9FFF7E3FBDDF825
:1094900040E012B0704700BFEC4600B52DE9005027
:1094A0002DE9FF1F4FF000032DE90C0001ABFFF782
:1094B000A9FBDDF840E012B0704700BFEC4600B5F4
:1094C0002DE900502DE9FF1F4FF000032DE90C009E
:1094D00001AAFFF71DFCDDF840E012B0704700BFA5
:1094E000027A03467AB9427AA2B14168013A10B4CD
:1094F0004272086803220C1D1A7202025C60000EA0
:1095000010BC1A6070470068013A1A7202021A60B1
:10951000000E7047B020704700B585B003AA002345
:10952000009219460C22FFF7A5FB039805B05DF8E1
:1095300004FB00BFF0E700BF2DE9F043064685B00D
:109540000D464FF000082846FFF7CAFFB028044632
:1095500000F01C8107065BD500F0F003A02B1AD0A9
:1095600030D8802B00F08280902B27D100F00D03A3
:109570000D2B23D002AF002300F00F0219460097F5
:109580003046FFF777FB002300970D22194630463F
:10959000FFF798FBD7E7C34303F007034FF47F625D
:1095A0001A41010702F47F6201D542F48042002390
:1095B00019463046FFF746FD0028C4D0092005B003
:1095C000BDE8F083B02B68D0C02B3DD1C62800F099
:1095D000CA80C72800F0DF8000F0F803C02B00F03D
:1095E000EC80C82800F0F780C928E7D12846FFF7AB
:1095F00077FF020300F00F0002F4702201300243F3
:10960000012105233046FFF71DFD00289BD0D5E73B
:109610008300DBB21F1D0DF1080900231946CDF8A8
:1096200000900D223046FFF725FB029BCDF80090FD
:1096300060064CBFDF1BFF1800230D221946304681
:109640000297FFF73FFB7EE700F0F803D02BB5D180
:1096500000F007020132052342F4002201213046C6
:10966000FFF7F0FC00283FF46EAFA7E72846FFF7AE
:1096700037FF24022043B0F5004F9FD004010023A0
:10968000A2B219463046FFF7DDFC002896D114F44B
:10969000004F18BF4FF0010855E7A0F1B103042BAC
:1096A00000F2B580DFE803F05529160C030003AA89
:1096B0000023009219460D223046FFF7DBFA42E7FD
:1096C00000231A4605213046FFF7BCFC00283FF472
:1096D0003AAF73E72846FFF703FF020300F00F00DD
:1096E000013002F470220123024319463046FFF78D
:1096F000A9FC00283FF427AF60E700230DF108091B
:109700000D221946CDF800903046FFF7B3FA2846EF
:10971000FFF7E6FE0206029C4FF002070BD500F0B1
:109720007F00B840044428460294FFF7D9FE0306A0
:1097300007F10707F3D4B840002304F5017404448B
:10974000CDF800900D22194630460294FFF7BAFA80
:10975000F9E62846FFF7C4FE431EDBB20E2B024695
:109760007FF625AF2AE72846FFF7BAFE020300F08E
:109770000F00013002F470220323024319463046E1
:10978000FFF760FC00283FF4DEAE17E7B8F1000FEA
:109790002DD0002013E72846FFF7A2FE431EDBB2C0
:1097A0000E2B02463FF60AAF002304213046FFF796
:1097B00049FC00283FF4C7AE00E700F00F02013279
:1097C000032342F4202219463046FFF73BFC0028D1
:1097D0003FF4B9AEF2E62846FFF782FE00F0F00251
:1097E00000F00F031032013343EA023208E702AC03
:1097F0004346414600940E223046FFF73BFA0F22C3
:109800000094434641463046FFF75CFAC1E700F05A
:10981000FC03B42B3FF4D2AE00F007020132012367
:1098200042F4002219463046FFF70CFC00283FF4B2
:109830008AAEC3E610B5C26C536884B04FF0030C17
:1098400008321C0208461B0E01A9019402928DF8F1
:109850000CC08DF80D30FFF76FFE04B010BD00BFD7
:1098600008B5FFF767FE806C08BD00BF08B5FFF7BD
:1098700061FEC06CC37900EB8300083008BD00BFF7
:10988000704700BF024B58221A604FF0FF307047FC
:109890005C070020024B58221A604FF0FF307047DF
:1098A0005C070020024B58221A604FF0FF307047CF
:1098B0005C070020024B58221A600020704700BF4E
:1098C0005C070020024B58221A604FF0FF307047AF
:1098D0005C070020024B58221A604FF0FF3070479F
:1098E0005C070020024B58221A604FF0FF3070478F
:1098F0005C070020FEE700BFF1EE103A43F08073F2
:10990000E1EE103A704700BF0749CA6803024FF6FC
:10991000FF0003F4E0630240134343F0BF6343F4EA
:109920000033CB60704700BF00ED00E01B4BDB68ED
:10993000C3F3022300B5C3F1070EBEF1040F03F118
:10994000040C28BF4FF0040EBCF1060F1CD9A3F184
:10995000030C4FF0FF3303FA0CF322EA03024FF03B
:10996000FF3303FA0EF321EA030303FA0CF3134364
:109970001B010028DBB20ADB00F1604000F561400A
:1099800080F800335DF804FB00229446E7E7044AC0
:1099900000F00F00024413765DF804FB00ED00E0D8
:1099A000FCEC00E04109044A00F01F000123834061
:1099B00042F82130704700BF00E100E0430904494C
:1099C00000F01F0001222033824041F8232070471D
:1099D00000E100E00138B0F1807F01D30120704741
:1099E00010B44FF0E023074C58614FF0F00C84F8AE
:1099F00023C00022072110469A615DF8044B1961CB
:109A0000704700BF00ED00E04FF0E022042813692A
:109A10000CBF43F0040323F004031361704700BF3D
:109A200008B513460A460221C0E90633C0F8F4110E
:109A3000002102F0ADFC002008BD00BF08B51346B0
:109A40000A46002102F0A4FC002008BD08B5134618
:109A50000A460321C0E94233C0F8F411002102F0A4
:109A6000A3FC002008BD00BF08B513460A4600212C
:109A700002F09AFC002008BD08B504220023C0F8BB
:109A8000F42119461A4602F083FC002008BD00BFED
:109A900008B505220023C0F8F42119461A4602F041
:109AA00083FC002008BD00BF30B5014689B000220C
:109AB0002D20FFF73BFF2D20FFF774FF0025164BED
:109AC00002951A6C154C42F480721A641B6C03F4F4
:109AD000807301A903A80293029B05F0ADFB05F07A
:109AE0008BFB0F4A0F4921604300A2FB03239B0C11
:109AF00040F2E732013B2046C4E903256360A560DC
:109B000008F0D8FA10B1012009B030BD204608F0A5
:109B100039F809B030BD00BF0038024060070020AE
:109B200083DE1B430020004000287BD038B590F82E
:109B300020300446002B72D02268136823F0020301
:109B4000136004F0A7FD054604E004F0A3FD401BEC
:109B50000A285BD823685A689107F6D41A6842F03D
:109B600001021A6004F096FD054604E004F092FD3F
:109B7000401B0A284AD823685A68D207F6D5227EA5
:109B8000012A1A680CBF42F0800222F080021A609B
:109B9000627E012A1A680CBF42F0400222F04002A5
:109BA0001A60A27E012A1A680CBF42F0200222F03D
:109BB00020021A60E27E012A1A680CBF22F010020D
:109BC00042F010021A60227F012A1A680CBF42F08C
:109BD000080222F008021A60627F012A1A680CBF8C
:109BE00042F0040222F004021A60D4E90220216942
:109BF00002430A4360696168024301390A43002055
:109C00000121DA61606284F8201038BD636A0522A0
:109C100043F40033636284F82020012038BD05F04E
:109C20000FF889E70120704790F82020012A0AD018
:109C300090F82020022A034605D0426A42F480228E
:109C400001205A627047404BD3F8002201200243A2
:109C500030B4C3F80022D3F8002222F47C52C3F8B7
:109C60000022D3F800224C6A42EA0422C3F8002200
:109C70004A69D3F81C42904024EA0004C3F81C420D
:109C8000CD69C443002D45D1D3F80C522540C3F80B
:109C90000C52D200CD688B8802F1804202F5C84296
:109CA00043EA0543C2F840328D680B8843EA054316
:109CB000C2F844328B69244A33BBD2F804322340C1
:109CC000C2F804320B69C3B91F4BD3F814221440F5
:109CD000C3F814420B6A012B05D11B4AD2F81C327F
:109CE0000343C2F81C32184AD2F8003223F00103B1
:109CF000002030BCC2F800327047134AD2F8143248
:109D00000343C2F81432E5E7D2F804320343C2F841
:109D10000432D7E7012DCDD1D3F80C520543C3F857
:109D20000C52D2000D688B8802F1804202F5C842C5
:109D300043EA0543C2F840328D688B8943EA054304
:109D4000C2F84432B6E700BF0064004038B590F86E
:109D50002030012B044605D0436A43F400234362BC
:109D6000012038BD0268022380F82030136823F0F8
:109D70000103136004F08EFC054604E004F08AFC45
:109D8000431B0A2B07D823685B6813F00103F5D146
:109D90006362184638BD636A052243F40033636288
:109DA00084F82020DCE700BF38B590F82030022B83
:109DB000044605D0436A43F480134362012038BD52
:109DC0000268136843F00103136004F063FC054666
:109DD00004E004F05FFC431B0A2B0CD823685A688C
:109DE000D207F6D51A68012122F002021A6084F81F
:109DF0002010002038BD636A052243F400336362FB
:109E000084F82020DAE700BF30B490F82040012C1D
:109E10000AD090F82040022C06D0436A43F48023F5
:109E20004362012030BC70470468A5686D0105D409
:109E3000A5682D0102D4A568ED0039D5A0680125DB
:109E4000C0F3016085401D608B6843B3CD682B4330
:109E50004D6843EAC50300F118052D01635104EB79
:109E600000130D69C3F88451097D01294FEA0010E0
:109E700005D1D3F8841141F48071C3F884110444EE
:109E80005168C4F88C111268C4F88821D3F8802175
:109E900042F00102002030BCC3F880217047CB683B
:109EA0000D6843EA455500F118031B01E550D6E75C
:109EB000436A43F400134362B3E700BF90F82030D5
:109EC000012B05D090F82030022B01D000207047E4
:109ED000036898689A689B681201C0F3806048BF65
:109EE0000130DB00F3D50130704700BF70B590F84A
:109EF0002040012C09D090F82040022C05D0436A64
:109F000043F480234362012070BD0468002959D1C5
:109F1000E568AE075BD004EB011C4FEA011EDCF8DC
:109F2000B05105F004059560002D5DD1DCF8B0510D
:109F30006D0D1560DCF8B051C5F34005D560DCF857
:109F4000B451DCF8B46105F00F0515617444DCF818
:109F5000B451C6F3072696612D0CD4F8B86155614B
:109F60001E7002687244D2F8B821120A5A70026850
:109F70007244D2F8B821120C9A7002687244D2F876
:109F8000B821120EDA7002687244D2F8BC211A713C
:109F900002687244D2F8BC21120A5A7102687244F3
:109FA000D2F8BC21120C9A7102687244D2F8BC211A
:109FB000120EDA7181B90268D36843F02003D360CE
:109FC000002070BD0129A6D12569AD07A3D1436A40
:109FD00043F40013436296E70129F1D10268136943
:109FE00043F020031361EBE7DCF8B051ED08556056
:109FF000A0E700BF90F82030012B05D090F820306A
:10A00000022B01D000207047036819B9D86800F00E
:10A0100003007047186900F00300704790F8202093
:10A02000012A034609D090F82020022A05D0426A6E
:10A0300042F4802201205A6270471A6853690B4328
:10A0400000205361704700BF90F82020012A03468A
:10A0500009D090F82020022A05D0426A42F48022DA
:10A0600001205A6270471A68536923EA01030020ED
:10A07000536170472DE9F84F03685C69D3F8048099
:10A080009F68D3F80CB0D3F81090D3F818A014F050
:10A09000010605461FD0F90700F19B800026F9054F
:10A0A0000BD52B684FF480729A60BA0500F1DE8000
:10A0B0007B0540F1D18046F40056F9030BD52B689F
:10A0C0004FF480329A60BA0300F1D4807B0340F1F0
:10A0D000C88046F40046210702D51BF0100F72D14C
:10A0E000620702D51BF0080F7ED1A30704D52B68A9
:10A0F000DB689F0740F09880600602D519F0100FCA
:10A100005BD1A10602D519F0080F74D1E20603D580
:10A110002B681B699B077CD1A70302D518F0100F91
:10A120007BD1E00302D518F0080F6BD1210440D594
:10A1300018F0040F2B683AD0E20544BF0AF0010280
:10A140001643A70574D4610504F400622BD51AF0F8
:10A15000040F28D046F00406002A77D01AF0700ABF
:10A1600074D0BAF1400F00F0A88000F28780BAF1F5
:10A17000200F00F0BD80BAF1300F00F0B080BAF1CE
:10A18000100F40F095809A69042122F070029A61C4
:10A1900046F0080659606B6A334328466B6220F02C
:10A1A00071FABDE8F88F12B11AF0700AD9D1042201
:10A1B0005A60002EEFD1BDE8F88F2B68102246F4CC
:10A1C00080661A619DE72B68102246F40076DA60FB
:10A1D00086E701229A60BA0735D47B0739D43E0757
:10A1E0005BD54FF480565AE72B680822DA60284680
:10A1F00020F03EFA79E72B6808221A61284620F001
:10A200003BFA83E72B6808225A60284620F038FA88
:10A210008CE7284620F02EFA7EE72B6810225A6041
:10A22000284620F02BFA7CE7284620F015FA63E751
:10A230001AF0020F87D0600546F0020604F40062AF
:10A2400085D41AB18AE720F0FBF927E704225A6087
:10A25000A1E74FF4006622E7380525D546F480468D
:10A260002BE738031CD546F4803634E7284620F027
:10A27000E9F922E7284620F0E7F92CE7BAF1500F78
:10A2800024D0BAF1600F13D19A69042122F0700230
:10A290009A6146F4807659607DE720F0D7F9FDE6B3
:10A2A000284620F0D7F916E7284620F0D1F904E730
:10A2B0009A6922F070029A6179E79A69042122F082
:10A2C00070029A6146F04006596064E79A69042179
:10A2D00022F070029A6146F0800659605BE79A6945
:10A2E000042122F070029A6146F02006596052E77C
:10A2F0009A69042122F070029A6146F010065960B2
:10A3000049E700BF406A704790F82020012A0346C1
:10A3100009D090F82020022A05D0426A42F4802217
:10A3200001205A62704700205862704784B00DF1D6
:10A33000040C8CE80E00069B012B2ED1836B0D9A2A
:10A3400023F480338363C36823F4840323F040033E
:10A35000C360C368012A23F44013C36035D01D4B8A
:10A36000013B0CD00269002AFADA0269194B42F06B
:10A3700001020261013B02D00269D107FAD4049BB9
:10A38000012B07D1836843F006038360836843F0A1
:10A3900020038360002004B07047C2680D4B42F078
:10A3A0004002C260013B0CD00269002AFADA02695D
:10A3B000084B42F001020261013B02D00269D20760
:10A3C000FAD44FF480338363D9E7C36843F480132E
:10A3D000C360C4E7410D0300034600209A6842F0C1
:10A3E00001029A60704700BF034600209A6822F07D
:10A3F00001029A60704700BF08B5C368012923F0C5
:10A40000C043C36009D019B9C36843F08043C36037
:10A41000322004F045F9002008BDC36843F0005322
:10A42000C360322004F03CF9002008BD84B02DE95F
:10A43000704307AC84E80E00119C0A9D836B002CCE
:10A4400040F08B8043F4001383630023C0F8003E88
:10A450000C9BD0F80028C0F80028012B00F5006CF8
:10A4600000F09280D0F8003843F00303C0F80038C1
:10A470004FF4846303614B4B013B02D002699606A3
:10A48000FAD410230361474B013B02D00269D20684
:10A49000FAD400224FF0FF33CCF81020CCF814206F
:10A4A000CCF81830CCF81C2071B300F51063964638
:10A4B0004FF090494FF0FF081E680132002EB4BFE4
:10A4C000C3F80090C3F800E08A42C3F810E0C3F874
:10A4D000088003F12003EFD1002200F53063964697
:10A4E0004FF090494FF0FF081E680132002EB4BFB4
:10A4F000C3F80090C3F800E08A42C3F810E0C3F844
:10A50000088003F12003EFD1DCF81030012D23F493
:10A510008073CCF8103024D000226FF08043826129
:10A5200043611DB9836943F01003836181691E4B48
:10A530000D9A0B4383611AB1836943F00803836169
:10A54000012C05D1836943F0804343F00403836108
:10A55000BDE87043002004B0704743F400238363D8
:10A5600073E7124BCCF83030DCF8303043F48033F2
:10A5700043F00303CCF8303000226FF08043DCF866
:10A58000301082614361D1E7099B23B9D0F80038CC
:10A59000C0F800386CE7D0F8003843F00103C0F889
:10A5A000003865E7410D030000383C800001800061
:10A5B000890141F02001064A0161013A05D0036991
:10A5C00013F02003F9D1184670470320704700BFED
:10A5D000410D030000F50062D0F8080810F00600F5
:10A5E00014D0936803F00603022B0ED0936803F097
:10A5F0000603062B09D0906800F00600A0F10400C5
:10A60000B0FA80F04009400070470320704700BF57
:10A6100010B54C7891F800C00123012C00F5006EB4
:10A6200003FA0CF34FEA4C1219D0DEF81C4000F587
:10A63000306044EA0343CEF81C3083581B040CD42A
:10A640008B688458C978C3F30A03234343EA8143E0
:10A6500043F0805343F400438350002010BDDEF8E4
:10A660001C409BB2234300F51060CEF81C30835889
:10A670001C04F2D48B688458C978C3F30A032343BB
:10A6800043EA814343EA8C5343F0805343F400434D
:10A690008350002010BD00BF10B44A7891F800C06C
:10A6A000012A4FEA4C1326D000F53062D118D45855
:10A6B00024F40044D4504FF00064D4504FF0804450
:10A6C000D450224B013B3DD08A68D206FAD4D0F850
:10A6D000043843F48063C0F80438D0F81C384FF4D1
:10A6E000803202FA0CF223EA0203C0F81C38002080
:10A6F0005DF8044B704700F51062D118D45824F46B
:10A700000044D4504FF00064D4504FF08044D450F3
:10A710000E4B013B16D08A685400FAD44FF4846281
:10A720000A4B0261013B02D002699106FAD401236F
:10A73000D0F81C2803FA0CF39BB222EA0303C0F8FA
:10A740001C38D4E703205DF8044B7047410D03002B
:10A750002DE9704F82B0CC7801944C780D784B691C
:10A76000012C4FEA451C4DD000F5306E0EEB0C0469
:10A770008D68D4F810806FF31208C4F81080D4F8F4
:10A7800010806FF3DC48C4F810808BB3DFF8A08131
:10A790002B44013BB3FBF5F308EAC3489BB203FB30
:10A7A00005F5236948EA030323612369C5F312050C
:10A7B0001D432561012A04BFCB686361019B012B06
:10A7C0000CD1D0F8083813F4807F5EF80C300CBF41
:10A7D00043F0005343F080534EF80C305EF80C30D9
:10A7E00043F004434EF80C30002002B0BDE8708FF7
:10A7F0002369C5F312051D432561236943F4002332
:10A800002361D7E700F5106808EB0C0E002B3FD151
:10A81000DEF810406FF3DC44CEF81040DEF8104054
:10A8200044F40024CEF81040DEF81040012A6FF303
:10A830001204CEF8104002D10C69CEF81440019CED
:10A84000012C55D1D0F8084814F4807F58F80C40FA
:10A850000CBF44F0005444F0805448F80C4058F8C1
:10A860000C4044F0044448F80C40002ABCD19BB290
:10A8700003339A08B8D0CB6800F5805000EB053060
:10A8800003EB820153F8042B02609942FAD1ABE743
:10A89000DEF810908E686FF31209CEF81090DEF893
:10A8A00010906FF3DC49CEF81090DFF88490DEF85A
:10A8B00010B006EB030A0AF1FF3ABAFBF6FA09EA0E
:10A8C000CA4949EA0B09CEF81090DEF810A0019EA3
:10A8D000C3F3120949EA0A09012ECEF8109011D0EB
:10A8E000012A21D0D0F83438AC401C43C0F8344899
:10A8F00058F80C30002043F0044348F80C3002B004
:10A90000BDE8708FDEF8104024F0C044CEF810404F
:10A91000DEF81040012A44F00054CEF8104091D1E6
:10A920000C69CEF814408DE70B69CEF81430DFE7E0
:10A930000000F81F4B7870B50C784D69012B4FEA79
:10A94000441C26D000F5306000EB0C038C681E69B7
:10A950006FF312061E611E696FF3DC461E61B5B906
:10A960001D6945F400251D611D69012AC4F3120407
:10A9700008BFCA6844EA05041C6108BF5A6150F860
:10A980000C3043F0044340F80C30002070BD4C61A3
:10A99000E6E700F5106606EB0C039DB3D3F810E074
:10A9A0006FF3120EC3F810E0D3F810E06FF3DC4E33
:10A9B000C3F810E0D1F808E0AE453CBFC1F814E0A0
:10A9C0007546D3F810E04EF4002EC3F810E0D3F82B
:10A9D00010E0C5F3120545EA0E051D6156F80C504E
:10A9E000012A45F0044546F80C501FD04B69002B56
:10A9F000CBD0D0F834280123A3401343C0F8343817
:10AA0000002070BD1D696FF3DC451D611D6945F4B3
:10AA100000251D611D696FF312051D6156F80C506C
:10AA2000012A45F0044546F80C50DFD10A695A6105
:10AA3000002070BD10B49DF804406CB903339B082E
:10AA40000AD000F5805000EB023201EB830351F88D
:10AA5000040B10608B42FAD100205DF8044B704764
:10AA6000033292080AD000F5805C01EB8200DCF82A
:10AA7000003041F8043B8842F9D1704708467047DE
:10AA80004A780B78012A4FEA43130ED000F5306064
:10AA9000C258002A03DBC25822F08042C250C2587A
:10AAA00042F40012C2500020704700F51060C258F6
:10AAB000002AF0DAF3E700BFCB780A784978012959
:10AAC0000CBF00F5106000F530605201023B815868
:10AAD000DBB221F40011012B815003D8835843F0DD
:10AAE0008053835000207047D0F8003823F4FE6371
:10AAF000C0F80038D0F80038090101F4FE611943AC
:10AB0000C0F800180020704708B503460320D3F8AA
:10AB1000042822F00202C3F8042803F0C1FD00203B
:10AB200008BD00BF08B503460320D3F8042842F04F
:10AB30000202C3F8042803F0B3FD002008BD00BFE3
:10AB40004269806910407047D0F8183800F50060FD
:10AB5000C0691840000C7047D0F8183800F5006044
:10AB6000C069184080B2704700F5306303EB4113B1
:10AB700000F500609A68406910407047D0F81028CE
:10AB8000D0F8343800EB4110CB40DB01D0F8080995
:10AB9000DBB2134318407047406900F00100704772
:10ABA000D0F8002900F500636FF30A02C0F800290D
:10ABB0009A6802F00602042A05D1D0F8002942F072
:10ABC0000302C0F800295A6842F4807200205A60DB
:10ABD000704700BF10B40024C0F8104BD0F8104BE1
:10ABE00044F40024C0F8104BD0F8104B44F0180483
:10ABF000C0F8104BD0F8104B012944F0C044C0F805
:10AC0000104B05D14FF08021C0F8142BC0F8001B69
:10AC100000205DF8044B704700B59FED0B7B89B0B9
:10AC200070210122CDE9001200230C2269468DED2E
:10AC3000047BCDE90233069307F0E4FB09B05DF82D
:10AC400004FB00BFAFF30080000000000000000024
:10AC500010B51848184901608CB04FF6FF71C160FB
:10AC60000321002301240422039103A9C0E9013335
:10AC7000CDE90434CDE90632CDE90834CDE90A3214
:10AC8000036107F087FA50B900220023094869469A
:10AC9000CDE9002300F0E4FB30B90CB010BD07484B
:10ACA000EA2101F01BFAEFE70448F12101F016FA5E
:10ACB0000CB010BD900800200004004024C0020821
:10ACC00010B51948194901608CB04FF6FF71C16089
:10ACD0000321002301240422039103A9C0E90133C5
:10ACE000CDE90434CDE90632CDE90834CDE90A32A4
:10ACF000036107F04FFA50B9002200230A48694661
:10AD0000CDE9002300F0ACFB38B90CB010BD084809
:10AD100040F20B1101F0E2F9EEE705484FF48971BA
:10AD200001F0DCF90CB010BD540800200008004010
:10AD300024C0020800B524482449002387B04FF0FE
:10AD4000FF32C0E90013C0E90232036107F006FADE
:10AD500000BB002200231C486946CDE9002300F017
:10AD60007FFB58BB0A200122CDE902020021082204
:10AD70000F230491144805930DEB020107F090FA9C
:10AD8000B0B911480C2202A907F08AFA40B907B0FD
:10AD90005DF804FB0E4840F2231101F09FF9D8E75B
:10ADA0000B484FF49C7101F099F907B05DF804FB72
:10ADB000074840F2331101F091F9E2E704484FF4FB
:10ADC000957101F08BF9CDE718080020000C0040C8
:10ADD00024C002080A480B4908B542F603120023B2
:10ADE000C0E90013C0E90232036107F063F900B95A
:10ADF00008BDBDE80840044840F2851101F06EB975
:10AE0000A0070020001C004024C0020800B51B4A17
:10AE10000368934283B005D0194A934218D003B017
:10AE20005DF804FB0022174B0092596C41F00101C0
:10AE300059645B6C03F00103009311461920009BD9
:10AE4000FEF774FD192003B05DF804EBFEF7AABD10
:10AE500000220C4B0192196C41F0800119641B6CAB
:10AE600003F08003019311462C20019BFEF75EFD49
:10AE70002C2003B05DF804EBFEF794BD0000014008
:10AE8000001C00400038024010B50368B3F1804F49
:10AE900082B004D0194A934210D002B010BD03F51D
:10AEA0000E33002200921A6C42F001021A641B6CED
:10AEB00003F001030093009B02B010BD0024104B6F
:10AEC0000194596C41F0020159645B6C03F0020378
:10AED0002246214601932C20019BFEF727FD2C20C2
:10AEE000FEF760FD224621462D20FEF71FFD2D2096
:10AEF00002B0BDE81040FEF755BD00BF00040140A0
:10AF0000003802400000000000B5294A036893425F
:10AF100089B005D0274A934221D009B05DF804FBDF
:10AF2000254B002200921A6C42F002021A641B6C3C
:10AF300002229FED1B7B00200021CDE9040113407C
:10AF400000F18040009300F5013002A98DED027BF5
:10AF5000009B069207F01CFD09B05DF804FB164B40
:10AF6000002201921A6C42F004021A641B6C9FEDDD
:10AF70000E7B00200021CDE9040103F0040300F161
:10AF800080400222019300F5013002A98DED027B81
:10AF9000019B069207F0FCFC09B05DF804FB00BFC2
:10AFA0003000000002000000C000000002000000AD
:10AFB000000400400008004000380240000000008B
:10AFC000194B02689A4200D0704710B588B003F55B
:10AFD0000B3300240194196C14489FED0F7B41F052
:10AFE000080119641B6C8DED027B9FED0D7B03F056
:10AFF0000803019302A902238DED047B0693019AB5
:10B0000007F0C6FC224605213220FEF78FFC3220D5
:10B01000FEF7C8FC08B010BD0C00000002000000E4
:10B020000000000000000000000C00400000024092
:10B03000D0B5324A0368934286B007D0B3F1804F4F
:10B0400021D02F4A934232D006B0D0BD4FF4604297
:10B05000022300260027012469462A480494CDE9EA
:10B060000023CDE9026707F093FC4FF4E06202236E
:10B07000254804946946CDE90267CDE9002307F02D
:10B0800087FC06B0D0BD4FF440600221CDE900013D
:10B0900000F1804001230026002700F5FC306946BE
:10B0A000CDE90267049307F073FC06B0D0BD00261B
:10B0B0000027032480220223694613480494CDE923
:10B0C0000023CDE9026707F063FC032202236946EF
:10B0D0000C480494CDE90023CDE9026707F058FC41
:10B0E0004FF4E0720223094804946946CDE90267EF
:10B0F000CDE9002307F04CFC06B0D0BD00000140B4
:10B100000004014000040240000002400008024028
:10B1100010B55548554C6022002396B040F6AC510E
:10B1200082600222C0E90043C0E90313426106F0D5
:10B13000C1FF00285DD14FF480534B48029302A910
:10B1400006F0E2FD002840F08580474806F0EAFF5F
:10B1500000287AD1444806F0C9FF002870D1202287
:10B16000002341486946CDE9002300F079F9002821
:10B1700061D1002000210022CDE90A0170233A4864
:10B180000C9206A9CDE90632CDE9082207F066F94E
:10B1900000284BD13448042206A907F05FF90028A3
:10B1A0003FD13148082206A907F058F9002833D1C9
:10B1B00000232D4806930C2206A907F023F930BB83
:10B1C0009FED277B4FF400604FF48061CDE90E01C5
:10B1D00000231422244814930EA98DED127BCDE98F
:10B1E000103200F063F948B91F48FFF721FF16B08D
:10B1F00010BD1F48652100F071FF9CE7A4211C4889
:10B2000000F06CFF1848FFF713FF16B010BD184888
:10B21000982100F063FFD3E71548922100F05EFF0C
:10B22000C6E713488D2100F059FFBAE7104888217E
:10B2300000F054FFAEE70E487C2100F04FFF98E786
:10B240000B48752100F04AFF89E70948702100F09A
:10B2500045FF7FE706486B2100F040FF75E700BF20
:10B26000000000000020000008090020000001404C
:10B2700024C0020810B5284800238AB04FF080444B
:10B2800060214FF48052C0E90043C0E9021203611B
:10B2900006F048FF38BB002200231F486946CDE96D
:10B2A000002300F0DDF888BB022270200021049208
:10B2B0000822CDE902010023174806930DEB020195
:10B2C00007F0CCF8E8B941F20104002312480C223F
:10B2D00002A9CDE9034307F0C1F848B90E48FFF7CA
:10B2E000A7FE0AB010BD0D48B72100F0F7FED2E767
:10B2F000CE210A4800F0F2FE0748FFF799FE0AB097
:10B3000010BD0648C72100F0E9FEDCE70348BE2176
:10B3100000F0E4FEC8E700BFCC08002024C002080B
:10B3200010B54148414C6022002392B040F6AC5128
:10B3300082600222C0E90043C0E90313426106F0C3
:10B34000F1FE002841D12022002337486946CDE98B
:10B35000002300F085F8002859D1002000210022A8
:10B36000CDE9060170233048089202A9CDE90232E6
:10B37000CDE9042207F072F8002842D12A480422BD
:10B3800002A907F06BF8002835D1082226480DEBFA
:10B39000020107F063F840BB9FED217B4FF4006092
:10B3A0004FF48061CDE90A01002314221E48109356
:10B3B0000AA98DED0E7BCDE90C3200F077F850B97B
:10B3C0001948FFF735FE12B010BD194840F24B1175
:10B3D00000F084FEB7E74FF4BA71154800F07EFE26
:10B3E0001148FFF725FE12B010BD11484FF4B4719B
:10B3F00000F074FED0E70E4840F2631100F06EFEDC
:10B40000C3E70B484FF4AF7100F068FEB6E7084899
:10B410004FF4A97100F062FE9FE700BFAFF3008018
:10B420000000000000200000DC07002000040140B4
:10B4300024C0020803680422186A02FA01F120EA13
:10B44000010018621A6A114319625A6C42F40042F0
:10B450005A641A6842F0010200201A60704700BF67
:10B4600090F83830012B1FD002460368022030B517
:10B4700082F8390058680D684C6820F070005860F8
:10B48000586828435860996821F08001996099684C
:10B490004FF0000C21434FF0010E996082F839E023
:10B4A00082F838C0604630BD0220704790F83830CE
:10B4B000012B23D010B4D1E9024323F44073024698
:10B4C000234348680C6823F48063034323F4006338
:10B4D0000869234323F48053034348698C6923F4A8
:10B4E0000053034323F44043106800212343436483
:10B4F00082F8381008465DF8044B70470220704708
:10B50000704700BF704700BF10B404681204636A3C
:10B5100029B91A43A26200205DF8044B7047A06A63
:10B52000013903EB104C0AD0002303F1400004EB77
:10B5300080000133406899420CEB104CF5D140314A
:10B5400004EB810442EA0C02626000205DF8044BC7
:10B55000704700BF036800205962704710B582B081
:10B5600000241C4B0094196B41F400111963186BF3
:10B5700000F40010009000980194186B40F48000D3
:10B5800018631B6B03F480032246052101930B20F3
:10B59000019BFEF7CBF90B20FEF704FA22460521AA
:10B5A0000D20FEF7C3F90D20FEF7FCF92246052118
:10B5B0000F20FEF7BBF90F20FEF7F4F92246052114
:10B5C0001020FEF7B3F9102002B0BDE81040FEF7DE
:10B5D000E9B900BF00380240F8B507460D461446E9
:10B5E0001E463A68936835EA03030CBF0123002323
:10B5F000A34209D0731C09D1936835EA03030CBF39
:10B60000012300239C42F7D10020F8BD36B103F09E
:10B6100041F8069BC01AB042E3D33A685368796890
:10B6200023F0E003B1F5827F536015D0BB6AB3F518
:10B63000005F07D00122002387F8512087F850309F
:10B640000320F8BD13684DF6FF710B4013601368BB
:10B6500043F400531360EDE7BB68B3F5004F02D02D
:10B66000B3F5806FE2D1136823F040031360DDE788
:10B6700000283BD038B590F8513000220446826251
:10B6800003F0FF0163B31046D4E90131E268256895
:10B690000B431343D4E904120B431343E269022121
:10B6A00084F851101343226A29681343A26921F0D8
:10B6B0004001296002F4007C616A120C43EA0C0329
:10B6C00002F0040203430A432B606A60EB69002026
:10B6D00023F400630122EB61606584F8512038BDDA
:10B6E00080F8501000F09CFEA06ACDE70120704762
:10B6F00098B10268022310B580F85130136823F026
:10B7000040030446136000F013FF0023636584F8D0
:10B71000503084F85130184610BD0120704700BFEA
:10B720002DE9F043044690F85000012885B063D01D
:10B730001D46012384F850300E46914602F0AAFFC0
:10B7400094F85130012B07465FFA83F80BD04FF085
:10B75000020801220023404684F8512084F850302A
:10B7600005B0BDE8F083002EF3D0B9F1000FF0D0A2
:10B77000A268266300230321B2F5004F84F851101C
:10B78000C4E910336365A363A387A4F83690A4F8D3
:10B790003490E38723685AD01A68520603D41A6893
:10B7A00042F040021A60E1686268B1F5006F29D08A
:10B7B000002A51D0E28E92B2012A4DD0E38E9BB284
:10B7C0005BB951E016F8012B1A73E38E013B9BB273
:10B7D000E386E28E92B2002A46D023689A689207E6
:10B7E000F0D435B16B1CF4D002F054FFC01BA8425A
:10B7F000EFD34FF00308ACE74FF00208404605B026
:10B80000BDE8F083002A50D136F8022BDA60E28ED0
:10B81000013A92B2E286E28E92B25AB924E036F848
:10B82000022BDA60E38E013B9BB2E386E38E9BB290
:10B83000D3B123689A689007F1D4002DD9D0691C40
:10B84000F4D002F027FFC01BA842EFD3D1E71A685B
:10B8500042F480421A609FE716F8012B1A73E38EB8
:10B86000013B9BB2E386A9E700972B460122022108
:10B870002046FFF7B1FE0028BBD1024600972B46B9
:10B8800080212046FFF7A8FEA0B9A36833B922683B
:10B890000393D368039393680393039B636DB3F19E
:10B8A000000818BF4FF0010853E7E28E92B2012A58
:10B8B000B1D1A9E7636D202213436365626548E750
:10B8C0002DE9F043154690F8502085B0012A0C9FD1
:10B8D00000F0858004469946012380F850300E46DA
:10B8E00002F0D8FE94F851206368012A8046D1B254
:10B8F00011D0B3F5827F09D002200122002384F801
:10B90000512084F8503005B0BDE8F083A268002AC9
:10B91000F2D10429F0D1002E6AD0002D68D0B9F1FF
:10B92000000F65D094F85120A563012A04BF0522B9
:10B9300084F8512000226265C4E910222268A4F82C
:10B940003E90A4F836901168A4F83C90490626630E
:10B95000A4F8349003D4116841F040011160E1680B
:10B96000B1F5006F46D0002B75D0E38E9BB2012B52
:10B9700071D04FF00109E38E9BB21BB9E38F9BB2EC
:10B98000002B48D0B9F1000F0FD0E38E9BB263B10A
:10B9900023689A68920708D516F8012B1A73E38E6C
:10B9A000013B9BB24FF00009E386E38F9BB263B18A
:10B9B0002268936813F0010307D0D26805F8012BC1
:10B9C0009946E38F013B9BB2E3877B1CD3D002F007
:10B9D00061FEA0EB0800B842CDD303208DE7022022
:10B9E00005B0BDE8F083636D202213436365626593
:10B9F000012082E7002B62D136F8023BD360E38E50
:10BA0000013B9BB2E3864FF00109E38E9BB253BB2F
:10BA1000E38F9BB23BBBCDF800803B460122022165
:10BA20002046FFF7D9FD0028D7D10246CDF8008087
:10BA30003B4680212046FFF7CFFD0028D3D1A368E5
:10BA4000002B7FF45AAF23680390DA6803929B6857
:10BA50000393039B51E716F8013B1373E38E013BFD
:10BA60009BB2E38685E7B9F1000F0FD0E38E9BB25E
:10BA700063B123689A68900708D536F8022BDA601C
:10BA8000E38E013B9BB2E3864FF00009E38F9BB24C
:10BA900063B12268936813F0010307D0D26825F8D8
:10BAA000022B9946E38F013B9BB2E387791CACD014
:10BAB00002F0F0FDA0EB0800B842A6D38DE7E38EBC
:10BAC0009BB2012B9FD197E770B5044690F85000C8
:10BAD00001286AD0012084F8500094F8510065686C
:10BAE00001285FFA80FC0DD0B5F5827F04D00220DA
:10BAF000002384F8503070BDA0680028F7D1BCF155
:10BB0000040FF4D100294ED0002A4CD0002B4AD08B
:10BB100094F85100216301284FF0000504BF05206F
:10BB200084F851006565E386E38794F85110E06C72
:10BB30001F4EA38604291F49A3871F4BA26318BF6A
:10BB40000B46C4E910551D49036418BF31461C4B10
:10BB5000C364E38FC163216805659BB20C3101F0BA
:10BB600075F92268A06C5368216B43F001035360A0
:10BB7000E38E0C329BB2C0E90F55C0E9135501F0BA
:10BB800065F923681A68520603D41A6842F0400225
:10BB90001A605A6842F020025A605A6842F0020263
:10BBA00000205A60A4E70120A2E7022070BD00BF78
:10BBB00061BC0008DDBB0008CDBB000811BC00085B
:10BBC000EDBB0008704700BF704700BF08B5806B31
:10BBD000FFF7FAFF08BD00BF704700BF08B5806BD4
:10BBE000FFF7FAFF08BD00BF704700BF806B026817
:10BBF00008B5536823F003035360436D012143F0FC
:10BC00001003436580F85110FFF7EEFF08BD00BF39
:10BC100008B50368806B1B68DB050FD4D0E90021F1
:10BC20005368B1F5827F23F00303536009D00123E9
:10BC30000022C28780F85130436D73B9FFF7C2FF0D
:10BC400008BD8368B3F5004F02D0B3F5806FEED125
:10BC5000136823F040031360E9E7FFF7C5FF08BD51
:10BC600030B5054683B0846B02F014FD2B681A686A
:10BC700012F4807213D10090642380212046FFF7D4
:10BC8000ABFC88B921684B68002223F00303012034
:10BC90004B60E286E28784F85100636D6BB9204601
:10BCA00009F0C2FA03B030BD636D43F02003636551
:10BCB000636D43F020036365E4E72046FFF794FFDC
:10BCC00003B030BD026810B55168936803F0410CB1
:10BCD000BCF1010F84B004465AD0980701D508067C
:10BCE0005ED413F4B07F51D088064FD558060ED5D8
:10BCF00094F85100032842D0606D40F00400606564
:10BD000000200090D06800909068009000989806FD
:10BD10000CD5606D40F001006065002002909068D5
:10BD20000290106820F0400010600298D80508D5F5
:10BD3000636D002043F008036365039093680393E9
:10BD4000039B636D13B3536823F0E003536001203A
:10BD50008B0784F8510029D05368E06C23F003036B
:10BD6000536018B1134B036501F0F8F8A06C68B18B
:10BD7000104B036504B0BDE8104001F0EFB800239C
:10BD80000193D368019393680193019B04B010BDA4
:10BD900011F0400FA1D0036C04B0BDE8104018476B
:10BDA000636C204604B0BDE8104018472046FFF7FA
:10BDB0001BFFEBE7B9BD000808B5806B0023C38704
:10BDC000C386FFF711FF08BD38B5084C084D206841
:10BDD0004FF0FF3104F0EAFA0028F8D1284601F0CC
:10BDE0008FFB4320FDF7DEFDF1E700BF5C0900207B
:10BDF0006009002008B502F0DFFE0DF0AFFE034B36
:10BE00001868BDE8084005F07DB800BF440900206F
:10BE100030B58BB0002401216846009404F0B0FADC
:10BE2000274B284D1860214604F0C0FA012101A8D3
:10BE3000019404F0A5FA244B02940246012102A8C1
:10BE40001A6004F09DFA214B2146186004F0AEFA06
:10BE5000012103A8039404F093FA1D4B04940246B5
:10BE6000012104A81A6004F08BFA1A4B21461860CD
:10BE700004F09CFAAE46BEE80F000DF1140CACE8DD
:10BE80000F00DEF80030CCF80030214605A804F0A1
:10BE900005FA114B18600EF06BFA0DF033FC05F14A
:10BEA000140CBCE80F0005AD0FC5DCF800302B60AA
:10BEB000214605A804F0F2F9084B18600BB030BD1C
:10BEC0005C090020D0BB020858090020540900205A
:10BED000500900204C090020480900204409002096
:10BEE00010B5144C144A2368934205D0134A934268
:10BEF00006D02A2B0ED110BD114B00BF013BFCD147
:10BF0000104B2360104B83F30888104B5B689847F5
:10BF10002368EEE72A232360BFF34F8F0C490D4BB4
:10BF2000CA6802F4E0621343CB60BFF34F8F00BFD7
:10BF3000FDE700BFC8D6002075FEADDEEFBEADDE6A
:10BF400000A86100EDFEFECA000002200000FF1FF5
:10BF500000ED00E00400FA0570B594B02A4A2B4BBE
:10BF600000200190116C41F080511164126C02F0BC
:10BF700080520192019A02901A6842F480421A603B
:10BF80001B689FED1F7B03F480430293012302246F
:10BF9000029A0D934FF480010425A822072308A8D4
:10BFA0008DED087BCDE90E41CDE91052CDE912436C
:10BFB00002F096FE00B1FEE74FF4A05205904FF458
:10BFC00080530F26052103A8CDE90364CDE906239C
:10BFD00003F072F8044600B1FEE703F007F90C4BDA
:10BFE000A3FB00308009FDF7F5FC2846FDF70CFDAA
:10BFF000224631464FF0FF30FDF798FC14B070BD7B
:10C0000009000000000001000038024000700040FC
:10C01000D34D6210264A2749D2F8180A38B5D2F80B
:10C02000103AB2F8162A244C244D034442EA034243
:10C030001B0CC1E9002304F10C0E2146C3F30330AD
:10C040001B01285C01F8010B714543EA12734FEAAA
:10C050000212F3D10023237302F0F6FAFFF77CFFFC
:10C0600004F0B2FCFFF77AFA01F094FE01F0E6FE6C
:10C07000FFF74EF8FFF754F9FEF7EAFDFEF720FE52
:10C0800000F0A4F901F02EFFFFF7F4F800F002FC35
:10C09000FEF750FEFEF79EFE0948FEF7BDFD09487B
:10C0A000FEF7BAFDFFF7B4FE04F0EAF8FEE700BFC2
:10C0B0000070FF1FC0CF0020ACCF002054C002088A
:10C0C00008090020DC070020034B02689A4200D0D8
:10C0D000704702F0D3BA00BF00200040FEE700BF67
:10C0E0000368B3F1A04F00D0704700B59FED147BFB
:10C0F00089B04FF4C0500221CDE902010A2302A900
:10C10000114806938DED047B06F042FC0F4B596BF2
:10C11000002241F0800159630192586C40F4804044
:10C1200058645B6C03F48043052101934320019B19
:10C13000FDF7FCFB4320FDF735FC09B05DF804FB7F
:10C140000000000003000000000002400038024030
:10C15000F8B5D0F8EC5300F56F7605F50277044694
:10C160003146384602F09CF995F8083203F0600336
:10C17000402B03D195F80932502B06D0D4F8EC03AC
:10C180003146BDE8F84000F085BCD5F81432B5F86A
:10C190000E229B680121C5E97D1228463946984741
:10C1A000B5F80E3203B900B1F8BD2846BDE8F84035
:10C1B000FDF762BCC1EBC10300EB8303D0F8EC03D5
:10C1C000D3F8042200F096BCC1EBC10300EB83035B
:10C1D000D0F8EC035A6C00F0C1BC00BFD0F8EC03FF
:10C1E00000F048BD10B5C16804460039D0F8EC0332
:10C1F00018BF012100F028FDD4F8EC03BDE8104081
:10C2000000F002BD10B50446D0F8EC0300F020FDAC
:10C210002268D2F8003E43F00103C2F8003E236AD0
:10C2200023B1034A136943F00603136110BD00BF35
:10C2300000ED00E0D0F8EC0300F014BDD0F8EC0302
:10C2400000F028BDD0F8EC0300F022BDD0F8EC03DC
:10C2500000F022BDD0F8EC0300F020BD02780AB156
:10C2600000207047194B10B5C3F8EC034FF0A04401
:10C27000C0F8203206200221C3E900401846C3E975
:10C280000312C3E90521C3E90722C3E90B225A625D
:10C2900001F0B2F8A0B980210C48FFF75BF9402209
:10C2A00000210A48FFF730F9402201210748FFF733
:10C2B0002BF9402203210548FFF726F9002010BD85
:10C2C00003484FF4AC71FFF709FFE4E76009002071
:10C2D00068C0020808B5D0F8200201F0FBF818B1D8
:10C2E00002280CBF0120022008BD00BF944608B5FB
:10C2F0001A46D0F82002634601F02CFC18B102283F
:10C300000CBF0120022008BD08B5D0F8200201F0C2
:10C3100063FC18B102280CBF0120022008BD00BF39
:10C3200008B5D0F8200201F0E1FC18B102280CBFDA
:10C330000120022008BD00BF08B5D0F8200201F09E
:10C3400003FD18B102280CBF0120022008BD00BF68
:10C350000A06D0F8203206D4C1EBC10103EB8103F9
:10C3600093F8FA01704701F07F01C1EBC10103EBC3
:10C37000810393F83A00704708B5D0F8200201F025
:10C38000D5FB18B102280CBF0120022008BD00BF58
:10C3900008B5D0F8200201F081FC18B102280CBFCA
:10C3A0000120022008BD00BF08B5D0F8200201F02E
:10C3B00043FC18B102280CBF0120022008BD00BFB9
:10C3C00008B5D0F8200201F05FFC08BD10B5114897
:10C3D000114C4FF482720023C0E900424FF4006117
:10C3E0000122C0E90231C0E904324FF4007418217F
:10C3F0000A22C0E90641C0E90833C0E90A32FFF762
:10C4000037F900B910BDBDE8104004485221FFF7CC
:10C4100065BE00BF100E0020003C004084C0020832
:10C420003C4B02689A4200D0704770B586B003F565
:10C43000FE33002500951A6C374E42F400421A6410
:10C440001B6C4FF4E05103F400430093019101236E
:10C450000221CDE9021303220623044601A9009814
:10C460002E48CDE9042306F093FA2D4AE368F560DF
:10C47000C6E9002540214FF48062B1603261002B93
:10C4800034D119460022C6E90531234872624FF4BF
:10C490008033C6E9072300F00DFC002835D1214D7B
:10C4A000E3682149A66400224FF48060C5E90012C8
:10C4B000C5E90222B4632861EBB919460022C5E937
:10C4C000053118486A624FF48033C5E9072300F04C
:10C4D000F1FBA8B900220521E5643320AC63FDF728
:10C4E00025FA3320FDF75EFA06B070BD4FF4006305
:10C4F0004FF40051C6E74FF400634FF40051DDE7FD
:10C500000A489B21FFF7EAFDE4E708488421FFF78A
:10C51000E5FDC4E7003C0040B00D002000080240EB
:10C5200088600240500D00201060024084C0020864
:10C530000D4B02689A4200D070470C4A136C10B53C
:10C5400023F4004304464FF4E0511364084806F016
:10C5500041FBA06C00F042FCE06C00F03FFCBDE849
:10C5600010403320FDF72ABA003C0040003802405A
:10C57000000802400A4B1B68013308D04FF05003FB
:10C5800083F31188BFF36F8FBFF34F8FFEE74FF038
:10C59000500383F31188BFF36F8FBFF34F8FFEE714
:10C5A000CC01002006480068006880F3088862B665
:10C5B00061B6BFF34F8FBFF36F8F00DF00BF000086
:10C5C00008ED00E0DFF80C00016841F47001016043
:10C5D0007047000088ED00E010B44FF08073074C06
:10C5E00040F8043C21F001016FF0020340E90341EF
:10C5F00040E909325DF8044B4438704775C50008BE
:10C60000074B19680868B0E8F04F80F30988BFF35A
:10C610006F8F4FF0000080F311887047AFF30080F8
:10C62000041800204FF0500383F31188BFF36F8F7D
:10C63000BFF34F8F0B4A13680133012B136000D0F7
:10C6400070474FF0E023D3F8043DDBB2002BF7D066
:10C650004FF0500383F31188BFF36F8FBFF34F8FF9
:10C66000FEE700BFCC010020084A136843B94FF031
:10C67000500383F31188BFF36F8FBFF34F8FFEE733
:10C68000013B13600BB983F311887047CC01002084
:10C69000EFF30980BFF36F8F154B1A681EF0100F70
:10C6A00008BF20ED108A20E9F04F10604DF8043DDE
:10C6B0004FF0500080F31188BFF34F8FBFF36F8F9F
:10C6C00004F0C6FE4FF0000080F3118808BC196822
:10C6D0000868B0E8F04F1EF0100F08BFB0EC108AE9
:10C6E00080F30988BFF36F8F704700BFAFF30080FE
:10C6F0000418002008B54FF0500383F31188BFF3EE
:10C700006F8FBFF34F8F04F0D3FC28B14FF0E023BD
:10C710004FF08052C3F8042D002383F3118808BD25
:10C72000064B07491B68A1FB03134FF0E0229B094E
:10C73000013B072153611161704700BFC003002016
:10C74000D34D62104FF0E023354AD3F8001D9142DB
:10C750005DD0D3F8002D334B9A424FD010B5324BF9
:10C76000324C1A78324882B0FF21D2B2019219704D
:10C770001B78DBB28DF803309DF803309DF8032061
:10C7800003F0500307211206237001600ED5062224
:10C790009DF803305B00DBB28DF803309DF8033069
:10C7A0001B06114602F1FF32F2D401600368019AC0
:10C7B0001D491B024FF0E024D2B203F4E063036092
:10C7C0000A70D4F8203D43F47003C4F8203DD4F837
:10C7D000203D43F07043C4F8203DFFF7A1FF154B07
:10C7E00000221A60FFF7EEFED4F8343F43F04043D6
:10C7F000C4F8343FFFF7D6FEFFF7BCFE4FF05003FE
:10C8000083F31188BFF36F8FBFF34F8FFEE74FF0B5
:10C81000500383F31188BFF36F8FBFF34F8FFEE791
:10C8200071C20F4170C20F4100E400E06C0E0020A5
:10C83000680E0020CC010020EFF305830F2B0ED9EA
:10C840001149124A5B5C12789A4208D94FF05003A2
:10C8500083F31188BFF36F8FBFF34F8FFEE74FF065
:10C86000E0230B4AD3F80C3D126803F4E0639342D3
:10C8700008D94FF0500383F31188BFF36F8FBFF3D4
:10C880004F8FFEE7704700BFF0E300E06C0E002022
:10C89000680E002010B50C480C4C00234FF4E13119
:10C8A0000C22C0E90041C0E90233C0E90432C0E90A
:10C8B000063302F043FE00B910BDBDE81040044845
:10C8C0004E21FFF70BBC00BF300F0020004C004092
:10C8D00098C002083A4B02689A4200D0704770B57F
:10C8E00088B0002503F5F63301951A6C42F4002256
:10C8F0001A641B6C03F4002308260193012202230F
:10C90000CDE902230DEB06010222032304462D4844
:10C910000696CDE90423019B06F03AF80222022391
:10C92000CDE9022327480696002203230DEB0601DA
:10C93000CDE90423244E06F02BF8244A4FF000637F
:10C94000C6E9002330464FF480624FF48073C6E995
:10C950000255C6E90425C6E90653C6E9085500F0A4
:10C96000A9F918BB1A4D1B4A2A604FF00062002338
:10C9700066636A6040214FF480622846C5E902136D
:10C98000C5E90533C5E90733B4632A616B6200F07A
:10C9900091F980B92563002205213420AC63FCF7AE
:10C9A000C5FF3420FCF7FEFF08B070BD0A487F21A8
:10C9B000FFF794FBD6E708489121FFF78FFBE9E7E3
:10C9C000004C004000000240D00E002040600240B9
:10C9D000700E00207060024098C002080D4B026883
:10C9E0009A4200D070470C4A136C10B523F4002310
:10C9F000044603211364094806F0ECF8606B00F06C
:10CA0000EDF9206B00F0EAF9BDE810403420FCF7A6
:10CA1000D5BF00BF004C004000380240000002407B
:10CA200088B108B5D0F8143213B10023C0F814321D
:10CA300009B1C0F81012012380F8FC310270FFF731
:10CA40000DFC002008BD0220704700BF19B1C0F8DE
:10CA50001412002070470220704700BF08B5FFF78E
:10CA600039FC002008BD00BF08B5D0F8143233B13E
:10CA70001B689847003818BF0120400008BD0220FD
:10CA800008BD00BF08B5D0F814325B689847002095
:10CA900008BD00BF38B5044600F50275284601F010
:10CAA000FFFC94F80812B4F80E22C4F8F821012310
:10CAB000C4F8F43101F01F03012B0ED0022B06D075
:10CAC0008BB92946204601F00DFB002038BD2946D0
:10CAD000204601F073FC002038BD2946204601F0B5
:10CAE0004FFC002038BD01F080012046FFF718FC04
:10CAF000002038BD10B5044631B91346D0F8F421F2
:10CB0000032A0DD0002010BDD0F814329B69002BF1
:10CB1000F8D090F8FC21032AF4D19847002010BDEA
:10CB2000D0E9431291420DD8D0F814321B6923B1D9
:10CB300090F8FC21032A00D198472046FCF79CFF7F
:10CB4000002010BD891A8A4228BF0A46C0F80C117D
:10CB500092B21946FCF788FFD4E700BF70B50446CF
:10CB600051B91346D0F8F421022A16D094F80032B5
:10CB7000012B0DD0002070BDD0F814325B69002B62
:10CB8000F8D090F8FC21032AF4D19847002070BD1A
:10CB9000002384F80032002070BDD0E90726B2429D
:10CBA00021D88369B3FBF6F506FB15355DB99E42C6
:10CBB00009D8D0F8F821934205D22A46FCF73EFF67
:10CBC000C4F8F85116E0D4F81432DB681BB194F8BD
:10CBD000FC21032A15D02046FCF75AFF94F80032B6
:10CBE000012BC7D1D4E7921B0D46C261194692B200
:10CBF000FCF724FF2B462A4629462046FFF7D4FBA4
:10CC0000B4E720469847E6E738B5002204461146C7
:10CC100040254023FFF76AFB2B460022C4F8105141
:10CC200080212046FFF762FBD4F8183225620122EA
:10CC300084F8FC212BB1D4F8143221795B682046AA
:10CC40009847002038BD00BF01740020704700BF26
:10CC500090F8FC2180F8FD21042380F8FC310020AD
:10CC6000704700BF0346002093F8FD2183F8FC21A4
:10CC7000704700BF90F8FC21032A01D000207047C4
:10CC800008B5D0F81432DB6903B19847002008BD1D
:10CC900000207047002070470020704708B5D0F88A
:10CCA0001422012180F8FC1152680179904700207C
:10CCB00008BD00BF38B5044601F0ECFC002C6BD079
:10CCC00023680222002184F8341084F835201A6881
:10CCD00022F0010205461A6005E001F0DBFC431B6F
:10CCE000052B37D823681A68D107F6D4D4E9012078
:10CCF000E16802430A43D4E90451A0692A430A4384
:10CD0000E1691D6802430A4331492940256A2A43E3
:10CD10000A43616A042924D01A605A6922F0070282
:10CD20001143D8B22B4A59611038A2FB00521209A4
:10CD300029496FF30903895CE1655F2888BF0433E3
:10CD40003F228A40A36500209A600123606584F831
:10CD5000353038BD03232022626584F8353018460B
:10CD600038BDD4E90B512943114319605969A26AAE
:10CD700021F00701114341F00401002DD1D068B921
:10CD8000012A21D032F00202CBD1EA01C9D54022DA
:10CD90000123626584F83530012038BDB0F5005FAD
:10CDA00004D0022AF3D9032AEFD0BAE7032AB8D86D
:10CDB00001A050F822F000BF8FCD00088BCD0008F5
:10CDC0008FCD0008C9CD0008B5F1C07FA9D1DEE73D
:10CDD0003F8010F0ABAAAAAAF4D7020800282FD0EF
:10CDE00090F83530022B0246D8B228D01368154986
:10CDF000D8B2103830B4A1FB004109091C68124DAB
:10CE000024F001046D5C1C60002119605960996078
:10CE1000D9601961212159615F286FF3090388BF27
:10CE200004333F200021A840D56593659860516583
:10CE300082F8341082F83510084630BC70477047CD
:10CE400001207047ABAAAAAAF4D7020870B490F8E0
:10CE50003440856D012C0AD090F835404FF0010C1C
:10CE6000644580F834C005D0002380F834300220B7
:10CE700070BC7047022680F835600468002646655D
:10CE8000266826F48026266063608368402B0EBFE8
:10CE9000A260A160E260C26D08BFE1603F239340E1
:10CEA000AB602368026C43F016032360636943F0B0
:10CEB000800363611AB1236843F008032360236889
:10CEC00043F001030020236070BC704770B5044636
:10CED000866D01F0DFFB94F83530022B06D000237D
:10CEE000802284F834306265012070BD23681A689E
:10CEF00022F016021A605A6922F080025A61226CEE
:10CF0000054632B31A6822F008021A601A6822F045
:10CF100001021A6005E001F0BDFB431B052B0FD891
:10CF200023681B6813F00103F5D1E16D3F228A40AD
:10CF30000121B26084F8343084F83510184670BD91
:10CF4000032020220023626584F8343084F8350001
:10CF500070BDA26C002AD5D1D8E700BF90F835305B
:10CF6000022B03D08023436501207047026805230C
:10CF700080F83530136823F00103002013607047F8
:10CF8000F0B583B0674A876D166800230193C36DBF
:10CF90003D6808229A402A42044603D00168086886
:10CFA000400778D401229A402A4203D02168496977
:10CFB00008066AD404229A402A4203D021680968EC
:10CFC00089075CD410229A402A4203D0216808685D
:10CFD000000741D420229A402A4214D021680868D0
:10CFE000C00610D5BA6094F83520052A63D00B68C6
:10CFF00013F4802F0B687ED0190340F18980E36B16
:10D000000BB120469847636D23B3636DDA071AD5D9
:10D0100022684549052384F835301368A1FB0616BC
:10D0200023F00103B60A136002E01368DB0704D59E
:10D03000019B0133B3420193F7D90022012384F805
:10D04000342084F83530E36C23B1204603B0BDE8CA
:10D05000F040184703B0F0BDBA600A6812F4802FA0
:10D060000A6822D1D20503D40A6822F008020A60B5
:10D07000226C002AAED020469047E36DAAE7BA6042
:10D08000626D42F0040262659CE7BA60626D42F034
:10D09000020262658EE7086820F004000860BA604A
:10D0A000626D42F0010262657CE71103E0D5A26C7B
:10D0B000002AE0D18EE70A6822F016020A604A6967
:10D0C00022F080024A61226C3AB30A6822F0080218
:10D0D0000A603F2202FA03F3216DBB6000220123A4
:10D0E00084F8342084F835300029B3D0204603B0CA
:10D0F000BDE8F040084713F4807380D10A6822F03D
:10D1000010020A60012284F8343084F8352076E772
:10D11000636C002B7FF475AF75E7A26C002AD4D145
:10D12000D7E700BFC0030020B5814E1B10B4154BDC
:10D130001A461B688342FBD35468416802EB040C17
:10D14000604513D04418A34206D00360824218BF42
:10D1500010605DF8044B70470B4C2468A342F4D078
:10D16000D3E90034214403604160EFE721445018C3
:10D1700083425160EDD1044800688342E9D01046F3
:10D18000EEE700BF800F00207C0F00202DE9F84360
:10D190003E4E044603F076FF3368002B58D03C4BDC
:10D1A0001D682C422ED16CB304F1080160071CBF2E
:10D1B00021F00701083129B3DFF8E880D8F80070C2
:10D1C0008F421FD33348046803E0236823B120460D
:10D1D0001C4662688A42F8D33368A34212D0531ABD
:10D1E0002668D0F800900660102B16D96018420708
:10D1F0000ED04FF0500383F31188BFF36F8FBFF34E
:10D200004F8FFEE704F092F800263046BDE8F88321
:10D2100043606160FFF78AFF62681F4B1968BF1A9D
:10D220008F4238BF1F602A430023C4E9003209F14E
:10D230000806C8F8007004F079F87307E5D04FF0DD
:10D24000500383F31188BFF36F8FBFF34F8FFEE757
:10D25000124B134A10490E4F5D0718BF07330D4D8F
:10D2600022F0070218BF23F007032B601846D31AD9
:10D270000B600C4932600B60002169604FF0004583
:10D28000C2E900113D60C0E900238AE77C0F00205D
:10D29000700F0020800F0020740F0020000000108D
:10D2A000F8FF0010780F0020D0B11A4A50F8043C63
:10D2B000126813420BD050F8081C91B14FF0500384
:10D2C00083F31188BFF36F8FBFF34F8FFEE74FF0EB
:10D2D000500383F31188BFF36F8FBFF34F8FFEE7C7
:10D2E000704700B523EA020383B040F8043C019084
:10D2F00003F0C8FE084A0198116850F8043C083849
:10D300000B441360FFF712FF03B05DF804EB04F069
:10D310000DB800BF700F0020780F0020014B186877
:10D32000704700BF740F00200020704708B50968DF
:10D330001CF0ACFF002008BD10B50C4C0C490123BB
:10D340000022204603F0CCF90A490122204603F0CE
:10D35000DBF9032308490022204603F0C1F90749FD
:10D360000322204603F0D0F9002010BDC81300208E
:10D37000C80F002048100020880F0020081000204F
:10D38000212806D14FF4E1300022082308608A806A
:10D390008B710020704700BF402923D8134B012A0E
:10D3A00070B5D3F818320D46144618D0032A1BD195
:10D3B0000F4E5C331B7A83B92A4601463046F5F797
:10D3C000E3FA314623462A46084803F089F9214604
:10D3D0000648BDE8704003F0A7B9012070BD054EB6
:10D3E0004433E7E702207047022070BDC8130020D5
:10D3F000880F0020C80F0020002868D0F0B5032354
:10D4000005468BB080F8B9332C46FEF769FE2868D4
:10D41000FCF7EAFF54F810EBA446BCE80F006F4697
:10D420000FC7BCE80F000FC79CE8030087E80300A4
:10D430002E1D96E80E007046FCF778FF0021286844
:10D44000FCF7DAFF00212B462A460127084682F81E
:10D450003810D18701310F29C2E9100082F83970E4
:10D4600082F83B00D06402F11C02F0D100222F6848
:10D47000114602F1400083F8F821DA8707EB8000BB
:10D4800001320F2AC3E9801183F8F91183F8FB11E7
:10D49000C3F80C12416003F11C03EAD10FCCEC4637
:10D4A000ACE80F000FCCACE80F0094E803008CE868
:10D4B0000300384696E80E00FCF7B8FF0123286801
:10D4C00085F8B933FDF72EFB00200BB0F0BD01202D
:10D4D000704700BF90F8B833012B0FD010B5044649
:10D4E0000123006884F8B833FDF70EFB2068FCF7D1
:10D4F00073FF002384F8B833184610BD022070472C
:10D500002DE9F04F036887B0044618460293FDF7F3
:10D5100043FB10B107B0BDE8F08F05462068FDF76A
:10D520000FFB0028F6D02068FDF70AFB10F0020F71
:10D5300020681EBF436903F002034361FDF700FB4F
:10D54000010300F16C8120684FF0000BFDF7F8FA41
:10D5500010F4802F206840F0C080FDF7F1FA002819
:10D56000C0F226822068FDF7EBFA01054CD4206852
:10D57000FDF7E6FAC30471D42068FDF7E1FA10F470
:10D58000005F20684CD1FDF7DBFA10F0100F206827
:10D5900015D0836923F010038361029B1D6A05F493
:10D5A000F013B3F5802F05F00F0600F01282B3F5EB
:10D5B000402F00F0C681836943F010038361FDF7BB
:10D5C000BFFA070700F197812068FDF7B9FAC60294
:10D5D00000F186812068FDF7B3FA850200F17581BC
:10D5E0002068FDF7ADFA400000F166812068FDF784
:10D5F000A7FA41078ED523685D686A0700F10A82A1
:10D600005A682A435A6085E7029BD3F80838DA073C
:10D6100000F1FC812068436903F400634361A7E7DC
:10D62000FDF7BEFA2068C36823F47053C360FCF7AB
:10D63000D1FF002840F073812268E0604FF400734E
:10D640006361D36843F41053D3602046FEF7CAFDEC
:10D650002068436903F40053436194E7029B206808
:10D6600003F500661021736823F001037360FCF773
:10D670009FFF616859B1029BFF2203F510630135DA
:10D680008D429A60C3F8082203F12003F7D14FF0CE
:10D69000FF33B361F36943F00113F361236B002B94
:10D6A00040F03281736943F00B037361336943F0D7
:10D6B0000B033361029A217CD2F80038206823F4EE
:10D6C000FE63C2F8003804F56F72FDF783FA206834
:10D6D000436903F4805343614FE7FDF73DFA834606
:10D6E0002068BBF1000F3FF438AF029BCDE903B5D2
:10D6F000264603F510694FF0000AD84609E05FEAB4
:10D7000058080AF1010A06F11C0609F1200900F087
:10D71000428118F0010FF2D05FFA8AF73946FDF71F
:10D720002DFAC307054640F12C8102980122D0F85A
:10D73000343802FA0AF123EA0103C0F834382369C5
:10D74000C9F80820934203D1D6E910231344736427
:10D7500039462046FEF738FD2169D4F800B001298A
:10D7600000F00281280744BF0823C9F80830E90601
:10D7700044BF1023C9F808306A0644BF4023C9F8E3
:10D780000830AB0744BF0223C9F808302D065846BD
:10D79000B5D50BF5106C0CEB4A1CD6E91323DCF85D
:10D7A0001850316C1FFA85FED51A8D4228BF0D46E0
:10D7B000E91CBEEB910F25D9CDF814A0E2461AE082
:10D7C000336C716C9A4228BF1A46237C009315462D
:10D7D00093B258463A46FDF72DF9736CDAF81820E3
:10D7E0002B447364336D92B2E91C2B44B2EB910F5E
:10D7F000336504D9F26C9342A2EB0302E0D3DDF867
:10D8000014A02068002D7FF47AAFDBF834380122B1
:10D8100002FA0AF223EA0203CBF834386FE72068F1
:10D82000FDF792F9034600283FF48DAE029A206876
:10D83000CDE9033502F53067A1464FF000081E46DA
:10D840004FF0010A08E0760808F1010807F1200707
:10D8500009F11C0900F09880F207F4D55FFA88F509
:10D860002946FDF781F910F0010F834619D022698E
:10D87000C7F808A0012A0CD13A69D9F80002C2F30E
:10D880001202821AC9F81022D9F804220244C9F8F7
:10D89000042229462046FEF78DFC2169012900F06B
:10D8A000BE801BF0080F7DD11BF0100F18BF102396
:10D8B000206818BFBB60C6E72046FEF7C7FC20689B
:10D8C000436903F08043436191E620465FFA8BF1A0
:10D8D000FEF7B4FC2068436903F40013436180E65B
:10D8E00020465FFA8BF1FEF7ADFC2068436903F434
:10D8F000801343616FE62046FEF770FC20684369A1
:10D9000003F00803436160E6D6F8843043F00B036C
:10D91000C6F88430736C43F00B037364CAE60322C9
:10D920004023E260636101F061FC714B714A034482
:10D93000934200F283802268D36843F47053D3602B
:10D9400083E6082204F56F710298C6EBC606FDF760
:10D9500087F804EB8602C5F30A13D2F81012206888
:10D960000B44C2F8103226E6BAF1000F7FF4FAAE8B
:10D97000E36C002B7FF4F6AE584604F56F72FDF7AA
:10D9800029F9D4F800B0EDE6DDE90335B3FA83F305
:10D99000C3F1200BDAE5DDE903B5BBFA8BF3C3F184
:10D9A000200BDAE52046FEF7D3FB0822BA607BE7BE
:10D9B000029B03F50062D3F8043823F0010353609F
:10D9C0002046FEF737FC2068436903F000434361BB
:10D9D000C9E547F6F0731D423FF4EDADC6EBC60650
:10D9E00004EB8606C5F30A120298D6F8041215460F
:10D9F000FDF736F8D6F8042220682A44C6F8042237
:10DA0000D6F810222A44C6F81022D4E52046FEF7A4
:10DA1000F9FBFFE52046FEF71DFC2368F0E5B8F1B1
:10DA2000000F7FF43EAFD4F80C22002A7FF439AF08
:10DA3000206804F56F72FDF7CDF832E72E4A2F49C2
:10DA4000236802448A4204D8DA6842F46052DA60F9
:10DA5000FBE52B49A0F57402A2F510528A4204D8C6
:10DA6000DA6842F45052DA60EFE52649A0F1837299
:10DA7000A2F5E7428A4204D2DA6842F44052DA6000
:10DA8000E3E5214A214902448A4204D8DA6842F493
:10DA90003052DA60D9E51E4A1E4902448A4204D255
:10DAA000DA6842F42052DA60CFE51B4A1B4902448F
:10DAB0008A4204D2DA6842F41052DA60C5E51849A5
:10DAC000A0F1B772A2F558528A4204D2DA6842F441
:10DAD0000052DA60B9E5134A134902448A42DA680F
:10DAE00034BF42F4E05242F4C052DA60ADE500BF08
:10DAF000405327FFFF340C00401E1BFF3F420F0026
:10DB00007F4F120020D6130060B6E5FE5FE31600DB
:10DB100000D3CEFE40771B00C05BB3FEC091210056
:10DB200020753800E05459FEE09C410090F8B8336D
:10DB3000012B0CD010B504460123006884F8B833DB
:10DB4000FCF7D2FF002384F8B833184610BD02203A
:10DB5000704700BF8C46090610B5044624D41C212A
:10DB600001FB0C01CCEBCC0004EB800001F5FC7157
:10DB7000C0F80022002280F8F8C180F8FB3180F85C
:10DB8000F921022B04BF00230B7194F8B833012B49
:10DB90001FD0012384F8B8332068FCF739FD002337
:10DBA00084F8B833184610BD0CF07F0C1C2101FB23
:10DBB0000C01CCEBCC0004EB800038310264012274
:10DBC00080F838C080F83B30A0F83EC080F839209B
:10DBD000D7E7022010BD00BF4BB2002B10B501F0FB
:10DBE0007F02044618DB1C2000FB0141DB0F81F89B
:10DBF000F82181F8F93194F8B833012B01F5FC7163
:10DC000018D0012384F8B8332068FCF745FD0023C1
:10DC100084F8B833184610BD1C2101FB0201DB0F4C
:10DC200081F8382081F8393094F8B833012B01F1AC
:10DC30003801E6D1022010BD10B501F07F04C4EB1D
:10DC4000C40C00EB8C0C1C21CCF80C320023CCF85B
:10DC500004228CF8F841CCF810328CF8F9310369C1
:10DC600001FB0401012B08BFCCF80822006801F574
:10DC7000FC71DAB21CB9FCF75DFE002010BDFCF7A8
:10DC800067FD002010BD00BF01F00F01C1EBC10115
:10DC900000EB8100B0F81002704700BF10B501F032
:10DCA0007F04C4EBC40C00EB8C0C1C21CCF84C3072
:10DCB0000023CCF850300123CCF844208CF83840B5
:10DCC0008CF83930036901FB0401012B08BFCCF843
:10DCD000482000683831DAB21CB9FCF72BFE00206E
:10DCE00010BDFCF735FD002010BD00BF38B54BB2AC
:10DCF000002B044601F07F0517DB1C2202FB01010B
:10DD000001F5FC710122DB0F8A700D704B7094F8E5
:10DD1000B833934215D0206884F8B823FCF7B0FEDE
:10DD200045B1002084F8B80338BD1C2101FB050172
:10DD30003831E7E7217C206804F56F72FCF74AFF71
:10DD4000EFE7022038BD00BF38B54BB2002B0446C8
:10DD500001F07F0217DB1C2000FB014101F5FC7183
:10DD6000DB0F00258D700A704B7094F8B833012BCF
:10DD70000ED00123206884F8B833FCF79DFE84F8A8
:10DD8000B853284638BD1C2101FB02013831E7E7B2
:10DD9000022038BD30B52548254C4FF48031C0E90C
:10DDA0000041244C002301228FB00025C0E90A4520
:10DDB0008360036183610362C360C2610363426184
:10DDC00004F0C4FB08BB0624012500231748029376
:10DDD0006946CDE9004504F033FD08BB0122062168
:10DDE0000023CDE905124FF480154FF480340F481D
:10DDF000099205A9CDE90C45CDE90A3307930893AB
:10DE000002F0EEFC30B90FB030BD0B485E21FEF7DA
:10DE100065F9D8E708487821FEF760F90FB030BD02
:10DE200005486821FEF75AF9D8E700BF78110020AD
:10DE3000002001400100000FB0C0020830B52648A4
:10DE4000264C4FF4803100230122C0E900418FB0FD
:10DE50004FF060644FF08055C0E90A45836003616C
:10DE600083610362C360C2610363426104F06EFBBD
:10DE700008BB0D2401250023174802936946CDE90C
:10DE8000004504F0DDFC08BB01220A210023CDE996
:10DE900005124FF480154FF480340F48099205A9FC
:10DEA000CDE90C45CDE90A330793089302F098FCBD
:10DEB00030B90FB030BD0A489221FEF70FF9D8E70C
:10DEC0000748AC21FEF70AF90FB030BD04489C2189
:10DED000FEF704F9D8E700BF30110020002101400F
:10DEE000B0C0020830B52648264C4FF480310023DC
:10DEF0000122C0E900418FB04FF060644FF08055BF
:10DF0000C0E90A458360036183610362C360C26143
:10DF10000363426104F01AFB08BB0C2401250023B3
:10DF2000174802936946CDE9004504F089FC08BB17
:10DF300001220B210023CDE905124FF480154FF487
:10DF400080340F48099205A9CDE90C45CDE90A3383
:10DF50000793089302F044FC30B90FB030BD0A4873
:10DF6000C621FEF7BBF8D8E70748E021FEF7B6F870
:10DF70000FB030BD0448D021FEF7B0F8D8E700BF9D
:10DF8000E810002000220140B0C00208000000009C
:10DF900070B54B4A036893428AB007D0494A93420E
:10DFA00048D0494A93426DD00AB070BD0026474B15
:10DFB00001965A6C464D42F480725A645B6C069628
:10DFC00003F4807301932F22032304A904464148DC
:10DFD000CDE90423019B04F0DBFC702203233E48BF
:10DFE000069604A9CDE9042304F0D2FC3B4A6E62F4
:10DFF0004FF48063C5E900262B614FF400624FF4B3
:10E000000053C5E9052328464FF48073C5E902662D
:10E01000C5E90736FEF74EFE002846D1A56300226B
:10E0200005211220AC63FBF781FC1220FBF7BAFC40
:10E030000AB070BD254B2748002402945A6C42F464
:10E0400000725A645B6C06949FED1B7B03F40073B3
:10E05000029304A9029B8DED047B04F099FC7022CD
:10E060000323CDE904231C4804A9069404F090FC82
:10E07000224605211220FBF759FC1220FBF792FCE7
:10E080000AB070BD114B002403945A6C42F48062B4
:10E090005A645B6C03F480630F2003210393CDE982
:10E0A0000401039B0B4804A9DFE70D484FF48A7174
:10E0B000FEF714F8B2E700BF2F00000003000000D5
:10E0C00000200140002101400022014000380240B0
:10E0D0008810002000080240000002401064024046
:10E0E000B0C0020830B54B7883B00D460446092B0A
:10E0F0000BD8DFE803F036480A570A05630A79159A
:10E100008B8813B9CB88002B7BD080212046FEF76B
:10E1100007F900212046FEF703F9002003B030BDC7
:10E120008978964D01292970EFD890F8FC31022B9F
:10E130007ED0032BE9D1002900F00E81416801292E
:10E1400009D0C9B2FEF79EFC297861602046FEF72F
:10E150008BFC0228D9D02046FBF78EFC002003B0B0
:10E1600030BD90F8FC31023B012BCED8D0F8043200
:10E170000146002B0CBF0123032341F80C3F022270
:10E18000FBF74EFCC9E790F8FC31023B012BBCD8F1
:10E190004B88012BC1D1D0F8143200229B68C0F803
:10E1A000042207E04B88012BB7D1D0F81422C0F825
:10E1B00004329368294620469847CCE749880B0AE1
:10E1C000013B062BA1D801A252F823F0D3E20008AC
:10E1D000BBE20008ABE200080BE100080BE100081D
:10E1E00095E2000857E20008CA88012A8DD190F80C
:10E1F000FC31022B28D0032B87D1011DFBF710FC2B
:10E200008BE790F8FC314D88032B3FF47EAF05F08F
:10E210007F0580F8FE512946FEF7AEF82046FBF751
:10E220002BFC002D00F08D80022384F8FC3174E774
:10E23000002990D001210323416080F8FC31FEF7D2
:10E2400013FC022887D160E70146002341F8083F0C
:10E25000FBF7E6FB61E7037C002B7FF456AFD0F8B9
:10E2600014320DF106001B6B984707234370BDF86D
:10E270000630002B3FF451AFEA88002A3FF44DAF3F
:10E280009A4228BF1A4601462046ADF80620FBF701
:10E29000C7FB42E7037C002B7FF437AFD0F8143282
:10E2A0000DF106005B6B9847E1E7C9B205295DD81F
:10E2B000DFE801F0271F17372F3F027CD0F8143218
:10E2C000002A42D19B6A0DF1060098470223437051
:10E2D000CDE7D0F81032007C1B680DF1060198479D
:10E2E000C5E7D0F81032007CDB680DF106019847D5
:10E2F000BDE7D0F81032007C9B680DF1060198470D
:10E30000B5E7D0F81032007C5B680DF10601984744
:10E31000ADE7D0F81032007C5B690DF1060198473B
:10E32000A5E7D0F81032007C1B690DF10601984773
:10E330009DE7D0F81032007C9B690DF106019847EB
:10E3400095E7012384F8FC31E7E6DB6A0DF106006E
:10E350009847022343708AE7022380F8FC3141602A
:10E36000FEF790FB2046FBF787FBD6E6D0F8143289
:10E370000DF106029B6B984779E700BFC0110020A2
:10E3800038B590F8FC31032B04460DD10B79012BE5
:10E390000D4609D8D0F814329B689847EB885BB9D2
:10E3A0002046FBF769FB07E080212046FDF7B8FF18
:10E3B00000212046FDF7B4FF002038BD38B50B78AA
:10E3C0008A8803F06003202B054623D04B78012B6D
:10E3D0000C465FFA82FC3BD0032B21D0C3B990F8E6
:10E3E000FC31022B4ED0032B42D1130651D400EB4B
:10E3F0000C1404F5827461462846FDF7A9FF003825
:10E4000018BF01202060022221462846FBF708FBA6
:10E41000002038BDD0F814329B689847002038BDE2
:10E4200090F8FC31022B2DD0032B21D14B882BB936
:10E430001CF07F0F02D06146FDF772FFD5F8143251
:10E4400021469B68284698472846FBF715FBDFE7DF
:10E4500090F8FC31022B15D0032B09D14B88002BEF
:10E46000D6D11CF07F0FEFD06146FDF765FFE5E7E1
:10E4700080212846FDF754FF00212846FDF750FF74
:10E48000002038BD1CF07F0FC2D06146FDF748FF69
:10E49000BEE70CF07F0400EB04141434ABE700BFBC
:10E4A0000B7803704B7843704B8843808B88838054
:10E4B000CB88C380704700BF10B580210446FDF7AC
:10E4C0002FFF20460021BDE81040FDF729BF00BF07
:10E4D00008B370B503780E4614460546E3B1013023
:10E4E000F2F76EFB431CDBB201335B00DAB2238030
:10E4F0000323327073702C7864B128460223002104
:10E500005A1CD2B2F454B15410F8014F0233DBB2AA
:10E51000002CF5D170BD704702221346E7E700BF1B
:10E5200000F108034FF0FF310022C0E90131C0E9DA
:10E5300003330260704700BF00230361704700BFD0
:10E54000D0E9003210B494680133C1E9012461605C
:10E5500091605DF8044B08610360704730B40D684A
:10E560006B1C10D000F108031C465B681A68AA42B5
:10E57000FAD902684B60013299608C606160086171
:10E5800030BC0260704704696368F2E703460269C1
:10E590009968406810B454688160486010689C4273
:10E5A00008BF51600138002119615DF8044B10600B
:10E5B000704700BF10B582B00024224B00945A6C03
:10E5C00042F480425A645A6C02F480420092009AEB
:10E5D00001941A6C42F080521A641B6C03F0805351
:10E5E00001930320019BFBF78FF9224621466FF030
:10E5F0000B00FBF79BF9224621466FF00A00FBF760
:10E6000095F9224621466FF00900FBF78FF9224663
:10E6100021466FF00400FBF789F9224621466FF08E
:10E620000300FBF783F922460F216FF00100FBF78F
:10E630007DF922460F214FF0FF3002B0BDE81040B7
:10E64000FBF774B90038024008B50B4B1A6842F466
:10E6500000721A601A6842F480621A601A6842F402
:10E6600080721A600320FBF74FF90020FBF71CFAB9
:10E67000FFF7A0FF002008BD003C0240034A044B06
:10E6800011681B780B441360704700BFC411002051
:10E69000E0010020014B1868704700BFC411002042
:10E6A00038B50446FFF7F6FF631C054602D0044B5D
:10E6B0001B781C44FFF7EEFF401BA042FAD338BD85
:10E6C000E0010020122301480B807047E801002080
:10E6D000042301480B807047E401002010B5044C6E
:10E6E00004480A462146FFF7F3FE204610BD00BF4E
:10E6F000C8110020C4C0020810B5044C04480A46E2
:10E700002146FFF7E5FE204610BD00BFC8110020DE
:10E71000ACCF002010B5044C04480A462146FFF750
:10E72000D7FE204610BD00BFC8110020D4C002088B
:10E7300010B5044C04480A462146FFF7C9FE20469E
:10E7400010BD00BFC8110020F0C0020810B5044C75
:10E7500004480A462146FFF7BBFE204610BD00BF15
:10E76000C8110020FCC002080020EE2908B5108066
:10E7700002D0062905D008BD1346122204481A808B
:10E7800008BD04490448FFF7A3FE024808BD00BFC6
:10E7900018020020C81100200CC102080D4B1A6994
:10E7A00022F440721A611A69022994BF09024FF4D7
:10E7B00040710A431A611A6922F0F8021A611A6953
:10E7C00042EAC00040F0020018611A6942F4803247
:10E7D0001A617047003C0240144B1A6891050FD52E
:10E7E0001A6822F400721A601A6842F400621A6011
:10E7F0001A6822F400621A601A6842F400721A6001
:10E800000A4B1A6852050FD51A6822F480621A6002
:10E810001A6842F480521A601A6822F480521A6010
:10E820001A6842F480621A60704700BF003C0240E0
:10E830002DE9F8432D4F3B7E012B38D001230446B0
:10E840004CF2503088463B7601F04EF9064648BB04
:10E850004FF0FF33C8F800302368012B2BD0D4E9E8
:10E8600002532B44AB421BD9DFF8849005E0D4E976
:10E87000022301351344AB4212D9217C2846FFF70D
:10E880008DFF4CF2503001F02FF9D9F8103023F001
:10E89000FA03C9F810300028E9D0C8F8005006463D
:10E8A000FFF79AFF00233B763046BDE8F883022647
:10E8B0003046BDE8F8830E4D23692A6922F4407280
:10E8C0002A612A6942F004022A612A691B029BB26A
:10E8D000134343F480332B614CF2503001F004F9C0
:10E8E0002B6923F0040306462B61D9E71416002098
:10E8F000003C0240704700BF30B4D0E900428AB00B
:10E90000816802940392D0E903250491D0E905417E
:10E9100005920123C26906950794089109928DF822
:10E9200007309DF80730002BFBD10AB030BC704790
:10E930001EF0040F0CBFEFF30880EFF30980FFF720
:10E94000DBBF00BFFEE700BFFEE700BFFEE700BF82
:10E95000704700BF01F07CBD0148FEF711BB00BF4E
:10E96000500D00200148FEF70BBB00BFD00E002069
:10E970000148FEF705BB00BF700E00200148FEF7FE
:10E98000FFBA00BFB00D00200148FBF773BB00BF0A
:10E99000EC1500200148FBF76DBB00BFEC15002013
:10E9A0000148FBF767BB00BFEC1500200148FBF7EF
:10E9B00061BB00BFEC15002008B5044803F06EFAF7
:10E9C000BDE80840024803F069BA00BFDC07002038
:10E9D000600700200148FDF775B900BF100E002048
:10E9E000014800F04BBF00BF300F002008B54320A6
:10E9F000FAF7E4FF024B1868BDE8084001F002BDD9
:10EA00005C09002038B503681A6852070D460446B1
:10EA1000596801D509060DD41A685B68920708D5B4
:10EA20009B0606D500212046A84723686FF01202F6
:10EA30001A6038BD0121A84723686FF00C021A60E4
:10EA4000EAE700BF10B5074C07490848FFF7DAFFAF
:10EA500021460748FFF7D6FF21460648BDE810408B
:10EA6000FFF7D0BF5D4E0108114C0108781100205E
:10EA700030110020E810002003681A6970B596076D
:10EA800004460D4606D56FF002021A61596B01204B
:10EA9000A84723681A69500706D56FF004021A6167
:10EAA000996B0220A84723681A69110706D56FF0F1
:10EAB00008021A61D96B0320A84723681A69D20695
:10EAC00008D56FF010021A61196C04202B46BDE8BE
:10EAD0007040184770BD00BF10B5054C0549204671
:10EAE000FFF7CAFF2046BDE8104003F0D7B900BFCA
:10EAF0001808002025510108034803686FF001023F
:10EB00001A6106F099B800BF08090020034803689D
:10EB10006FF001021A6106F08FB800BFDC07002019
:10EB2000014804F08FBB00BFC8180020014804F062
:10EB3000D7BA00BFC8180020012004F007B900BFF1
:10EB4000042004F003B900BF082004F0FFB800BFA0
:10EB5000102004F0FBB800BF08B5202004F0F6F840
:10EB6000402004F0F3F8802004F0F0F84FF48070B7
:10EB700004F0ECF8BDE808404FF4007004F0E6B88B
:10EB800008B54FF4806004F0E1F84FF4006004F041
:10EB9000DDF84FF4805004F0D9F84FF4005004F041
:10EBA000D5F84FF4804004F0D1F8BDE808404FF4A8
:10EBB000004004F0CBB800BF10B5094C0949002251
:10EBC0002046FDF72DFF08492046FDF73FFF204670
:10EBD000064901F07DFD2046BDE81040FDF73EBF2F
:10EBE000C8130020FC01002078030020D001002081
:10EBF0000E480F490F4A10B50023082401604FF05A
:10EC00004071C0E90143C1604FF470244FF44011DA
:10EC1000C0E9044182618383FAF786FF00B910BD21
:10EC2000BDE8104004484F21FDF758BAEC1500200C
:10EC3000006400400001010128C10208000000003A
:10EC4000254B02689A4200D0704710B588B0002466
:10EC500003F5EA3301941A6C42F000721A641B6CDB
:10EC60009FED1B7B4FF44070022103F00073CDE950
:10EC70000201019302A90923184806938DED047B34
:10EC8000019A03F085FE224606211320FAF74EFE74
:10EC90001320FAF787FE224606211420FAF746FED3
:10ECA0001420FAF77FFE224606211520FAF73EFED1
:10ECB0001520FAF777FE224606211620FAF736FECF
:10ECC0001620FAF76FFE08B010BD00BFAFF300804A
:10ECD0000000000003000000006400400004024047
:10ECE000002800F068812DE9F0410368DD0782B05B
:10ECF00004462FD59E498A6802F00C02042A00F0CF
:10ED0000ED808A6802F00C02082A00F0E380636854
:10ED1000B3F5803F00F0EC80B3F5A02F00F04D81FB
:10ED2000934D2A6822F480322A602A6822F48022D5
:10ED30002A60002B40F0E180FFF7ACFC064605E0BE
:10ED4000FFF7A8FC801B642800F201812B689B035D
:10ED5000F6D423689F0728D5854A916811F00C0FD7
:10ED600000F09A80916801F00C01082900F0908071
:10ED7000E368002B00F00E817E4B7D4E01221A606D
:10ED8000FFF788FC054605E0FFF784FC401B0228DE
:10ED900000F2DD8033689807F6D53368226923F0E6
:10EDA000F80343EAC203336023681A075BD45807A9
:10EDB0003AD56F4A136C13F0805340F08980019369
:10EDC000136C43F080531364136C03F0805301936E
:10EDD000019B0125684E3368D90540F1A880A368DE
:10EDE000012B00F0B880052B00F02381604E326FBC
:10EDF00022F001023267326F22F004023267002BE8
:10EE000040F0AE80FFF746FC41F28838074605E047
:10EE1000FFF740FCC01B404500F29980336F980714
:10EE2000F6D4002D40F0D380A369C3B1504DAA6839
:10EE300002F00C02082A36D0022B4E4B4FF0000293
:10EE40001A6600F0CA80FFF725FC044604E0FFF7CD
:10EE500021FC001B02287AD82B689B01F7D40020E4
:10EE600002B0BDE8F08163690BB3424B404E012212
:10EE7000C3F8802EFFF70EFC054604E0FFF70AFCFE
:10EE8000401B022863D8736F9B07F7D523688EE772
:10EE9000526856023FF56CAF354A126895073AD56D
:10EEA000E268012A37D0012002B0BDE8F081314A82
:10EEB0002F4EC2F8803EFFF7EDFB054604E0FFF75A
:10EEC000E9FB401B022842D8736F9F07F7D4DDE7A8
:10EED00000257FE74A6850027FF519AF244A12687F
:10EEE00091037FF537AF6268002A7FF433AFDAE72A
:10EEF0001F4A136843F480331360FFF7CBFB1C4EAB
:10EF0000054604E0FFF7C6FB401B64281FD83368A2
:10EF10009A03F7D51DE7164920690A6822F0F8021E
:10EF200042EAC0020A601A077FF541AF9BE73368E7
:10EF300043F480733360FFF7ADFB07463368DA05AF
:10EF40003FF54DAFFFF7A6FBC01B0228F6D9032003
:10EF500002B0BDE8F081064A136F43F00103136766
:10EF6000FFF798FB024F064641F288380BE000BFDE
:10EF7000003802400000474200700040FFF78AFB63
:10EF8000801B4045E3D83B6F9B07F7D5002D3FF42E
:10EF90004BAF1CE02C4A2D4E1360FFF77BFB054660
:10EFA00004E0FFF777FB401B0228D0D833689907AD
:10EFB000F7D42368F9E601207047244B1A6842F41D
:10EFC00080221A601A6842F480321A6095E71F4A5C
:10EFD000136C23F08053136426E7FFF75BFB0646B0
:10EFE00004E0FFF757FB801B0228B0D82B6899017B
:10EFF000F7D4D4E90731626A0B4343EA8213D4E9B8
:10F000000A205208104943EA0063013A43EA0243E6
:10F0100001226B600A66FFF73DFB0C4D044604E0DD
:10F02000FFF738FB001B022891D82B689A01F7D50F
:10F0300015E7064B1A6F42F004021A671A6F42F086
:10F0400001021A678CE700BF000047420038024007
:10F05000164908B58B6803F00C03042B1BD0082B52
:10F0600001D0134808BD4A684B68496813F480030F
:10F0700002F03F0211D10E48C1F38811A1FB00013B
:10F08000F9F782FA094B5B68C3F3014301335B0074
:10F09000B0FBF3F008BD074808BD0648C1F388116E
:10F0A0000023A1FB0001F9F76FFAEBE700380240FB
:10F0B0000024F40000127A00002800F08680474AFD
:10F0C000136803F00F038B422DE9F0410D4604460F
:10F0D00009D2CBB21370136803F00F038B4202D036
:10F0E0000120BDE8F0812368980714D5590704D59D
:10F0F0003B498A6842F4E0528A601A0704D53849CD
:10F100008A6842F460428A603549A0688A6822F0C1
:10F11000F00202438A60DF0721D56268012A56D0D7
:10F12000931E012B2E4B1B684CD99907D8D52C4E1A
:10F13000B36823F003031343B360FFF7ABFA41F264
:10F140008838074604E0FFF7A5FAC01B404543D8BE
:10F15000B368626803F00C03B3EB820FF3D11F4A6C
:10F16000136803F00F03AB4206D9EBB213701368B8
:10F1700003F00F03AB42B3D123685A0706D51849F1
:10F18000E0688A6822F4E05202438A601B0707D5D0
:10F19000134A2169936823F4604343EAC1039360EF
:10F1A000FFF756FF0E4A0F4C92680F49C2F3031245
:10F1B0000346A25C0020D3400B60FAF775FC0020E8
:10F1C000BDE8F0819801B2D48AE701207047044B72
:10F1D0001B689E03ABD483E7032082E7003C024018
:10F1E0000038024004D80208C0030020014B186810
:10F1F000704700BFC0030020044B05499B68054AC7
:10F200000868C3F38223D35CD840704700380240BB
:10F21000C0030020FCD70208044B05499B68054A3F
:10F220000868C3F34233D35CD840704700380240CB
:10F23000C0030020FCD702080E4B0F2202609A6820
:10F2400002F0030242609A6802F0F00282609A685B
:10F2500002F4E052C2609B68DB0810B403F4E05390
:10F26000054C036123685DF8044B03F00F030B604A
:10F27000704700BF00380240003C0240026811693C
:10F280002DE9F8430446C068A368256921F440517C
:10F2900001431161D168E0692B43656921F416418E
:10F2A0002B4321F00C0103430B43D3605369A16945
:10F2B00023F440730B43B0F5004F53619D4B00F0B6
:10F2C0009C809A425AD003F580639A4256D0FFF749
:10F2D00093FF6368DFF8608200EB80009B0000EB27
:10F2E0008000B0FBF3F7FFF787FFA8FB07376368E1
:10F2F00000EB80009B0000EB8006B6FBF3F6FFF707
:10F300007BFF636800EB80009B0000EB8000B0FB9C
:10F31000F3F0A8FB003040094FF0640909FB1066C8
:10F320003601FFF769FF3236A8FB063662687F09AF
:10F33000760900EB800303EB830392003F0106F0A4
:10F34000F006B3FBF2F5FFF757FFD4E9002300EB1B
:10F3500080009B0000EB8000B0FBF3F0A8FB0030C6
:10F36000400909FB10531B013233A8FB0383C3F38D
:10F37000431333433B449360BDE8F883FFF74CFFEE
:10F380006368DFF8B48100EB80009B0000EB800035
:10F39000B0FBF3F7FFF740FFA8FB0737636800EB0C
:10F3A00080009B0000EB8006B6FBF3F6FFF734FF0E
:10F3B000636800EB80009B0000EB8000B0FBF3F083
:10F3C000A8FB003040094FF0640909FB10663601C4
:10F3D000FFF722FF3236A8FB063663687F097609FD
:10F3E00000EB80009B003F0106F0F00600EB800080
:10F3F000B0FBF3F5FFF710FFA7E79A425AD003F5E9
:10F4000080639A4256D0FFF7F7FE6368DFF82881E1
:10F4100000EB80005B0000EB8007B7FBF3F7FFF722
:10F42000EBFEA8FB0737636800EB80005B0000EB96
:10F430008006B6FBF3F6FFF7DFFE636800EB8000A3
:10F4400000EB80005B00B0FBF3F3A8FB03235B0938
:10F450004FF0640909FB1366F600FFF7CDFE323664
:10F46000A8FB063662687F09360900EB800303EBD0
:10F47000830352003F0106F4F876B3FBF2F5FFF781
:10F48000BBFED4E9002300EB800000EB80005B00B2
:10F49000B0FBF3F3A8FB03135B0909FB1353DB0079
:10F4A0003233A8FB0383C3F342133B4433449360DA
:10F4B000BDE8F883FFF7B0FE6368DFF87C8000EBFF
:10F4C00080005B0000EB8000B0FBF3F7FFF7A4FEC9
:10F4D000A8FB0737636800EB80005B0000EB800649
:10F4E000B6FBF3F6FFF798FE636800EB800000EBD5
:10F4F00080005B00B0FBF3F3A8FB03235B094FF034
:10F50000640909FB1366F600FFF786FE3236A8FB96
:10F51000063663687F09360900EB80005B003F0117
:10F5200006F4F87600EB8000B0FBF3F5FFF774FE0D
:10F53000A7E700BF001001401F85EB5160B338B54D
:10F5400090F83930044603F0FF0203B32268242305
:10F5500084F83930D36823F400532046D360FFF792
:10F560008DFE23681A6922F490421A615A6922F0CA
:10F570002A025A61DA680025202142F40052DA603A
:10F58000E56384F8391084F83A10284638BD80F8CD
:10F590003820FDF79FF9D9E70120704780B110B5F9
:10F5A0002423044680F83930FDF718FA0023E3637A
:10F5B00084F8383084F8393084F83A30184610BD71
:10F5C00001207047F8B5044690F8390020282DD165
:10F5D00051B34AB394F83800012827D00120E284BF
:10F5E00084F83800A284206BDFF84CC0104F114E15
:10F5F00021621346226800254FF0210EE563043294
:10F6000084F839E0C0E90FC7C0E91365FDF71EFCB7
:10F6100023686FF040021A6084F838505A6942F04B
:10F62000800228465A61F8BD0120F8BD0220F8BDCD
:10F6300041F7000815F8000811F7000890F83A3073
:10F64000202B3CD1002938D0002A36D070B590F854
:10F650003830012B82B0044633D00123002580F8D6
:10F6600038302223C563816280F83A308285406B4E
:10F67000154E056513460A462168C663134E066497
:10F68000134EC6640431FDF7E1FB236801951A6847
:10F6900001925A68019284F83850019ADA6842F46B
:10F6A0008072DA605A6942F001025A615A6928464A
:10F6B00042F040025A6102B070BD01207047022042
:10F6C0007047022002B070BD51F7000805F800082D
:10F6D00015F800080368DA6822F4907210B5DA6051
:10F6E0005A6922F001025A615A695206044609D544
:10F6F0005A69406B22F040025A6118B10023036539
:10F70000FDF7E4FB00202023E08584F83A3010BDAB
:10F7100008B50368806B1B6813F480730AD1026814
:10F72000C384536923F080035361D36843F04003DB
:10F73000D36008BD1AF0CEFC08BD00BF704700BF03
:10F7400008B5806BFFF7FAFF08BD00BF704700BF28
:10F7500008B50368806B1B6813F4807310D10268CE
:10F76000C385D36823F48073D360536923F0010306
:10F7700053615369202123F04003536180F83A100C
:10F78000FFF7E4FF08BD00BF90F83A30222B29D1E3
:10F7900081680269836AB1F5805F10B504680AD098
:10F7A000591C02BB626881621A70C38D013B9BB217
:10F7B000C38543B110BDE2B96268C2F3080223F801
:10F7C000022B8362F1E70368DA6822F49072DA6050
:10F7D0005A69202122F001025A6180F83A10FFF79D
:10F7E000B5FF10BD70476268816202F07F021A7037
:10F7F000DBE76268D2B223F8012B8362D5E700BF52
:10F80000704700BF08B5806BFFF7FAFF08BD00BF67
:10F81000704700BF08B5806B0368596990F83920BC
:10F82000212A0BD0596990F83A20222A16D0C36BAE
:10F8300043F01003C363FFF7EBFF08BD0906F1D5E2
:10F840000022C284DA68202122F0C002DA6080F847
:10F850003910596990F83A20222AE8D14A06E6D5AB
:10F860000022C285DA6822F49072DA605A69202197
:10F8700022F001025A6180F83A10D8E703681A684A
:10F8800070B51607DD68596904460CD1910601D59B
:10F89000AE0658D4100601D529062DD4560601D53A
:10F8A000680645D470BD11F0010163D115F4907F55
:10F8B000F0D0D0070AD5EE0540F19080E06B5607F6
:10F8C00040F00100E06346D5002957D1E16B0029E3
:10F8D000E8D0920602D5AE0600F18A805A69E16B43
:10F8E00002F0400201F0080152EA01054FD1204622
:10F8F000FFF78EFFE56370BD94F83920212AD1D13E
:10F90000A168226AB1F5805F77D0511C216212781C
:10F910005A60E28C013A92B2E284002AC2D1DA68DB
:10F9200022F08002DA60DA6842F04002DA6070BDEC
:10F93000DA68202122F04002DA60204684F839108B
:10F940001AF0C8FB70BDBDE87040FFF71DBFEE05A3
:10F95000B4D4500712D4960744D50029B6D0E16B31
:10F96000100741F00401E163B0D5E16B41F00801FB
:10F97000E163ABE7D007EAD451072CD5E16B9607DA
:10F9800041F00201E163EAD411079FD5EDE7DA689F
:10F9900022F49072DA605A69202122F001025A6141
:10F9A00084F83A105A69550611D55A69606B22F0ED
:10F9B00040025A6158B1174B0365FDF7CFFA002892
:10F9C0003FF470AF606BBDE87040036D1847204690
:10F9D000FFF71EFF70BD9107C1D4D5E750073FF573
:10F9E00075AFB8E710077FF571AF0029BDD16DE79E
:10F9F0002046FFF7C9FE236870E711882069C1F32C
:10FA00000801596010B90232226282E70132226293
:10FA10007FE700BF19FA000808B5806B0023C38593
:10FA2000C384FFF7F5FE08BD1B4BDA68D10605D588
:10FA30001A49CA6910200243CA61D860164BDA68B5
:10FA4000920606D51549CA69202042F00802CA610B
:10FA5000D860114BDA68500606D51049CA694020B3
:10FA600042F00402CA61D8600B4BDA68110606D571
:10FA70000A49CA69802042F00202CA61D860064B76
:10FA8000DA68920706D50549CA69022042F02002C9
:10FA9000CA61D860704700BF003C024014160020C5
:10FAA000064B1A69002A01DB002070470449054A09
:10FAB00059605A601869C00F704700BF003C02408F
:10FAC00023016745AB89EFCD034A136943F0004337
:10FAD00000201361704700BF003C0240014BD86911
:10FAE000704700BF14160020144B70B50022044666
:10FAF000DA61FEF7CFFD124E0546F368D90305D54E
:10FB0000631C0FD10E4AD368D803FCD40C4BDA68BF
:10FB1000D20744BF0122DA60094BD86810F0F20026
:10FB200008D170BD24B1FEF7B5FD401BA042E4D959
:10FB3000032070BDFFF778FF012070BD1416002070
:10FB4000003C02402DE9F0412F4D95F818C0BCF162
:10FB5000010F30D080461C464CF2503001230E4637
:10FB600017462B76FFF7C0FF18B100232B76BDE8B0
:10FB7000F081264BB8F1000F20D0B8F1010F33D03F
:10FB80001A6922F440721A61B8F1020F1A6922D080
:10FB900042F440721A611A6942F001021A61376038
:10FBA00074604CF25030FFF79FFF184A136923F03E
:10FBB00001031361D9E70220BDE8F081196921F43E
:10FBC00040711961196919611969FAB241F00101AD
:10FBD00019613270E5E742F400721A611A6942F065
:10FBE00001021A613760DCE7196921F4407119617B
:10FBF000196941F4807119611969BAB241F00101C2
:10FC000019613280CDE700BF14160020003C02408D
:10FC1000036C70B5856B04462BB90668013546B395
:10FC20001846A56370BD164682B91A468068F2F779
:10FC3000ABFEA368216C62680B449342A36024BFAF
:10FC40002368A36001350020A56370BD1A46C06813
:10FC5000F2F79AFE226CE36851429B1A2268E36035
:10FC6000934202D263680B44E360022E06D0013552
:10FC7000E9E7406801F062FD6660D2E7012D38BF18
:10FC800001250020CDE700BF70B50546FCF7CAFC92
:10FC900095F845305CB2002C14DD05F1240603E034
:10FCA000631EDAB25CB26AB16B6A304653B101F0DE
:10FCB0002FFC0028F4D001F0C5FC631EDAB25CB260
:10FCC000002AF1D1FF2385F84530FCF7CDFCFCF785
:10FCD000A9FC95F844305CB2002C14DD05F1100647
:10FCE00003E0631EDAB25CB26AB12B69304653B1ED
:10FCF00001F00EFC0028F4D001F0A4FC631EDAB27F
:10FD00005CB2002AF1D1FF2385F84430BDE8704091
:10FD1000FCF7AABC38B5E0B104460D46FCF782FCFE
:10FD2000D4E90F23216803FB02F2D31A0A4462606C
:10FD30000022A2630B44FF2284F84420C4E902138A
:10FD400084F8452075B92369C3B9FCF78DFC0120FF
:10FD500038BD4FF0500383F31188BFF36F8FBFF3AB
:10FD60004F8FFEE704F11000FEF7DAFB04F12400E8
:10FD7000FEF7D6FBFCF778FC012038BD04F110003B
:10FD800001F0C6FB0028E0D04FF0E0234FF0805296
:10FD9000C3F8042DBFF34F8FBFF36F8FD5E700BFBC
:10FDA00040B94FF0500383F31188BFF36F8FBFF357
:10FDB0004F8FFEE770B5044601FB00F048300D465A
:10FDC000FDF7E4F9064648B155B100F14803C6E92C
:10FDD0000F45336001213046FFF79CFF304670BD70
:10FDE0000346F4E7F0B585B0019200287ED00E46B8
:10FDF0001D460446002969D0022D0BD1E36B012B6F
:10FE000008D04FF0500383F31188BFF36F8FBFF317
:10FE10004F8FFEE701F038FC002870D0FCF702FCA1
:10FE2000A26BE36B9A4276D3022D74D00022174660
:10FE30000EE0FCF719FC2046FFF726FF01F076FAEA
:10FE4000FCF7F0FBA16BE36B99424FF0010262D328
:10FE50000198002876D0002A44D0FCF705FC01F078
:10FE600011F9FCF7DFFB94F84430FF2B08BF84F84E
:10FE7000447094F84520FF2A08BF84F84570FCF7C9
:10FE8000F3FB01A902A801F09DFB00285ED1FCF75D
:10FE9000C9FBA26BE36B9A42CBD1FCF7E5FB01995E
:10FEA00004F1100001F01AFB2046FFF7EDFE01F00F
:10FEB0003DFA0028C4D14FF0E0234FF08052C3F840
:10FEC000042DBFF34F8FBFF36F8FB9E7036C002B87
:10FED00092D04FF0500383F31188BFF36F8FBFF3BD
:10FEE0004F8FFEE702A801F057FBB6E74FF0500333
:10FEF00083F31188BFF36F8FBFF34F8FFEE7019B32
:10FF0000002B8BD04FF0500383F31188BFF36F8F1A
:10FF1000BFF34F8FFEE72A4631462046FFF778FEB3
:10FF2000636ACBB948B14FF0E0234FF08052C3F879
:10FF3000042DBFF34F8FBFF36F8FFCF795FB0120AC
:10FF400005B0F0BDFCF790FB0020F9E72046FFF775
:10FF50009BFE01F0EBF9F7E704F1240001F0D8FA79
:10FF60000028EAD0DFE700BF60B3036C70B5044639
:10FF700043B14FF0500383F31188BFF36F8FBFF38A
:10FF80004F8FFEE703680D462BB3FCF755FCEFF3EC
:10FF900011864FF0500383F31188BFF36F8FBFF3C7
:10FFA0004F8FA36BE26B9A4221D994F8452001331D
:10FFB000FF2AA36353B21ED001335BB284F84530ED
:10FFC000012015E04FF0500383F31188BFF36F8FCA
:10FFD000BFF34F8FFEE74368002BD6D04FF050039E
:10FFE00083F31188BFF36F8FBFF34F8FFEE70020BD
:10FFF00086F3118870BD636A002BE1D004F1240000
:020000040801F1
:1000000001F086FA0028DBD0002DD9D001232B6027
:10001000D6E700BF2DE9F04184B00192002800F03E
:1000200089800E461F460446002943D001F02CFB70
:1000300000284BD0FCF7F6FAA56B002D40F08B8022
:10004000019B8BB302A801F0A7FAA846FCF70CFBB2
:1000500001F018F8FCF7E6FA94F84420FF2A08BFEC
:1000600084F8448094F84520FF2A08BF84F845802E
:10007000FCF7FAFA01A902A801F0A4FA002831D18C
:10008000FCF7D0FAA36B002B39D0FCF7EDFA204631
:10009000FFF7FAFD01F04AF9FCF7C4FAA56B002D51
:1000A00059D1019B002BD1D1FCF7DEFA002004B01E
:1000B000BDE8F081036C002BB8D04FF0500383F300
:1000C0001188BFF36F8FBFF34F8FFEE7019B002BAB
:1000D000B0D04FF0500383F31188BFF36F8FBFF39D
:1000E0004F8FFEE72046FFF7CFFD01F01FF9FCF729
:1000F00099FAA36B002BD7D0FCF7B6FACCE7FCF744
:10010000B3FA2368FBB1019904F1240001F0E6F988
:100110002046FFF7B9FD01F009F90028BCD14FF0E6
:10012000E0234FF08052C3F8042DBFF34F8FBFF38D
:100130006F8FB1E74FF0500383F31188BFF36F8FD8
:10014000BFF34F8FFEE7FCF76DFA606801F0ACFA81
:10015000FCF78AFAD7E7226CD4F80C8052B16368B6
:1001600008EB02019942E16024BF2168E16030465A
:10017000F2F70AFC4FB92368013DA56313B3236965
:10018000CBB9FCF771FA012091E7636AC4F80C80DF
:10019000002BF6D004F1240001F0BAF90028F0D0C9
:1001A0004FF0E0234FF08052C3F8042DBFF34F8F80
:1001B000BFF36F8FE5E704F1100001F0A9F9002803
:1001C000DFD0EDE701F012FB6060D8E72DE9F843DE
:1001D00010B30E461746044691B1FCF72DFBEFF322
:1001E00011894FF0500383F31188BFF36F8FBFF372
:1001F0004F8FA56BCDB9284689F31188BDE8F883E8
:10020000036C002BE9D04FF0500383F31188BFF348
:100210006F8FBFF34F8FFEE74FF0500383F31188CA
:10022000BFF36F8FBFF34F8FFEE794F84480226CCB
:100230004FFA88F852B1E168636811449942E1606D
:1002400024BF2168E1603046F2F79EFB013DB8F122
:10025000FF3FA56306D008F101035BB284F8443088
:100260000120C9E72369002BFAD004F1100001F046
:100270004FF90028F4D0002FF2D001233B60EFE7C4
:1002800008B500F0C3FE002008BD00BFEFF30583F2
:100290000BB100F005BF00F0FDBE00BF10B58446F5
:1002A0000B46BCF81020DCF80010BCF908C0406810
:1002B00084B0BCF1840F14BF0CF10304002400943B
:1002C00003AC019400F03EFD01280CBF0398002010
:1002D00004B010BD08B5012838BF012001F088F82E
:1002E000002008BD00B5002385B0CDE90233EFF34F
:1002F0000583BBB102AB0093012203AB01F034FBD9
:10030000012815D1029B4BB14FF0E0234FF08052F2
:10031000C3F8042DBFF34F8FBFF36F8F039805B061
:100320005DF804FB03AB012201F0B2FA0128F5D01D
:100330004FF00040F3E700BF30B585B0002304461E
:100340000293EFF3058048B18223019304AB13E9D4
:10035000070084E80700204605B030BD1346154667
:1003600002AA01F04FFA012804D02B1E18BF012366
:100370009B01EAE7029B002BB4BF86230823E4E736
:10038000012910B502D00024204610BD08460322E2
:100390000021FFF705FD04460028F5D000231A468A
:1003A0001946FFF71FFD204610BD00BF10B582B0F3
:1003B0000024019410B3EFF30583A3B101AA2146F1
:1003C000FFF704FF012816D1019B93B14FF0E02302
:1003D0004FF08052C3F8042DBFF34F8FBFF36F8FE0
:1003E000002002B010BD0A461946FFF713FE01288F
:1003F00001D10020F5E7FF2002B010BD802002B03F
:1004000010BD00BF00B583B000230193EFF3058357
:10041000A3B101A9FFF7A8FD012815D1019B4BB19C
:100420004FF0E0234FF08052C3F8042DBFF34F8FFD
:10043000BFF36F8F002003B05DF804FB1A46194626
:10044000FFF7D0FC0128F5D0FF2003B05DF804FBD6
:1004500008B501F019F9012800D108BDBDE8084030
:10046000FCF748B9D0F81C3283B110B5D0F8184267
:1004700094F84000FF2807D09B6894F8412021465B
:100480009847FF2384F84030002010BD00207047BB
:100490006A230380004870470C0300200A2303806E
:1004A00000487047B4030020012970B5D0F8184205
:1004B00005460E4616D0032912D168343146284627
:1004C000FBF77EFFD5F8183260604BB1D5F81C22DF
:1004D0002146D46851F8040B3246A047002070BD75
:1004E000022070BD5034E9E708B5D0F8183283B166
:1004F00001290AD0032904BF002283F86420064B97
:100500001868FFF77FFF002008BD002283F84C2009
:10051000F5E7022008BD00BF5009002070B50B7838
:10052000D0F8186203F06002202A0C46054626D057
:10053000402A05D00AB1002070BD4A780A2A36D078
:1005400013F003030FD0012B13D16378502B10D17C
:10055000A388A278052B0CD15AB9E2881E492846F7
:10056000F9F75EFAE7E76378502B02D1A388042BF2
:100570002BD028462146FDF79FFF022070BDCA8878
:1005800091F801C06AB11B0617D5D5F81C32314667
:100590009B6860469847E28831462846F9F740FA5A
:1005A000C9E7D0F81C3260469B689847C3E70B49FF
:1005B0000122F9F735FA2378C2E786F840C086F8B9
:1005C00041203146F9F742FAB5E7E2880449284666
:1005D000F9F726FAAFE700BF2C02002034160020FE
:1005E000E402002010B581210446FBF78DFE0121B5
:1005F0002046FBF789FE82212046FBF785FE8321FA
:100600002046FBF781FE03212046FBF77DFED4F850
:10061000183253B1D4F81C325B689847D4F81802EA
:10062000F2F754FA0023C4F81832002010BD00BFBE
:1006300038B50222044640238121FBF757FE4023B0
:10064000022201212046FBF751FE40230222832192
:100650002046FBF74BFE4023022203212046FBF7F6
:1006600045FE0823032282212046FBF73FFE74202B
:10067000F2F724FAC4F81802D8B1D4F81C320546AF
:100680001B689847002385F84C302A6D85F8583050
:10069000012185F86430204685F870304023FBF74F
:1006A00083FEAA6E402303212046FBF77DFE002037
:1006B00038BD012038BD00BF6A2303800048704761
:1006C0000C0300206A230380004870470C030020BD
:1006D00019B1C0F81C12002070470220704700BFFB
:1006E000012BD0F8180209D0032B05D100F15C03CF
:1006F000C3E90012002070470220704700F1440354
:10070000C3E9001200207047012AD0F8183207D040
:10071000032A03D168330020196070470220704714
:100720005033002019607047D0F8182210B56AB114
:1007300001290ED0032909D192F864305C3283215B
:1007400003F0FF046BB10124204610BD02242046B3
:1007500010BD92F84C304432812103F0FF04002B8D
:10076000F1D10123137293881268FBF711FE204622
:1007700010BD00BF08B5D0F818321BB101290AD04E
:10078000032901D0022008BD68331A684023FBF713
:100790000BFE002008BD5033F7E700BF036882B0AE
:1007A00000206FF00402013901901A60032905D876
:1007B000DFE801F0110C07029B6C0193019802B075
:1007C00070475B6C0193019802B070471B6C0193FA
:1007D000019802B07047DB6B0193019802B070473B
:1007E00090F83C30012B00F0BF80012370B580F8F9
:1007F0003C300C6803688A68092C8446A0B25FD834
:100800001D6904EB440E072606FA0EF625EA0605D6
:100810001D611D6902FA0EF22A431A619A6B0E6974
:100820004D6822F440129A639A6B06F1FF3E42EA49
:100830000E529A63EA1C921BD2B29E6B02EB8202AA
:100840004FF01F0E90400EFA02F226EA02029A635F
:100850009A6B10439863CA694448824264D098688E
:1008600020F470209860986802439A609A68086A39
:1008700022F440129A609A6802439A608A69002AB8
:100880004DD05A6842F480625A604A6942B35A684D
:1008900042F480525A60022DCA6828D0032D54D0E9
:1008A000012D4AD159696FF30B01596159690A4306
:1008B0005A612F4A934224D000208CF83C0070BD2E
:1008C00000EB4005DE681E3D4FF0070EAA400EFA11
:1008D00005F526EA0505DD60DD682A43DA609DE757
:1008E0005A6822F480525A60022DCA68D6D199699A
:1008F0006FF30B01996199690A439A611C4A93420B
:10090000DAD1122C29D0103C012CD5D8194A5368C1
:10091000002043F4000353608CF83C0070BD5A681B
:1009200022F480625A60B0E79A6822F470229A60DA
:100930009A6822F440129A60A0E7196A6FF30B01DB
:100940001962196A0A431A62B3E7D9696FF30B0196
:10095000D961D9690A43DA61ABE7D2F8043343F4C9
:100960008003C2F80433A7E70220704701000F009C
:1009700000200140002301401049114BD1F888208C
:1009800042F4700210B4C1F888201A680D4C00209F
:1009900042F001021A6098601A6822F0847222F410
:1009A00080321A605C601A684FF0006422F4802282
:1009B0001A60D8608C605DF8044B704700ED00E071
:1009C0000038024010300024F0B58DB03E4B3F4F50
:1009D0003F4E002401941A6B42F004021A63196B13
:1009E00001F00401019101990294196B41F0800119
:1009F0001963196B01F08001029102990394196B3C
:100A0000012211431963196B114003910399049456
:100A1000196B41F002011963196B01F00201049195
:100A200004990594196B41F0080119631B6B03F0DD
:100A30000803059338464FF4C041059B02F082F944
:100A4000224630464FF4805102F07CF901254FF4E4
:100A5000C04306A93846CDE90635CDE9084401F082
:100A600097FF384606A948F210220023CDE9062355
:100A7000089401F08DFF0C22002306A93046CDE931
:100A80000623089401F084FF4FF48053304606A9F2
:100A90000693CDE90754099401F07AFF4FF4004220
:100AA000002306A90B480894CDE9062301F070FF46
:100AB000042200230848089506A9CDE9062301F081
:100AC00067FF0DB0F0BD00BF0038024000080240D3
:100AD0000004024000000240000C02402DE9F043F7
:100AE0002B4F3E6887B00C46002E44D0DFF8B08014
:100AF0004FEA0619C44608EB061E002503E00CF178
:100B0000100CE6450CD0DCF800108842F7D1BCF898
:100B10000410A14208BF65460CF1100CE645F2D165
:100B200015B30E99AB601B4BAC80E960286001A93E
:100B3000CDE90143039201F02BFF174B5C61640880
:100B40001CD0B4FA84F4C4F12004144BA4B20022E3
:100B50001C5711462046F8F7E9FE2046F8F722FF19
:100B6000012007B0BDE8F0830A2E0ED008EB09057E
:100B700001363E60D5E70A4D0126FAE722462146B6
:100B80000620F8F7D3FE0624E7E72846E9E700BF8A
:100B90003816002000001110003C014014D8020853
:100BA0003C160020154B1A6830B4CAB1144B00240F
:100BB00003EB021C05E08A4208BF012410339C4568
:100BC0000BD01D689A888542F5D18A42F6D1002261
:100BD000C3E9022210339C45F3D10CB130BC7047FD
:100BE000490808BF062006D0B1FA81F1C1F12003FF
:100BF000044A9BB2D05630BCF8F7E0BE381600204D
:100C00003C16002014D8020830B5134C87B020469B
:100C10000121FFF7C7FF20460221FFF7C3FF012094
:100C20000221CDE90001022203230825694620465E
:100C3000CDE90223049501F0ABFE02220223CDE9A7
:100C400000236946002203232046CDE902230495B0
:100C500001F09EFE07B030BD00000240F8B50E4F17
:100C60003B68BBB10D4C0646002505E03B680135ED
:100C7000AB4204F110040DD9A388B342F6D1A368A6
:100C8000002BF3D0E06898473B680135AB4204F194
:100C90001004F1D8F8BD00BF381600203C16002023
:100CA000F8B5214B214D1E682B680446181D0F46D0
:100CB000FDF76CFC40B92B681D49DB6A01229A40A4
:100CC0000B6823EA02030B60631C0FD02B683419F6
:100CD0005C6010D2174B186829680431FDF73EFCA0
:100CE000154B1A68A24200D91C60F8BDA7B92B6841
:100CF000721E5A603EB1114B18682968BDE8F84071
:100D00000431FDF72BBC0B4B186829680431FDF743
:100D100025FC094B1B68F8BD29680948BDE8F84067
:100D20000431FDF70DBC00BF00170020041800209F
:100D3000FC1600204C170020E41600204817002065
:100D4000081700202DE9F047940006462046894602
:100D50001F46FCF71BFA002800F0848080465420D0
:100D6000FCF714FA0546002879D0C0F830802246F6
:100D70004046A521EFF790FF2B6B043C234423F062
:100D8000070809F1FF3C09F10F0105F1330E1CF8CA
:100D9000014F0EF8014F0CB18C45F8D1089C062C80
:100DA00028BF06244FF0000A05F10409EC626C64C8
:100DB000484685F843A0C5F848A0FDF7BDFBC4F13F
:100DC000070405F11800FDF7B7FBC5F84CA0AC61AE
:100DD00085F850A02D616D623A4631464046FBF7DA
:100DE000FBFB099B286003B11D60FBF71BFC384A25
:100DF000384C1368013313602368002B3CD0364E07
:100E0000E86A336893B3354FDFF8F0C0344ADCF852
:100E100000300133CCF80030D2F800C00123834009
:100E200000EB800043EA0C03494607EB80001360A7
:100E3000FDF786FBFBF718FC336873B12268EB6A99
:100E4000D26A9A4209D24FF0E0234FF08052C3F8A1
:100E5000042DBFF34F8FBFF36F8F012004E0404696
:100E6000FCF722FA4FF0FF30BDE8F0872368DB6A19
:100E7000834298BF2560C6E725601368012B03D025
:100E8000E86A164F144EBFE7144F3E4607F18C0830
:100E900030461436FDF744FBB045F9D1DFF86080E9
:100EA000104E4046FDF73CFB3046FDF739FB0E483F
:100EB000FDF736FB0D48FDF733FB0D48FDF730FB22
:100EC0000C4BE86AC3F800800B4B1E60024E9BE798
:100ED0000417002004180020F816002078170020BE
:100EE000FC16002050170020341700202017002087
:100EF000081700204C17002048170020E816002093
:100F00006417002070B50446354DFBF78BFB002CB1
:100F10004CD0261D3046FDF739FB38B9E36A314A1B
:100F200003EB830152F82120002A2ED0A36A1BB1C3
:100F300004F11800FDF72AFB2B4A136801331360F4
:100F40002B68A34229D0294A206B1368013B136008
:100F5000FCF7AAF92046FCF7A7F9254B1A68126896
:100F600072B11A68234BD268D26852681A60FBF7D4
:100F70007BFB214B1B6813B12B68A34218D070BDBB
:100F80001C4B4FF0FF321A60F1E71C4901229A40D6
:100F90000B6823EA02030B60C8E719483146FDF7E6
:100FA000CFFA184A136801331360E0E72C68B0E702
:100FB000154B1B6843B14FF0500383F31188BFF307
:100FC0006F8FBFF34F8FFEE74FF0E0234FF080525B
:100FD000C3F8042DBFF34F8FBFF36F8F70BD00BFF9
:100FE0000418002078170020E816002004170020BD
:100FF0004C170020E4160020F8160020FC160020F4
:10100000201700201C170020DC16002030B5174BDD
:101010001749184883B00024CDE9004380222346B5
:10102000FFF790FE01280CD0013001D003B030BD95
:101030004FF0500383F31188BFF36F8FBFF34F8FCF
:10104000FEE74FF0500383F31188BFF36F8FBFF3B8
:101050004F8F0949094A0A4B4FF0FF350D60106068
:101060001C6003B0BDE83040FBF76CBBE01600200D
:101070003CC102084D130108E4160020F8160020B8
:1010800000170020024A136801331360704700BF45
:10109000DC160020014B1868704700BF00170020C5
:1010A00008B5FBF7C9FB014B186808BD0017002005
:1010B0002DE9F04F4C4B1B6883B0002B48D14B4BB4
:1010C0001D6801351D60002D50D0494B0193019BD7
:1010D0001B68AB4257D8474EDFF830813368DFF8E2
:1010E00030911C68002C71D0434F002422E0FDF7A2
:1010F0004DFADBF828200BF118000AB1FDF746FA8B
:10110000DBF82C003B680122824000EB80001A4390
:10111000514608EB80003A60FDF712FAD9F800302A
:10112000DBF82C20DB6A9A4228BF012433681B6855
:10113000002B4BD03368DB68D3F80CB0DBF804200D
:101140000BF1040A95425046D1D2019B1A601FE070
:101150002A4A1368013300241360294B1B68002BB3
:101160000CBF2046012003B0BDE8F08F214B1A6868
:101170001268C2B14FF0500383F31188BFF36F8F31
:10118000BFF34F8FFEE7DFF88480DFF88490002400
:10119000D9F80030DB6A03EB830358F82330022BC5
:1011A00028BF0124D9E7174A186811681960164941
:1011B00010600A6801320A601A6812685AB90C4B4A
:1011C00001931A464FF0FF33136080E7019A4FF006
:1011D000FF331360DCE71B68054ADB680192DB68BC
:1011E0005B68136073E700BFDC1600200017002067
:1011F000E41600204C170020FC160020F4160020F6
:10120000F016002048170020EC1600207817002068
:10121000041800202DE9F84FFBF704FA394B1A683F
:10122000013A1A601B68002B5BD1374B1B68002BFF
:1012300057D0DFF8ECA0DAF80030002B5ED0334D49
:10124000DFF8E080324FDFF8E0900126DAF80C306A
:10125000DC6804F1040B04F11800FDF797F9584617
:10126000FDF794F9E06A2A6806FA00F300EB8000C3
:101270001343594608EB80002B60FDF761F93B688A
:10128000E16ADA6ADAF80030914228BFC9F80060F2
:10129000002BDBD11F4B1A68126842BB1E4B4FF06C
:1012A000FF321A601D4E346844B10125FFF700FF7C
:1012B00008B1C9F80050013CF8D13460D9F80030C9
:1012C0007BB14FF0E0234FF08052C3F8042DBFF301
:1012D0004F8FBFF36F8F0124FBF7C6F92046BDE89F
:1012E000F88F0024FBF7C0F92046BDE8F88F1A6894
:1012F000094BD268D26852681A60D3E7DFF82890A9
:10130000D0E700BFDC16002004170020FC160020E8
:10131000041800204C170020E4160020F4160020CA
:101320003417002078170020F0160020064B1B68A9
:1013300043B94FF0500383F31188BFF36F8FBFF3AE
:101340004F8FFEE7FFF766BFDC16002080B5234C09
:10135000DFF89880224E234D234F2B6873B3236808
:1013600001332360236843B94FF0500383F311889E
:10137000BFF36F8FBFF34F8FFEE7D8F80090FFF7F2
:1013800049FFB9F1000FE8D0FBF74CF9D8F80C3061
:10139000D3F80C9009F10400FDF7F8F83368013B2D
:1013A00033602B68013B2B60FBF75EF9D9F8300006
:1013B000FBF77AFF4846FBF777FFCEE73A68012A4A
:1013C0004FF0E02307D94FF08052C3F8042DBFF34C
:1013D0004F8FBFF36F8F08F03FFBBEE7DC16002096
:1013E000041700201C170020781700202017002069
:1013F00010B550B94FF0E0234FF08052C3F8042DE0
:10140000BFF34F8FBFF36F8F10BD104C216841B1F8
:101410004FF0500383F31188BFF36F8FBFF34F8FEB
:10142000FEE7236801332360FFF73AFC236843B9E2
:101430004FF0500383F31188BFF36F8FBFF34F8FCB
:10144000FEE7FFF7E7FE0028D4D010BDDC16002031
:101450001D4B1B681BB11D4B01221A6070471B4AB4
:1014600010B51B4C13602268236812681B6B9A42EC
:1014700023D9184B1B68B3FA83F3DBB2C3F11F0304
:1014800003EB830314499A0001EB8303885840B9A6
:101490004FF0500383F31188BFF36F8FBFF34F8F6B
:1014A000FEE758680832406858600A44904204BF1A
:1014B00040685860C368236010BD206821683431DB
:1014C00008F0BAFAD5E700BFDC160020F0160020BD
:1014D00004180020FC1600207817002060B110B519
:1014E0000A4B0C4619681831FDF738F820460121DF
:1014F000BDE81040FFF7D4BB4FF0500383F31188D1
:10150000BFF36F8FBFF34F8FFEE700BF04180020BB
:1015100038B5C368DC6854B304F118052846FDF7F4
:1015200035F8174B1B6873B116482946FDF708F8C4
:10153000154BE26A1B68DB6A9A4283BF134B01209A
:101540001860002038BD251D2846FDF71FF8104AF9
:10155000E06A29460123156883402B4313600D4B35
:1015600000EB800003EB8000FCF7EAFFE0E74FF0C0
:10157000500383F31188BFF36F8FBFF34F8FFEE7E4
:10158000DC1600203417002004180020F01600207C
:10159000FC1600207817002030B1084A084B12686A
:1015A0001B68C0E9002370474FF0500383F3118894
:1015B000BFF36F8FBFF34F8FFEE700BFEC16002025
:1015C00000170020F8B528B30D46D1B10446FBF74B
:1015D00029F82B68194A581C11682CD0DFF860C014
:1015E000D4E90060DCF80070BE4201D0814203D231
:1015F000A1EB000E734516D80124FBF735F8204601
:10160000F8BD4FF0500383F31188BFF36F8FBFF322
:101610004F8FFEE74FF0500383F31188BFF36F8FB6
:10162000BFF34F8FFEE75B1ADCF80010126803442B
:101630002B60C4E900120024DFE700BF0017002080
:10164000EC160020014B01221A607047F0160020B2
:1016500078B1006B0378A52B11D103469C4613F893
:10166000012FA52AFAD0C0F101006044C0F38F0019
:101670007047044B1868006B0378A52BEDD0002051
:10168000704700BF04180020054B1B6833B1054BA1
:101690001868B0FA80F04009400070470120704798
:1016A000F8160020DC160020D8B1F8B5204DC36A2A
:1016B0002A68D26A9342044612D28269002A04DB65
:1016C0002A68D26AC2F1070282611A4E626903EB8C
:1016D000830306EB83039A4204D02B68DB6AE36240
:1016E000F8BD7047271D3846FCF750FF68B9E36A1C
:1016F00003EB830256F822203AB90F4A01219940A0
:10170000136823EA0103136000E00B4A2B68D86AD0
:10171000E062012314688340234300EB80003946D4
:1017200006EB80001360BDE8F840FCF709BF00BF7E
:101730000418002078170020FC16002010B3F8B51C
:10174000274B1B688342044608D04FF0500383F3B5
:101750001188BFF36F8FBFF34F8FFEE79B6C43B1D0
:10176000C16A426C013B9142836400D063B10020A6
:10177000F8BD4FF0500383F31188BFF36F8FBFF3B1
:101780004F8FFEE700207047061D3046FCF7FEFE37
:10179000A8B11448144A636CE36231460125166807
:1017A000C3F10707A76105FA03F403EB830300EB1A
:1017B000830034431460FCF7C3FE2846F8BDE36A97
:1017C000084803EB830250F822200AB1064AE2E7F8
:1017D000054A01259D40136823EA05031360DAE7F3
:1017E0000418002078170020FC160020044B1A680B
:1017F0001AB119688A6C01328A641868704700BF90
:10180000041800202DE9F041204C1E4680460F466A
:101810001546FAF707FF236893F85030022B09D0DA
:101820002268D36C23EA0803D3642368012183F878
:101830005010DEB9FAF718FFFAF7F4FE15B1236875
:10184000DB6C2B60236893F85030012B1CD022688E
:10185000D36C23EA07030125D3642368002283F8AD
:101860005020FAF701FF2846BDE8F0813046FFF727
:1018700017FA4FF0E0234FF08052C3F8042DBFF366
:101880004F8FBFF36F8FD5E70025E6E704180020E0
:10189000F8B5F8B11E460F4615460446FAF7C2FEE3
:1018A0000EB1E36C336094F8501002226B1E84F882
:1018B0005020CDB2032B06D8DFE803F0153904021F
:1018C000022D38D0E764012D13D00124FAF7CCFEA5
:1018D0002046F8BD4FF0500383F31188BFF36F8F9C
:1018E000BFF34F8FFEE7E36C012D43EA0703E36488
:1018F000EBD1261D3046FCF749FE184AE06A05FA8E
:1019000000F315682B431360154B00EB800003EBCD
:1019100080003146FCF714FEA36A73B14FF0500308
:1019200083F31188BFF36F8FBFF34F8FFEE7E36C34
:101930000133E364C7E70024C8E70A4BE26A1B6887
:10194000DB6A9A42C1D94FF0E0234FF08052C3F8CE
:10195000042DBFF34F8FBFF36F8FB6E7FC16002047
:10196000781700200418002058B32DE9F0410F46E5
:1019700015461E460446FAF75FFFEFF311884FF055
:10198000500383F31188BFF36F8FBFF34F8F0EB1F6
:10199000E36C336094F850206B1ED5B2022284F8B9
:1019A0005020032B06D8DFE803F015260402022D91
:1019B00039D0E764012D13D0012088F31188BDE8E8
:1019C000F0814FF0500383F31188BFF36F8FBFF3A3
:1019D0004F8FFEE7E36C012D43EA0703E364EBD18D
:1019E000A36A63B14FF0500383F31188BFF36F8F85
:1019F000BFF34F8FFEE7E36C0133E364DAE7164B86
:101A00001B6893B1154804F11801FCF799FD144BBC
:101A1000E26A1B68DB6A9A42CED9069BC3B1069A7A
:101A200001231360C8E70020C7E7261D3046FCF7F6
:101A3000ADFDE06A0B4B0C4A854000EB800002EBE9
:101A400080001A68314615431D60FCF779FDDEE71A
:101A5000064B01221A60AFE7DC1600203417002085
:101A600004180020FC16002078170020F016002033
:101A7000036A23F001030362036A70B44468826955
:101A80000D6822F073022A438D6823F002032B4372
:101A90000E4DA8420AD005F58065A84206D04968D7
:101AA0004460826170BC416303627047CD6823F07B
:101AB00008032B43D1E9056524F4407446EA050C7C
:101AC00023F004034CEA0404E9E700BF00000140EE
:101AD000036A23F480730362036A70B44468C269C2
:101AE0000D6822F073022A438D6823F4007343EAE1
:101AF00005230F4DA8420AD005F58065A84206D0FF
:101B000049684460C26170BCC16303627047CD68BC
:101B100023F4006343EA0523D1E9056524F4405426
:101B200046EA050C23F4806344EA0C14E8E700BF9E
:101B300000000140036A23F480530362036A30B457
:101B40004468C2690D6822F4E64242EA05228D68C3
:101B500023F4005343EA0533094DA8420AD005F5A2
:101B60008065A84206D049684460C26130BC016407
:101B7000036270474D6924F4804444EA8514F2E717
:101B800000000140034600201B68DA6842F00102B1
:101B9000DA601A6842F001021A607047704700BFAD
:101BA00003680C290CD8DFE801F0070B0B0B310B95
:101BB0000B0B2C0B0B0B2700DA6842F00202DA60E9
:101BC000186A012202FA01F120EA01001862186A7B
:101BD000114A01439342196209D002F5806293428F
:101BE00005D01A6842F0010200201A6070475A6C52
:101BF00042F400425A64F4E7DA6842F01002DA6014
:101C0000DEE7DA6842F00802DA60D9E7DA6842F023
:101C10000402DA60D4E700BF00000140036801223B
:101C2000186A02FA01F120EA01001862186A0A4AE9
:101C300001439342196209D002F58062934205D0B4
:101C40001A6842F0010200201A6070475A6C42F490
:101C500000425A64F4E700BF00000140FFF7A0BF54
:101C600003680C290CD8DFE801F0070B0B0B250BE0
:101C70000B0B200B0B0B1B00DA6842F00202DA6040
:101C8000186A012202FA01F120EA010018621A6AB8
:101C9000114319621A6842F0010200201A6070476D
:101CA000DA6842F01002DA60EAE7DA6842F0080225
:101CB000DA60E5E7DA6842F00402DA60E0E700BFE4
:101CC0000368C1B104290DD11A6A22F010021A6208
:101CD0001A6A42F010021A621A6842F001020020E9
:101CE0001A6070471A6A22F001021A621A6A42F0F8
:101CF00001021A62E8E71A6A22F001021A621A6AFD
:101D000042F001021A62E7E790F83820012A70D009
:101D10000346026830B40220012483F8384083F877
:101D2000390090680C6820F47F4020F07700502C38
:101D3000906000F093800ED8202C00F0888029D885
:101D4000002C7DD0102C1DD1916821F0700141F044
:101D50001701916016E0B4F5805F65D036D8602C2D
:101D600049D0702C0ED1D1E9015094682843CD6838
:101D700024F47F4140EA052008439060916841F0D7
:101D8000770191600020012283F8392083F8380020
:101D900030BC7047302C4CD0402CF3D14868CC6814
:101DA000116A21F00A010843116A21F00101116250
:101DB000916921F0F00141EA04119161106291688A
:101DC00021F0700141F047019160DBE7B4F5005F5D
:101DD000D8D1D1E9015094682843CD6824F47F41DB
:101DE00040EA052008439060916841F48041916089
:101DF000C8E7022070474C68CD68116A21F01001D5
:101E000011629069116A20F4704021F0A00141EA4A
:101E1000041140EA053090611162916821F070016F
:101E200041F067019160ADE7916821F00701916091
:101E3000A8E7916821F0700141F037019160A1E7B6
:101E4000916821F0700141F0070191609AE7916873
:101E500021F0700141F02701916093E74868CC6858
:101E6000116A21F00A010843116A21F0010111628F
:101E7000916921F0F00141EA0411916110629168C9
:101E800021F0700141F0570191607BE7704700BF7E
:101E9000704700BF704700BF704700BF03681A69F2
:101EA000910710B5044602D5DA6892075FD41A6923
:101EB000500702D5DA68510746D41A69120702D5CD
:101EC000DA6810072ED41A69D20602D5DA68D0066D
:101ED00018D41A69D10702D5DA68D2075DD41A6915
:101EE000100602D5DA6811065FD41A69520602D5C7
:101EF000DA68500661D41A69910602D5DA6892064A
:101F000043D410BD6FF01001082219612276DB69FD
:101F100013F4407F204664D0FFF7BAFF0022236805
:101F20002276D6E76FF00801042219612276DB6978
:101F30009907204652D1FFF7A9FF2046FFF7AAFFD5
:101F4000002223682276BEE76FF0040102221961A5
:101F500022769B6913F4407F20463CD1FFF796FF21
:101F60002046FFF797FF002223682276A5E76FF04F
:101F700002010122196102769B699B0725D0FFF7B8
:101F800087FF00222368227691E76FF02002204627
:101F90001A61BDE81040F9F7B3BA6FF001021A6197
:101FA0002046FAF791F8236899E76FF080021A61EA
:101FB0002046F9F7A7FA236897E76FF040021A6105
:101FC0002046FFF769FF236895E7FFF75FFF20468C
:101FD000FFF760FFD5E7FFF75BFFC4E7FFF758FFA8
:101FE000AEE7FFF753FF2046FFF754FF96E700BF29
:101FF00030B42D4D8C6803680A68A84239D0B0F11E
:10200000804F27D0A5F57C45A84223D005F58065F3
:10201000A8421FD005F58065A8421BD005F578457C
:10202000A84226D0214DA84218D005F58065A842C7
:1020300014D005F58065A84210D0A5F59835A842C2
:1020400028D005F58065A84208D005F58065A8422E
:1020500008D103E04D6823F070032B43C96823F4D3
:1020600040730B430360C4628262012330BC43614E
:1020700070474D6823F070032B43CD6823F4407301
:102080002B430360C46282620B690363012330BC8B
:1020900043617047C96823F440731943044B1960C6
:1020A000DC629A62E1E700BF0000014000400140AD
:1020B00000180040C0B110B590F83930044603F064
:1020C000FF0263B12146022384F8393051F8040B32
:1020D000FFF78EFF012384F83930002010BD80F80F
:1020E0003820F8F793FEEDE701207047C0B110B536
:1020F00090F83930044603F0FF0263B12146022311
:1021000084F8393051F8040BFFF772FF012384F88B
:102110003930002010BD80F83820FFF73FFDEDE793
:1021200001207047C0B110B590F83930044603F073
:10213000FF0263B12146022384F8393051F8040BC1
:10214000FFF756FF012384F83930002010BD80F8D6
:102150003820F8F799FEEDE701207047C0B110B5BF
:1021600090F83930044603F0FF0263B121460223A0
:1021700084F8393051F8040BFFF73AFF012384F853
:102180003930002010BD80F83820F8F719FFEDE74E
:1021900001207047002846D070B590F839300C46C1
:1021A000054603F0FF02002B38D02946022385F8AC
:1021B000393051F8040B836823F007038360FFF77D
:1021C00017FF81688369A669A26823F4407323F02E
:1021D000030342EA06221A432369E6691B0143EA24
:1021E0000623E6683343066A26F0AA0C266A22F420
:1021F0007C4222F0FC0243EA0633134366696268BC
:10220000246842EA06122143816042EA0C0201215D
:102210008361026285F83910002070BD80F8382093
:10222000F8F772FEC1E70120704700BF70B4046A7E
:102230001A4E24F001040462B0428469056A1FD07A
:10224000B0F1804F1CD0A6F57C46B04218D006F500
:102250008066B04214D006F58066B04210D006F514
:102260007846B0420CD006F57056B04208D0A6F5BC
:102270009436B04204D024F0030242F0010202E09E
:1022800024F00304224325F00A0401F00A0121434B
:1022900063F30712826170BC016270470000014065
:1022A00090F83830012B79D070B502230D461646D0
:1022B000012280F8382080F839300446D1E9001234
:1022C0000068EB683EB3042EAD682FD0082E4AD0CC
:1022D000066A26F480560662C66926F4407646EA07
:1022E000022663F30F36036AC661090323F4204311
:1022F00001F4204119430162C36923F44063C361BF
:10230000C36943EA0523C3610020012384F83930FF
:1023100084F8380070BDFFF789FF8369AA6823F04D
:102320000C038361836913438361EDE7066A26F03A
:1023300010060662866926F4407646EA022663F3B2
:102340000F36036A8661090123F0A00301F0A001A2
:1023500019430162836923F440638361836943EA1B
:1023600005238361D0E7066A26F480760662C66993
:1023700026F00306164363F30716036AC6610902D3
:1023800023F4206301F4206119430162C36923F03F
:102390000C03C361C3692B43C361B5E702207047D7
:1023A000036A23F010030362036A70B4446882690D
:1023B0000D6822F4E64242EA05228D6823F02003EC
:1023C00043EA05130E4DA8420AD005F58065A842E0
:1023D00006D049684460826170BC816303627047C3
:1023E000CD6823F0800343EA0513D1E9056524F4A1
:1023F000406446EA050C23F0400344EA8C04E8E715
:102400000000014090F83830012B25D0022310B590
:10241000044680F839300C2A0BD8DFE802F0070AAE
:102420000A0A150A0A0A190A0A0A11000068FFF7BF
:102430001FFB0020012384F8393084F8380010BDD8
:102440000068FFF777FBF4E70068FFF7A9FFF0E704
:102450000068FFF73DFBECE70220704738B590F8C5
:102460003830012B70D00D4602230121044680F83C
:10247000381080F839300C2A18D8DFE802F0071736
:102480001717361717174E1717171E00006829461B
:10249000FFF7EEFA83692A6943F0080383618369D1
:1024A00023F00403836183691343836100200123C4
:1024B00084F8393084F8380038BD00682946FFF7C1
:1024C00039FBC3692A6943F40063C361C36923F418
:1024D0008063C361C36943EA0223C361002001230F
:1024E00084F8393084F83800E6E700682946FFF7B9
:1024F00057FF83692A6943F400638361836923F486
:1025000080638361836943EA02238361002001239E
:1025100084F8393084F83800CEE700682946FFF7A0
:10252000D7FAC3692A6943F00803C361C36923F07A
:102530000403C361C3691343C3610020012384F80A
:10254000393084F83800B7E7022038BD002800F0A1
:102550009C80036C10B504463BB1236CDB060CD5A4
:10256000002384F83C30012010BD436480F83C30E7
:10257000FBF70EFD236CDB06F2D4236C464A23F4F2
:10258000885323F0020343F0020323645168236855
:1025900021F44031516051686068014351605A68CC
:1025A0002069A16822F480725A605A6842EA0022C7
:1025B0005A605A68E06822F040725A605A680A43CA
:1025C0005A609A68A16A22F400629A609A6802438B
:1025D0009A60324A91429A684FD022F07062E06A63
:1025E0009A609A68114399609A6822F040529A6002
:1025F0009A6802439A609A68A069216A22F00202EE
:102600009A609A6842EA40029A605A6800293ED06D
:1026100042F40062616A5A605A6822F460425A6069
:102620005A68013942EA41325A60DA6AE169206B3C
:1026300022F47002DA62DA6A013942EA0152DA629D
:102640009A68616922F400729A609A6842EA4022AC
:102650009A609A6822F480629A609A68002042EA3E
:1026600081229A606064236C23F0030343F001032A
:102670002364002384F83C3010BD22F070629A601D
:102680009A6822F040529A60B5E70120704722F420
:1026900000625A60C9E700BF002301400100000F3B
:1026A00070B5054690F83C0082B0002301280193E4
:1026B0006BD02E681346012285F83C20B268D407FF
:1026C00014D4B26842F00102B260314A1068314A53
:1026D000A2FB0020800C00EB40000190019A2AB17F
:1026E000019C013C019401980028F9D1B268D007FF
:1026F0003BD5286C20F4E06020F0010040F48070AD
:1027000028647268520505D52A6C22F4405242F4BE
:1027100080522A642A6CA86B12F480521CBF6A6C27
:1027200022F006026A64002285F83C200A461A4913
:10273000C1631A4901641A49C1646FF02201316012
:10274000716841F080617160B16841F48071B1607D
:1027500006F14C01FAF77AFB124B5B68DB0607D1F6
:102760002B689A6812F0405F0AD0002002B070BD5A
:102770000D4A2B689342F8D19A6812F0405FF4D169
:102780009A6842F080429A60EFE7022002B070BD82
:10279000C003002083DE1B43B92701081928010864
:1027A0002928010800230140002001400368D86C5B
:1027B000704700BF704700BF836B1A6C12F0500F58
:1027C00025D11A6C196842F4007210B51A648A682F
:1027D00012F0405F17D19A69AAB9CA6A12F4700F51
:1027E00002D08A6850050ED44A6822F020024A605E
:1027F0001A6C22F480721A641A6CD20403D41A6C14
:1028000042F001021A641846FFF7D4FF10BD9B6B1B
:10281000DB6C1847704700BF08B5806BFFF7FAFF05
:1028200008BD00BF704700BF806B08B5402303643C
:10283000436C43F004034364FFF7F4FF08BD00BF9B
:1028400070B590F83C3082B00246012B4FF000008A
:10285000019000F09380012382F83C300D681368EA
:102860008C68092DA8B228D81E6905EB450E4FF0DB
:10287000070C0CFA0EFC26EA0C061E611E6904FA0F
:102880000EF434431C614C68062C04EB84012AD8F6
:102890005C6B05394FF01F0C88400CFA01F124EAFB
:1028A00001015963596B0843586336498B422BD059
:1028B000002082F83C0002B070BD00EB400CDE68E6
:1028C000ACF11E0C4FF0070E04FA0CF40EFA0CFCDF
:1028D00026EA0C06DE60DE683443DC604C68062CB9
:1028E00004EB8401D4D90C2C34D81C6B23391F265B
:1028F000884006FA01F124EA01011963196B0843C3
:10290000204918638B42D3D1122D30D0A5F110038A
:10291000012BCDD81C494B68102D43F400034B60AC
:10292000C6D11A4B01F146711B6801F52E3101F237
:102930008331A1FB03139B0C03EB83035B00019327
:10294000019B002BB4D0019B013B0193019B002B09
:10295000F9D1ADE7DC6A41391F26884006FA01F15A
:1029600024EA0101D962D96A0843D8629DE7D1F807
:10297000043343F48003C1F8043399E7022002B022
:1029800070BD00BF0020014000230140C0030020B3
:102990002DE9F04F00230C68DFF820B285B08A469D
:1029A00003E00133102B00F0A280012202FA03F1B0
:1029B00031EA040201EA0407F3D1DAF80420DAF874
:1029C00008505E0005FA06FC22F010080325B54009
:1029D00002F0030EB8F1020F6FEA05050EFA06FECB
:1029E00000F08880D0F8009008F1FF3809EA050966
:1029F00049EA0E0EB8F1010FC0F800E040F29A80EB
:102A0000C168294041EA0C01C160D100C9D5684DB7
:102A100000210391696C41F480416964696C01F49F
:102A200080410391039923F0030101F1804101F5F5
:102A30009C3103F003068D68B6004FF00F0C0CFAC2
:102A400006FC25EA0C0E5B4DA84228D005F58065F2
:102A5000A84200F08580584DA84200F08780DFF83A
:102A600060C1604500F08980DFF858C1604500F022
:102A70008A80DFF854C1604500F08C80DFF84CC1DB
:102A8000604500F08E80DFF848C160450CBF4FF014
:102A9000070C4FF0080C0CFA06F64EEA060EC1F8C9
:102AA00008E0DBF80010FD43D60354BF294039434A
:102AB000CBF80010DBF80410960354BF29403943CB
:102AC000CBF80410DBF80810D60254BF2940394374
:102AD000CBF80810DBF80C10920203F1010354BF8D
:102AE00029403943102BCBF80C107FF45EAF05B0B2
:102AF000BDE8F08F4FEAD30900EB890903F007081E
:102B0000D9F820700097DAF810704FEA880807FAB1
:102B100008F701970F2707FA08F8009F27EA080827
:102B2000019F47EA0807C9F8207007682F4047EA65
:102B30000E070760876807EA050EDAF80C70B740E1
:102B400047EA0E078760466812099A4026EA0101A3
:102B50000A434260C2682A4042EA0C02C26020E78F
:102B6000012505FA06F64EEA060E98E74FF0020C2C
:102B70000CFA06F64EEA060E91E7032505FA06F66C
:102B80004EEA060E8BE74FF0040C0CFA06F64EEAFE
:102B9000060E84E74FF0050C0CFA06F64EEA060E18
:102BA0007DE74FF0060C0CFA06F64EEA060E76E7C5
:102BB000003802400000024000080240003C014092
:102BC000000C0240001002400014024000180240B5
:102BD000001C02402DE9F04F0023DFF84CA14D4EC0
:102BE00083B001254FF003094FF00F0802E00133D5
:102BF000102B6DD005FA03F232EA0104F7D1046814
:102C00005F0009FA07F74FEAD30C24EA070400EB48
:102C10008C0C046003F00704DCF820E0A40008FA40
:102C200004F42EEA0404CCF82040846824EA070463
:102C30008460446824EA02044460C46824EA070407
:102C400023F0030707F1804707F59C37C46003F0C2
:102C50000304D7F808C0A400D24308FA04FE504584
:102C600001920EEA0C0C36D02B4A904237D02B4AF8
:102C7000904237D02A4A904239D02A4A904239D0DD
:102C8000DFF8A8B058453AD0DFF8A4B058453BD09B
:102C9000DFF8A0B058450CBF4FF0070B4FF0080B02
:102CA0000BFA04F4A445A2D1BC68019A24EA0E04EC
:102CB000BC60346814403460746814407460B46854
:102CC0001440B460F46801332240102BF26091D1BB
:102CD00003B0BDE8F08F0024A44588D1E4E705FAED
:102CE00004F4F9E74FF0020B0BFA04F4F4E709FAE5
:102CF00004F4F1E74FF0040B0BFA04F4ECE74FF0A7
:102D0000050B0BFA04F4E7E74FF0060B0BFA04F49B
:102D1000E2E700BF003C014000040240000802401E
:102D2000000C02400010024000000240001402406B
:102D300000180240001C02400369194214BF012020
:102D40000020704702B9090481617047044A516943
:102D5000014200D1704708B55061FDF77FFF08BD03
:102D6000003C014000286AD038B590F83D30044658
:102D700003F0FF02002B4DD02268324D242384F84B
:102D80003D30136823F001031360FCF735FA2E4B36
:102D90002268A3FB001361689B0CA942536024D8EE
:102DA0004900B0FBF1F040F6FC71013308421362B8
:102DB00008BF0420D4E90731D0610B43D4E90301F3
:102DC00013600143D4E9053003439160D360116877
:102DD000002341F0010120201160236484F83D00AC
:102DE000236384F83E30184638BD184D4FF4967C66
:102DF0000CFB03F3A5FB03539B0901331362A36888
:102E00006BB901EB4101B0FBF1F0C0F30B039BB9CF
:102E10000120CFE780F83C2000F018FEACE701EB82
:102E2000810101EB8101B0FBF1F0C0F30B03002B3A
:102E3000EED040F44040BDE740F40040BAE7012046
:102E4000704700BFA086010083DE1B43D34D621094
:102E500090F83DC0BCF1280F30D100292CD0002AB9
:102E60002AD030B490F83C40012C82B02DD00468B8
:102E70002568ED0724D5256825F4006525602925FA
:102E800080F83D5041622025002180F83E500164C9
:102E90004285C362428D019163690193A3690193E5
:102EA00080F83C10019B6368028543F4E063636033
:102EB000084602B030BC70470120704702207047BE
:102EC000256845F001052560D5E70220F1E700BF40
:102ED00090F83DC0BCF1280F30D100292CD0002A39
:102EE0002AD030B490F83C40012C82B02DD0046838
:102EF0002568ED0724D5256825F4006525602A2579
:102F000080F83D5041622025002180F83E50016448
:102F10004285C362428D019163690193A369019364
:102F200080F83C10019B6368028543F4E0636360B2
:102F3000084602B030BC704701207047022070473D
:102F4000256845F001052560D5E70220F1E700BFBF
:102F500090F83D30202B01D00220704728220368D2
:102F600080F83D201A68D20703D41A6842F00102A3
:102F70001A601A6842F480621A605A6842F4407219
:102F800000205A60704700BF704700BF704700BF05
:102F9000704700BF704700BF704700BF704700BF59
:102FA000704700BF10B590F83D200368293A012A08
:102FB000044656D990F83D20602A05D05A6812057B
:102FC0005CBF202280F83D200022226384F83E204E
:102FD0001A6822F400621A605A6812F400621DD066
:102FE0005A68606B22F400625A6090F83530012B09
:102FF00056D0394B0365F9F7B1FF50B12268606BC9
:103000001368202123F00103136084F83D10036D41
:10301000984794F83D30282B13D010BD94F83D10FC
:10302000602924D05A69520604D5626A1B69511C72
:1030300061621370204617F0BDFB94F83D30282BD9
:10304000EBD1236C5B07E8D500232449E162202201
:103050002363204684F83D2084F83E3017F056FB69
:1030600010BD00212822016380F83D20B0E7202117
:1030700084F83D1022645A69510605D5626A1B69BD
:10308000511C6162137023681A6822F001021A60F1
:103090002046FFF785FF94F83D30282BBDD1D0E7BF
:1030A000A06B0D4B0365F9F759FF0028B1D02368D9
:1030B0005A69500605D5626A1B69511C616213701A
:1030C00023681A68A06B22F0010220211A6084F89C
:1030D0003D10036D98479CE7B93901080000FFFFD8
:1030E00070B5036855495C695A680C4282B04CD08F
:1030F000D60504F4813504D4036C002B40D102B012
:1031000070BD016C41F0010101646FF4807159617F
:10311000002D43D0016C41F00201016414F4823FA0
:103120006FF4007159611CD090F83E50428D90F8B8
:103130003D10066B202D92B2C9B233D0026C42F022
:103140000402026490F83E20102A57D06FF4806287
:103150005A6114F4843FCFD0036807E014F4823F2F
:1031600019D114F4843FC7D0D205C5D5026C6FF4D1
:10317000006142F0080202645961036C002BBED06A
:1031800002B0BDE87040FFF70DBF14F4813FE5D0F9
:10319000D505BFD4B0E7D105C6D4ADE714F4823F5E
:1031A000C2D1DEE7002AC9D101F0F702212A03D0FB
:1031B0002829C3D1212EC1D190F83D20C16A04290C
:1031C000D2B220D008291ED0212ABFD11C49C16209
:1031D00002632021002280F83D1080F83E205A68CA
:1031E00001906FF4806122F4E0625A6059611A68BC
:1031F0000A401A60FFF7CCFE0198AAE71A6842F469
:1032000000721A60A2E7282ADED10D4AC2625A680B
:1032100001906FF4806122F4E0625A6059611A688B
:1032200022F480621A6000212023016380F83D307F
:1032300080F83E1017F06AFA01988AE70001010051
:103240000000FFFFF0B503689E695A695C6890F85A
:103250003E1010298DB03DD0CDB2402D3AD09049CE
:103260001140002900F0BA80A70500F171818D4955
:103270008D4D31401540002900F020818B491140CF
:10328000002900F08781660540F18481002D40F01F
:10329000848190F83D10428D92B2C9B2C2B1426AA7
:1032A000541C446212781A61428D013A92B24285EE
:1032B000428D92B262B929290AD15A68212422F496
:1032C000806228215A60046380F83D10FFF760FE99
:1032D0000DB0F0BD12F0011F35D0A50500F123811E
:1032E000704D714935401140002D4ED06F4D154045
:1032F000002D46D0670544D5002900F06081A60561
:10330000E6D5C16A90F83D20212AE1D1428D92B2E2
:10331000002A40F04A81042900F0F781082900F0D2
:10332000F48111F5803F00F0F081596821F4E061EB
:10333000596011242023046380F83E2080F83D303A
:10334000FFF722FEC4E75A491140002940F0E4800B
:10335000534D1540002DC3D0A705C1D590F83E5060
:10336000C76AD0F830E090F83DC0BCF1220FEDB252
:1033700000F072810A9159690A9199690A910A9932
:10338000AEE70029BBD10DB0F0BD4A4D15400DB3DD
:1033900065051FD5002900F03081A20598D5C56AC2
:1033A000428D416A92B2042A01F1010400F09B812E
:1033B000428D92B2032A00F09F81428D92B2022A7E
:1033C00000F0DB811B6944620B70438D013B9BB2B3
:1033D00043857DE70029E0D10DB0F0BD364D1540A5
:1033E000002D3FF444AFA5057FF541AF90F83D4077
:1033F0005A6822F4E0625A600B915A690B921A687B
:1034000042F001021A600B9A1A6822F480621A6074
:103410005A681105E4B20ED590F83D20222A00F03A
:10342000568190F83D202A2A00F05181426B1268A3
:10343000526892B24285428D92B2C2B15A69520725
:1034400009D5426A1B69511C41621370428D0368A1
:10345000013A92B242855A69570608D5426A1B69F9
:10346000511C41621370438D013B9BB24385036C39
:10347000002B40F0EC80A4F12802022A40F21081D7
:10348000036B222B02D0222C7FF422AF00232022B8
:10349000036380F83D2080F83E30FFF77BFD17E79F
:1034A000020001000400100004000100800001007F
:1034B0000800010040000100100001009E49114079
:1034C000002952D0610550D5002D51D190F83D1002
:1034D000428D92B2C9B2002A3FF4FAAE426A1B6929
:1034E000541C44621370438D013B9BB24385438D52
:1034F0009BB2002B7FF4ECAE2A297FF4E9AE026880
:1035000053682224282123F480635360046380F8E5
:103510003D10FFF73FFDDBE6A1057FF5E1AE416C15
:10352000C9B21961DCE690F83E10402900F0B18084
:103530000169B1F5804F7ED0016D002940F0BB805C
:10354000416CC91101F0060141F0F0011961C7E6B3
:1035500099699B6981F004011E0654BF8289028B20
:10356000C1F3800117F004F9B2E6002D3FF4B0AECC
:10357000A2057FF5ADAE428D92B2002A3FF4A8AE0F
:10358000426A1B69511C41621370438D013B9BB21F
:1035900043859DE6002D3FF49BAEA4057FF598AED4
:1035A000428D92B2002A3FF493AE426A511C4162AE
:1035B00012781A61438D013B9BB2438588E690F8EF
:1035C0003D20048D90F83E10C56AD2B2C9B2002CDD
:1035D00040F08E80212A00F0FC8040297FF478AEF4
:1035E000222A7FF475AE428D92B2002A40F02E81DD
:1035F0005A6822F480625A606AE690F83D20222AD6
:103600007FF466AE428D92B2032A40F2F780426A9E
:103610001B69511C41621370438D013B9BB2438572
:10362000438D9BB2032B7FF453AE0268536823F49F
:10363000806353604CE690F83D102129416C16BF21
:1036400041F0010101F0FE01C9B2196148E60DB077
:10365000BDE8F040FFF7A6BC016D11B9402D00F0A8
:10366000EE80056D25B90169B1F5404F00F002818A
:10367000418D89B2002963D10391596903919969F8
:1036800003910399196841F40071196000210165E3
:1036900026E6016D09BB416C01F0FE0119611FE6D0
:1036A0002649C1622022036380F83D2080F83E3025
:1036B00017F02CF80CE6016D01297FF411AE416C76
:1036C000C91101F0060141F0F101196108E6826BB0
:1036D0001268526892B24285ADE6416C41F0010138
:1036E000C9B21961FCE55A6822F480625A6069E641
:1036F000212A7FF472AF76E75A6822F480625A601A
:103700001A6822F480621A605CE65A6822F4E06269
:103710005A601A680021202442F400721A60016382
:1037200080F83D4090F83E3080F83E10402B7FF40A
:1037300007AEFFF731FCCBE5400001000000FFFFC2
:10374000418D89B2012900F0AB80418D89B20229F7
:1037500000F0C180196841F4806119605968090559
:1037600003D5596841F48051596000210991596984
:10377000099199690991099988E7013D012D1A6814
:1037800040F2868042F400721A601B6944620B703A
:10379000438D426A0168013B9BB243850B69511C12
:1037A00041621370438D0168013B9BB243854B68B6
:1037B000002223F4407320244B6080F83D400263D4
:1037C00090F83E3080F83E20402B35D0FFF7DEFBEE
:1037D0007EE5042D99D0082D97D015F5803F94D023
:1037E0005A6822F4E0625A6011212023016380F8B4
:1037F0003E4080F83D30FFF7C7FB69E5012A3FF600
:1038000067AD1A68446A22F480621A605A6822F42A
:10381000E0625A601B69621C42622370438D013B67
:103820009BB22022438580F83D20016390F83E3012
:1038300080F83E10402BC9D1FFF7B0FB48E501915D
:103840005969019199690191019949E590F83E20E2
:10385000402A7FF4AAAE026D002A7ED1C26C012AF2
:10386000826C00F09680C2F307221A61036D013367
:1038700003652DE5029559690291996902910299B2
:10388000196841F480711960016D0131016527E506
:1038900022F480621A601A6842F480721A6074E737
:1038A00017F5803F41D0042F2FD0082F2DD0BEF127
:1038B000120F2AD0C16A0229196814BF21F480614D
:1038C00041F4806119600021069159690691996956
:1038D00006910699DAE6C16A0229196839D021F4FD
:1038E00080611960196841F40061196059680D051B
:1038F00003D5596841F480515960002108915969F4
:103900000891996908910899C0E6196821F48061C5
:1039100019600021079159690791996907910799E1
:10392000196841F400711960B0E6196821F48061EA
:103930001960596811F4006120D0196821F4806180
:1039400019600021049159690491996904910499BD
:103950009CE641F480611960C8E7026D012A1ED01F
:10396000026D022A7FF4B4AC90F83D20222A1DD0CB
:1039700090F83D20212A7FF4ABAC16E605915969F9
:103980000591996905910599196841F400711960CB
:103990007CE6D2B21A61036D0233036598E4826C4F
:1039A000D2B21A61036D0133036591E41A6842F4DF
:1039B00080721A608CE400BF806B0268116810B5D9
:1039C00021F48061446B1160816B00234385236582
:1039D0000B6590F83D1060294FF0200180F83D10F4
:1039E00080F83E3006D0136823F00103136016F010
:1039F000E1FE10BD0364136823F001031360FFF7B9
:103A0000CFFA10BD38B50D4B0D4C0E4D00224100C4
:103A1000C3E9005418464FF48044C3E90221C3E9C6
:103A20000442C3E906221A62FFF79CF900B938BDC7
:103A3000BDE8384004484F21F8F750BBC8180020B3
:103A4000A08601000054004044C10208374B0268C0
:103A50009A4200D0704770B5012288B0122103232A
:103A600004464FF44070CDE90201CDE9042330480B
:103A7000304E042302A90693FEF78AFF00232E4A44
:103A80000193116C41F400111164126C2B49B36065
:103A900002F4001201924FF00072C6E90012019880
:103AA0004FF480614FF480723046C6E90331C6E9B5
:103AB0000533C6E90833F261F9F7FCF858BB204D2D
:103AC000204A2A604FF000720023A6636A604021FA
:103AD0004FF480622846C5E90213C5E90533C5E9FC
:103AE0000733B4632A616B62F9F7E4F8C0B9656320
:103AF000002205211F20AC63F5F718FF1F20F5F702
:103B000051FF002205212020F5F710FF2020F5F7B6
:103B100049FF08B070BD0C487A21F8F7DFFACEE70C
:103B200009488C21F8F7DAFAE1E700BF00540040B9
:103B30000004024068180020003802401060024073
:103B400008180020A060024044C10208DFF838D005
:103B5000002103E00D4B5B58435004310C480D4BE2
:103B600042189A42F6D30C4A02E0002342F8043B82
:103B70000A4B9A42F9D3FCF7FFFEF8F7B1F9ECF7DC
:103B80002DFEF8F747FA70470000022024B1030821
:103B900000000020F8050020F8050020C8D600200D
:103BA000FEE7000010B50446FDF76CFA094A1068FC
:103BB00060B10949096803198B4296BF04464FF06A
:103BC000FF341360FDF7B2FB204610BD034B1868AD
:103BD0001060EEE71C190020C4030020C803002079
:103BE000F0B5044685B00022C0680D46218AFFF773
:103BF000A9F8012000F044FB6FEA45416FEA51410A
:103C00004FF47A7300274BF6EF66ADF80C100122E3
:103C100003A92068ADF80A70ADF80E60F7F780FDD3
:103C2000218AE0680122FFF78DF8012000F028FBCF
:103C3000218AE0683A46FFF785F8012000F020FB72
:103C40004FF47A72009201230DF10E020DF10A0178
:103C50002068F7F735FE012000F012FB218AE068AA
:103C60000122FFF76FF8012000F00AFBBDF80E00FB
:103C7000B04203D0C0F30A0005B0F0BD034B044AC4
:103C8000044840F28711ECF7CFFC00BF58C102088E
:103C900024D802086CC1020810B50189044601222B
:103CA0004068FFF74FF80A20FCF714FB002120467C
:103CB000FFF796FF4305F9D4BDE810400120FCF75B
:103CC00009BB00BF10B500210446FFF789FF03467A
:103CD00010F4806002D0C3F30A0000B110BD4FF4AD
:103CE00000612046FFF77CFFC0F3C010800210BDCA
:103CF00070B5044682B00D461646018AC06800229F
:103D0000FFF720F8C6F30A06012000F0B9FA3543A0
:103D10004FF47A730DF1060101222068ADF80650C8
:103D2000F7F7FEFC012000F0ABFA218AE0680122DF
:103D3000FFF708F8012000F0A3FA02B070BD00BF41
:103D400038B591F8223003B938BD4A7C0B7C134357
:103D50008A7C1343CA7C13438A8A0C461A434FF465
:103D600080510546FFF7C4FFE27DA37D1343227E09
:103D70001343627E4FF4C0511A432846FFF7B8FF41
:103D8000002384F8223038BD38B591F8233003B9C8
:103D900038BD0C4600210546FFF722FF0021C0F385
:103DA000802262F30701C0F3402262F30F21C0F3C7
:103DB000002262F31741C0F3C012034662F31F6191
:103DC000C0F38010002260F307022160C3F34011AA
:103DD00061F30F22C3F3001161F31742C3F3C00173
:103DE00061F31F626383C3F380016260C3F3400227
:103DF00003F0010321726272A3724FF4006128463E
:103E0000FFF7EEFEC0F3C01200F00F032273E38150
:103E1000A0834FF480512846FFF7E2FE0022C1B292
:103E200061F3070261F30F2261F3174261F31F622E
:103E30000F49E083114000F4F8632161A3824FF43D
:103E4000C0512846FFF7CCFE0023C2B262F307033D
:103E500062F30F230749208462F3174362F31F6361
:103E60001940C4F81610002384F8233038BD00BF71
:103E700003040830030C304070B5002506464D841D
:103E800001200C46FCF726FA29463046FFF7A8FE2B
:103E90002946C0F38022034662F30701C0F3801075
:103EA0002A4660F30702C3F3402060F30F21C3F3F7
:103EB000401060F30F22C3F3002060F31741C3F3F7
:103EC000001060F31742C3F3C01060F31F6121605C
:103ED000C3F3C00161F31F626260C3F38002227208
:103EE000C3F3400203F001036272A3724FF4006156
:103EF0003046FFF775FEC0F3C01300F00F002373C8
:103F0000E0814FF480513046FFF76AFE2B46C2B283
:103F100062F3070362F30F2362F3174362F31F6335
:103F20000C4A00F4F8601A40A0824FF4C0513046A9
:103F30002261FFF755FEC0B260F3070560F30F255D
:103F4000054B60F3174560F31F652B40C4F816302E
:103F500070BD00BF03040830030C3040DFED7B7AF6
:103F6000F5EEC00AF1EE10FA60EEA77A6DDBDFED38
:103F7000786AB5EEC00A60EEA60AB7EE007AF1EEF6
:103F800010FA37EE607A46DBB4EEE70AF1EE10FA8B
:103F900040F18280F6EE006A27EE267A77EEC06A5C
:103FA00030EE270A76EE877A81ED007A30EE270A26
:103FB000C0ED007A82ED000A90ED000AB5EEC00A6D
:103FC000F1EE10FAC0F2BE80F7EE007AB4EEE70A26
:103FD000F1EE10FA00F2B68091ED007AB5EEC07AFB
:103FE000F1EE10FAC0F2AE80B4EEE77AF1EE10FA1C
:103FF00000F2A88092ED007AB5EEC07AF1EE10FAE8
:10400000C0F2A080B4EE677AF1EE10FA8CBF4FF0E8
:10401000FF3000207047F1EE676AB4EEE60AF1EE79
:1040200010FAB7D530EE270AF6EE007A30EE077AAE
:1040300027EE277A77EE200A81ED007A30EEC00A6B
:10404000C2ED000A80ED000AB8E7B5EEC00AF1EE55
:1040500010FA55DBB1EE677AB4EEC70AF1EE10FA4A
:1040600031D5F0EE006AB7EE007AA7EEA67AB6EE8A
:10407000006A70EE276A30EE670A67EE067A37EE5E
:10408000E67AC2ED007A30EE070A80ED007A81ED23
:10409000000A90ED000A91E777EEC06AB6EE006A7A
:1040A00036EE877A30EE670A67EE067A30EE270A38
:1040B000C0ED007A70EE200A81ED000AC2ED000A20
:1040C00090ED000A7AE7DFED236AB7EE007AA0EE02
:1040D000E67A30EE270AB6EE006A77EE407A67EEAF
:1040E000867A37EE800AC0ED007AF0EE407AE0EE94
:1040F000A67A82ED000AC1ED007A90ED000A5DE734
:10410000B4EEE70AF1EE10FAABD5B7EE007ADFEDC8
:10411000116A30EE077A37EEC00AA0EEE67AB6EE04
:10412000006A77EE677A67EE867AB0EE677AA0EE7D
:10413000A67AC2ED007A30EE070A81ED007A80EDB2
:10414000000A3BE74FF0FF30704700BF3ACD133F06
:104150003ACD933F3ACD93BFF0EEC06AF0EEE07AED
:10416000F4EEE76AF1EE10FAB0EE407A28DC45D5BD
:104170009FED2F6ADFED2F4A9FED2F5A37EE866AAB
:10418000C6EE867A9FED2D6A67EEA75AF7EE006AB3
:10419000A5EEA45AA5EE856AE5EE866A27EEA60A84
:1041A000F5EEC00AF1EE10FA48BFDFED257AB5EE64
:1041B000C07A48BF37EEC00AF1EE10FA1BD4704740
:1041C0009FED1B6ADFED1B4A9FED1B5A9FED1D0AF9
:1041D00076EE866A87EEA66ADFED186A66EE065A04
:1041E000F7EE007AA5EEA45AE5EE256AE5EEA67A8A
:1041F000A6EE670AD4E7B1EE400A7047DFED0C7A0D
:10420000DFED0C4A9FED0C5ADFED0C5A76EEA77AE3
:1042100086EEA76AF7EE007A66EE066AA6EEA45A64
:10422000E5EE265AE5EEA67A27EE860AB8E700BF45
:104230000000800016733EBD4423233E2CBEA7BE63
:10424000DB0F4940DB0FC93FB0EE407A9FED070A14
:1042500051B100EB8101F0EC017AE7EE007A88427F
:10426000B0EE670AF7D17047704700BF000000004A
:1042700090FBF1F303FB11000028B8BF4018704712
:104280002DE9F8430F4D8046FAF704FA6F6A0446A9
:10429000FAF700FA8442F7D14FF47A79094E09FB14
:1042A0000477FAF7F7F9756A0446FAF7F3F98442E6
:1042B000F7D1ED1B09FB0455454501D200BFF0E7DE
:1042C000BDE8F88300200040DFED217AB5EEC00A9A
:1042D00060EE277AF1EE10FABDEEE77A04D517EE1C
:1042E000103A013B07EE103AB8EEC77ADFED196AD3
:1042F00077EEC77A67EEA67ABCEEE77A17EE103A49
:104300009BB2B3F5007F1AD207EE103AB8EE477AA7
:10431000591C37EEC70A104AF7EE006A02EB81011A
:1043200037EE267AD1ED006A02EB830237EE677A28
:1043300020EE260AD2ED007AA7EE270A704777EE24
:10434000E67A9FED067AB0EE670A01210023E2E7E4
:1043500083F9223E00000044BC99030800000000DD
:104360009FED237ADFED236AF5EE007AE0EE077A1F
:10437000B4EEE60AF1EE10FABDEEE77A04D517EED8
:10438000103A013B07EE103AB8EEC77ADFED1A6A31
:1043900077EEC77A67EEA67ABCEEE77A17EE103AA8
:1043A0009BB2B3F5007F1AD207EE103AB8EE477A07
:1043B000591C37EEC70A114AF7EE006A02EB810179
:1043C00037EE267AD1ED006A02EB830237EE677A88
:1043D00020EE260AD2ED007AA7EE270A704777EE84
:1043E000E67A9FED077AB0EE670A01210023E2E743
:1043F00083F9223EDB0FC9BF00000044BC990308CB
:104400000000000003881943018070472DE9F04146
:10441000264E0746324606F10808002413685B6AF8
:10442000EFF3108172B6186883F8664003681D6860
:104430006B6C23F400436B6481F3108852F8043BE7
:10444000586A39466430FFF7DDFF9045E6D1EFF357
:10445000108172B6164B174A1C7012683368D46309
:1044600041F201005B6A1064EFF3108072B683F8CA
:1044700066401B681B681A68536C23F4004353643E
:1044800080F3108873685B6AEFF3108072B61A6865
:1044900083F8664013681A68536C23F4004353642E
:1044A00080F3108881F31088BDE8F0811C1B002088
:1044B0007D190020CC080020EFF3108372B6044A67
:1044C000127812B1012280F8662083F310887047B9
:1044D0007D190020EFF3108C72B6026890F86630F8
:1044E00011680968002280F866204A6C181E22F4C0
:1044F000004218BF01204A648CF31088704700BF47
:1045000010B4EFF3108C72B6254B1B78F3B9026828
:1045100080F8663013680A881B684C885A638A885A
:104520009C63DA63EFF3108172B603681B680022A4
:1045300080F866201A68536C23F40043536481F3B7
:1045400010888CF310885DF8044B7047036890F86E
:1045500066201B680C881B68012A5C634C8889886C
:104560009C63D9630DD0022A13D15A6C032142F403
:10457000004280F866105A648CF310885DF8044B92
:104580007047022380F866308CF310885DF8044B86
:104590007047032AC6D18CF310885DF8044B70472E
:1045A0007D19002010B5EFF3108C72B6164B174929
:1045B000174A1868002313700A68C36341F20104A4
:1045C000526A0464EFF3108E72B682F86630126895
:1045D00012681068426C22F4004242648EF3108824
:1045E0004A68526AEFF3108172B6106882F866303A
:1045F00003681A68536C23F40043536481F31088F2
:104600008CF3108810BD00BFCC0800201C1B0020BC
:104610007D190020036840F2D66210B500215A636C
:1046200004469A63DA63FDF7F9FA00212046F6F7AB
:1046300001FF04212046FDF7F1FA04212046F6F798
:10464000F9FE08212046FDF7E9FA08212046F6F791
:10465000F1FE2368012220460C21BDE810401A64B7
:10466000FDF7FCBA006809682DE9F0411E46436C6D
:10467000DDF8188003F4004E4B6C476803F4004CDF
:104680008B68446C24F4004444644C6C24F400446F
:104690004C64046824F0010404600C6824F00104F4
:1046A0000C60446824F070044460446844F01004D2
:1046B00044608C6824F070048C608C6822438A60AB
:1046C0008A6822F007028A608A6842F006028A60DD
:1046D00005680C68026822F0600202600A6822F035
:1046E00060020A60026822F0100202600A6822F08A
:1046F00010020A60026805F06005154305600A684B
:1047000004F06004144300220C6046624A62B8F16F
:10471000000F06D0D8F800205662146844F0010457
:10472000146004689BB2BFB244F0010404604760A7
:104730008B60436C4EEA030343644B6C4CEA030307
:104740004B64BDE8F08100BFF0B54D4C4D4E216883
:1047500032688B684C4D4D4F43F001038B6093687A
:1047600043F0010393602A68936843F0010383B028
:1047700093600220FBF7AEFD2468316860682A6808
:10478000434B444E444D40F080006060486840F028
:1047900080004860506840F080005060486840F0F9
:1047A00020004860516841F020015160DA6842F011
:1047B0000102DA60DA6842F00202DA609A6842F0D6
:1047C00080029A603846FFF725FF3046FFF722FF48
:1047D000324A00923146384640F256630022FFF7D3
:1047E00041FF3A683368516C286821F400415164F4
:1047F000596C21F400415964D16841F00101D16044
:10480000DA68002442F0010241F20106DA60082170
:10481000C46306642846FDF701FA0C212846FDF71B
:10482000FDF91F4A13685B6AEFF3108072B683F8D4
:1048300066401B681B6819684B6C23F400434B648B
:1048400080F3108853685B6AEFF3108172B683F8C7
:1048500066401B681B681A68536C23F4004353645A
:1048600081F31088EFF3108272B62B680D49DC6378
:104870001E6401230B7082F3108803B0F0BD00BFEB
:104880007811002030110020E810002008090020D5
:10489000002004E0DC070020CC080020A007002056
:1048A0001C1B00207D19002070B51E481E491F4C9E
:1048B00081620022012384B04FF480351021C0E9C9
:1048C00000458260036183610262C262C260C161AD
:1048D00003634361FDF73AFEF0B90123114D144E15
:1048E0000293002401E0102C0FD00094694601349B
:1048F00028460194FDF7A4FF0028F4D04FF4B971C5
:104900003046F7F7EBFB102CEFD10A490548224659
:10491000FDF7C6FE04B070BD054840F26911F7F717
:10492000DDFBDAE7781100200100000F00200140D4
:1049300088C1020850190020644B984211D0644B82
:10494000984205D0634B984256D04FF6FF7070479F
:10495000012900F09F8002294FF6FF7008BF09204F
:104960007047202900F28E800029EED001391F29DE
:10497000EBD801A353F821F0C54A0108C14A010848
:104980004B490108BD4A01084B4901084B49010840
:104990004B490108B94A01084B4901084B49010834
:1049A0004B4901084B4901084B4901084B49010893
:1049B0004B490108B54A01084B4901084B49010818
:1049C0004B4901084B4901084B4901084B49010873
:1049D0004B4901084B4901084B4901084B49010863
:1049E0004B4901084B4901084B4901084B49010853
:1049F0004B490108B14A010801391F29A5D801A373
:104A000053F821F0A94A0108AD4A01084B490108B1
:104A1000994A01084B4901084B4901084B490108D3
:104A20009D4A01084B4901084B4901084B490108BF
:104A30004B4901084B4901084B4901084B49010802
:104A4000A14A01084B4901084B4901084B4901089B
:104A50004B4901084B4901084B4901084B490108E2
:104A60004B4901084B4901084B4901084B490108D2
:104A70004B4901084B4901084B4901084B490108C2
:104A8000A54A010840291FD080294FF6FF7008BFB2
:104A900007207047082070470C2070470D20704792
:104AA0000E2070470F2070470A2070470B20704778
:104AB000052070470420704703207047022070478C
:104AC0000120704700207047062070470000024018
:104AD000000402400008024008B5FFF72DFF0F2830
:104AE0000BD8074BDFED077A33F8103000EE103AA1
:104AF000B8EE400A20EE270A08BD9FED030A08BD64
:104B0000501900203333533A0000C07F2DE9F041A3
:104B10002A4F2B4EDFF8C4802DED048B9FED298AA0
:104B20009FED299ADFED298A294D4FF6FF7405E0A4
:104B30000134A4B2072C05F10C052DD0286808F02B
:104B40000BF80028F4D024F00203042B2ED0032C01
:104B500029D0062C2ED91F480121FFF7EDFE0F2882
:104B60001ED836F8103007EE103AB8EE477A27EE26
:104B7000287A95ED010AD5ED027A286877EEC07A99
:104B8000013467EE887AA4B2A7EE870A07F0FAFF2D
:104B9000072C05F10C05D1D10A20FBF79BFBC3E7DD
:104BA000B0EE497AE5E70C481021D6E737F8141043
:104BB0004046D2E737F814100648CEE734D802084A
:104BC00050190020CA269B3E0000C07F3333533A61
:104BD000AC1A00200000024000080240000402401D
:104BE0000F280BD8074BDFED087A33F8103000EEB2
:104BF000103AB8EE400A20EE270A70479FED030AEC
:104C0000704700BF501900203333533A0000C07F73
:104C100008B50121FBF7C2FD07EE900A9FED047A6B
:104C2000044BF8EE677A67EE877AC3ED007A08BD29
:104C3000CDCC7A3CCC03002038B503681B6813F058
:104C400010031AD1124A904218D0124B984219D12F
:104C5000114B5B680124186903F00CFA0F49104AE4
:104C60001048156904EB44030F4C21F8135001EB75
:104C70004302216903699380518038BD064A1C466E
:104C80001368E8E7BDE838404FF40070FFF7BEBB9B
:104C900008090020DC0700201C1B002070190020E0
:104CA00000000240000802400004024038B5624B98
:104CB000624C1A685B68526A5B6A92F86610032954
:104CC0002DED048B08BFD2ED238A93F8662018BF20
:104CD000DFED5B8AD4ED279A032A08BFD3ED237A50
:104CE000584B08BF78EEA78AD4ED267A93ED009A48
:104CF00094F8A83078EEA77A69EEE77A87EE898A89
:104D00006BB1F5EEC09AF1EE10FA08DD94ED2B7A56
:104D1000D4ED2C7AB4EEE77AF1EE10FA64D4B4EE66
:104D2000488AF1EE10FA7FD6DFED477AB4EEE78AD3
:104D3000F1EE10FA44DAB5EEC08AF1EE10FA68D559
:104D40009FED3F8A414B94ED096AD3ED007A94EDD3
:104D50002D7A78EEE76AF4EEC78AE6EE267AF1EE6F
:104D600010FAC3ED007A4CDCD4ED2E7AF4EEE78A2B
:104D7000F1EE10FA30D4F7EE007A77EEC87AB0EEA2
:104D8000677ABEEECA7A17EE104AA4F1280525EA22
:104D9000E575631B272B42D9EFF3108272B62C4BBB
:104DA0001B7843B12B4B1B680021D96341F20101F1
:104DB0001964DD631C6482F31088BDEC048B38BD7C
:104DC000254B0122B0EE678A1A7029EE089AC9EEC7
:104DD000297A78EEA78AB5E7BDEC048B4FF48040C2
:104DE000BDE83840FFF712BB39EE470A77EEC77AC5
:104DF000DFED130A80EE270AEBF7EAFA38EE008AB5
:104E00008DE7BDEC048B4FF40040BDE83840FFF760
:104E1000FDBAB5EE408AF1EE10FA93D0D5E74FF423
:104E20008070FFF7F3FAB7E7BDEC048B4FF4005046
:104E3000BDE83840FFF7EABA1C1B0020901900209B
:104E400000000000CC0300203333733F80190020A2
:104E50007D190020CC0800207C1900202DE9F04F9E
:104E6000DFF80882404587B004460F4602D07C4BED
:104E700098426DD1DFF8F8A1DAE9006B002F64D118
:104E80005B464FF00109B3461E46706A03681B6813
:104E90001B681D6815F0100560D1012101F094FF19
:104EA000444500F08780002F69D001212046FBF7A0
:104EB00075FC0146706A01F095FF736A002D68D198
:104EC000444500F0838037696649BA68D3ED1D7A9E
:104ED000DFF8A0E1DFF8A081C9F1000909F00609B7
:104EE0008944D168059151690491D169039130EEEB
:104EF000670A118CADF80410118B128A83ED1B0A1E
:104F0000ADF806102B46ADF8082003A901AC0DF151
:104F1000180C09F1040551F8042B7245284647D0B6
:104F2000424550D0028834F8020B5B00104218BF93
:104F300043F001038C45DBB2EDD1304687F85C309D
:104F400007B0BDE8F04F00F0A1BC4FF000099CE7AE
:104F5000042007B0BDE8F04FFFF758BA022101F076
:104F600033FF44459FD1DAF80430B34244D0B9F15D
:104F7000000F98D0306903F02FF9002F95D120460B
:104F8000FDF714FC0146706A01F02CFF736A002DD6
:104F900096D0444523D0D3ED1D7A9FED337A30EE81
:104FA000670AE0EE077AC3ED1D7A07B0BDE8F08F1F
:104FB0004846B7E7DAF800309E4246D0B9F1000F14
:104FC0007FF471AFD6E709F10200ABE7D3ED1C7AAD
:104FD00030EE670A83ED1A0A07B0BDE8F08FD3ED13
:104FE0001C7A9FED217A30EE670AE0EE077AC3ED76
:104FF0001C7A07B0BDE8F08FB9F1000F02D030691C
:1050000003F0EAF8DBF8240090F84220AAB9EFF3A5
:10501000108C72B6036890F866E01B68196880F817
:1050200066204B6C23F400434B648CF31088BEF174
:10503000000F0ED1FFF73AFE35E7002380F842302B
:1050400000F13C01FFF75CFAF4E7B9F1000FD9D1A8
:10505000D5E7DBF8240010216430FFF7D3F9E9E746
:10506000E8100020701900200BD7233A30110020DF
:105070001C1B002000000240000402402DE9F0410A
:105080000F238AB00022CDE902230A200223012146
:105090000024CDE90001CDE90533CDE907431D4FDB
:1050A0001D4E4FF6FF7504EB440307EB8303D3F863
:1050B000BC0007F051FDC8B10123062D174A18485E
:1050C00019461BD832F815100491FDF783FD1448DA
:1050D00004A9FDF75DFC4FEA840869464246304664
:1050E000FDF7DEF841463046FCF7BAFD01340135E4
:1050F000042CADB2D7D10AB0BDE8F08108480493C2
:10510000FDF768FD064804A9FDF742FC4FF00008D2
:10511000E3E700BF901900201808002034D80208E7
:10512000000002402DE9F041441E032C82B01DD83E
:10513000023880B2062898BF284B294E294F0D46C9
:1051400098BF33F81010284888BF0121FDF7F4FDFF
:10515000335DB0F1000818BF4FF001084BB9234B85
:1051600043F82450012307F80480335502B0BDE80A
:10517000F0813B5D002BF2D01C4B0028F0D153F89E
:1051800024201B48AA1AA2F5244110398142E7D8ED
:1051900082421849DFED187A019328BF024604EBDA
:1051A000440001EB800191ED300A91ED317AD1F8A4
:1051B000BC0012498A4238BF0A4637EE407AA2F54F
:1051C000A432203A27EE277A07EE902AF8EEE77A03
:1051D000A7EE270A07F0D6FC019BC1E734D80208E6
:1051E000201900202819002000000240301900205A
:1051F000409002009019002090BA473720480100E3
:1052000010B5084C0FCC86B00DF1040CACE80F00C3
:105210002368CCF80030002101A8FBF73FF806B066
:1052200010BD00BFF8BB0208084A836B116808690B
:1052300000F16A018B4206D05268106900F16A02DF
:10524000934200D0704702F0FDBF00BF1C1B00203E
:1052500030B5054689B06B68049300210122022312
:105260000020CDE90523CDE90201FAF719FC0B4B2B
:10527000F322DA6001A902A8F9F7DAFA38B9EB6883
:105280002B600446FAF720FC204609B030BDFAF73F
:105290001BFCFAF723FC09B030BD00BF003C024004
:1052A0002DE9F0410646C068884250D8B468881895
:1052B000A0424CD25BB21D0145EA83051D4345EA7D
:1052C00083154B0003F0060301F00308FF249C4004
:1052D000904421F00307FAF7E3FB1E4BE443F3226B
:1052E000EDB2E4B2DA600EE0316945EA040200236F
:1052F00001EB9701D2B21846FAF724FCA8F1040892
:1053000004460437E8B9B8F1030FEDD8B8F1000F3F
:1053100012D0C8F104084FEA48086FF0FF02316963
:10532000254342FA08F200232A4301EB970118466D
:10533000D2B2FAF707FC20B9FAF7C6FB0020BDE8A5
:10534000F081FAF7C1FBBDE8F041FAF7C7BB4FF0B7
:10535000FF30F4E7003C024052B2F0B5C4684FEAB7
:10536000021E06464EEA820EC81C20F0030042EAE6
:105370000E0E251D4EEA821EA8424FFA8EF7A0EBB4
:1053800001015FFA8EFE38D3421E36699208B25C84
:10539000D2B281B14FEA410C6FF0FF0141FA0CF13A
:1053A00022EA01020EEA01010A4304E0AC451FD3E0
:1053B000725C6046D2B2411F72454FEA9101A0F182
:1053C000040CF3D007F00307B7EB921F4FEA9215D6
:1053D00010D1A04202D80DE0A04207D09200C2F343
:1053E0008111A94200F1FF30D2B2F5D01970F0BDA1
:1053F0006046E7E729461970F0BD7246E2E700BF54
:1054000030B5184C83B0A1680DF105030322204686
:10541000FFF7A2FF0DF1060303222060216A054673
:1054200004F11800FFF798FF0F4BA06100221A70DB
:105430009DF806209AB9012205461A7004F1180059
:105440000DF1070329460022FFF786FF00230749D5
:10545000074A2D1A18460D60136003B030BD204670
:10546000EEE700BFD00300208C1900208419002033
:105470008819002038B50949094C0020E268636AA0
:10548000087020462260A361FFF7E2FE054604F1A2
:105490001800FFF7DDFE284338BD00BF8C1900203F
:1054A000D0030020014B1868C00070478419002009
:1054B000064B074A1B78C3F1010303EB430302EBDE
:1054C000C303D3E90203C01AC00070478C1900203F
:1054D000D003002038B5104C256800EB020CBCEB63
:1054E000C50F15D8034608460C4991F800C00C4971
:1054F0000CEB4C0C51F83C4001EBCC01A4EB050C3F
:10550000496903EBCC031944EDF73EFA002038BD9E
:105510004FF0FF3038BD00BF841900208C190020E7
:10552000D0030020F8B5134B134E1B78C3F10103D1
:1055300003EB430306EBC305DC00D5E90232073079
:105540009A1AB2EBD00F12D33159C7085B1ABB427B
:1055500004D22846FFF77CFE40B9315901233A4670
:105560002846FFF79DFE08B9044B1F60F8BD4FF0B9
:10557000FF30F8BD8C190020D003002088190020CE
:105580003B4B2DE9F04115461A684319B3EBC20FA6
:105590006BD8384B04461F788846FAF781FA364BA9
:1055A000F322DA60A207C7F1010721D0002D57D0FE
:1055B000324E07EB470306EBC30606E00134A307B0
:1055C00005F1FF3514D0002D4AD0326871690023EF
:1055D00001EBC201214418F8012B1846FAF7B2FA80
:1055E0000028EBD0FAF770FABDE8F041FAF776BA86
:1055F000032D18D9214E07EB470306EBC30604E041
:10560000043D032D04F104040DD93368716958F881
:10561000042B01EBC301214400230220FAF792FA84
:105620000028EDD0DEE7DDB1144E07EB470306EBB3
:10563000C30608EB0507454601E0BD4210D072697C
:10564000316802EBC10121440023A1EB0801294488
:10565000184615F8012BFAF775FA0028EDD0C1E7C6
:10566000FAF732FA0020BDE8F0814FF0FF30FAE798
:10567000881900208C190020003C0240D003002033
:105680002DE9F0411D4E1E4D34781E4FC4F101002E
:1056900000EB40004FEAC0083A6855F8081005EBE7
:1056A000C0000023FFF7FCFD08BB3A6855F808303E
:1056B0003860134445F80830134B1A6004EB440378
:1056C000DF0005EBC3033278D3F808C0E95904EBD7
:1056D0004404C2F101036145337005EBC40008D2F4
:1056E00001231A46FFF7DCFDEB590133EB51BDE80E
:1056F000F081BDE8F041FFF7ABBD00BF8C19002081
:10570000D0030020881900208419002030B4D0E98B
:105710000542456A0023A5F86430137502692372B7
:1057200000219382516430BC0365704703680B40CD
:105730000360704703680B4303607047C368D3ED91
:10574000037AF5EEC07AF1EE10FA0AD49FED0C7AE6
:10575000F4EEC77AF1EE10FA07DD0A4BC0F8883094
:1057600070470023C0F8883070479FED077A67EED6
:10577000877AFCEEE77A17EE903AC0F888307047E7
:10578000300E034900B6F7FF0000FA45036EB0F88B
:1057900064201B6990F854C01A424FF0010114BFF5
:1057A0000B4600238B40013B0CFB03F38269C0686E
:1057B00092ED107AD0ED026A82F8541007EE903A1A
:1057C000F8EEE77AA7EEA67A82ED107A704700BF6E
:1057D000C043704730B50A4CDFED0A7A86468446EE
:1057E0000FCCACE80F0094E8070040F201158CE8FC
:1057F0000700CEED057AAEF81950704630BD00BFF7
:105800000CBC020863141D4430B50B4C9FED0B7AA1
:10581000DFED0B7A864684460FCCACE80F0094E8A7
:10582000070001258CE807008EED037ACEED047A9F
:105830008EF81850704630BD0CBC0208000048437A
:105840000000C843704700BF10B58268836CB2F88F
:1058500004C00C4986B00022CDF80E20ADF812200D
:10586000094AADF80CC00446CDE901129B08014677
:1058700001A80593FAF712FD0123606484F84C3007
:1058800006B010BD24D60208296A010890F84C30F1
:1058900003B97047406C0121FAF724BD00B585B00B
:1058A00001A802220121FAF747FD0198A0F10800A2
:1058B000B0FA80F0400905B05DF804FB0368C1F858
:1058C000123070470368CB66704700BFC268538AC6
:1058D000062B10B43BD0082B39D0052B1BD1244B01
:1058E00083651021938AA0F85C10062B23D0082B27
:1058F00021D0052B33D0023B9BB21E4A0266062BF9
:1059000098BF1D4A5DF8044B94BF32F81330012351
:10591000A0F864307047023B9BB216498165062BA4
:105920009CBF154931F81310938A88BF0121062BBB
:10593000A0F85C10DBD1023B0F49104A5DF8044B24
:1059400002669BB231F81330A0F864307047023B16
:1059500009490A4C84659BB231F81310C2E7044B25
:10596000036610235DF8044BA0F86430704700BF55
:10597000000802400000024048D80208000402402B
:105980002DE9F84F1E464FF4006383640223DDF8CF
:1059900028A0DDF82C90DDF830804160C0E90226B7
:1059A00012990D9A80F866300E9BDDF83CE0DDF828
:1059B00040C0119F016300252C49C2614263C2634C
:1059C000036283630364C0F824E0C0F828C080F851
:1059D0004C50056580F85450C0F86750C0F810A0CE
:1059E000C0F81490C0F81880C7620160A0F87C501D
:1059F000CAF81000C9F80000C8F8100050625862D8
:105A0000129BCEF8240000F1670BCCF80000C0E92F
:105A100020557860C0F86B50A0F86F50C0F874B093
:105A200085675860FFF752FFD6ED037AF5EEC07A2E
:105A3000F1EE10FA044607D49FED0D7AF4EEC77A22
:105A4000F1EE10FA05DD0B4DC4F888502046BDE894
:105A5000F88F9FED097A67EE877A2046FCEEE77AA9
:105A600017EE905AC4F88850BDE8F88F94D8020811
:105A7000300E034900B6F7FF0000FA4510B50446A2
:105A800088B0B1B1B0F86420006E002303A9CDE95D
:105A900003230593FCF77CFFB4F85C10A06D0A4B60
:105AA00000940222FBF71AF8012384F8543008B05E
:105AB00010BD0B46B0F85C10806D84F8543008B00F
:105AC000BDE81040FBF76EB88D570108354B1B78C9
:105AD00010B50446002B35D0636F1B78012B03D023
:105AE000636A93F866303BB32F4B304AD3ED007AAC
:105AF00092ED287AB4EE677AF1EE10FA3CD892ED86
:105B0000297AF4EE477AF1EE10FA2FD8E06B01F023
:105B10007FFE206C01F07CFE606A01F0B5F8E06A5F
:105B200003689B7A9BB9206B03689B7A53BB206DFB
:105B3000B0FA80F0400910BD202104F15000FFF7B9
:105B4000F9FDD1E710215030FFF7F4FDC4E702F072
:105B500093FE0028E7D0636F1B780B2BE3D04FF444
:105B6000805104F15000FFF7E5FDE0E7042104F166
:105B70005000FFF7DFFDC9E7022104F15000FFF7F5
:105B8000D9FDBCE702F078FE0028D0D0636F1B7807
:105B90000B2BCCD04FF4005104F15000FFF7CAFD9D
:105BA000C5E700BF7D190020CC030020901900201C
:105BB00070B50446C06B104E01F016FE206C01F06B
:105BC00013FE206902F0F4FB606903F003FBE06A56
:105BD00002F0F8FD206B02F0F5FD256D30682146DE
:105BE000B5FA85F514F0F4FC6D093068214614F01F
:105BF0000BFD284670BD00BF181B002008B5C36808
:105C00001B7C2BB1D0F8882022B1013AC0F8882043
:105C1000012008BD4FF400615030FFF78BFD1046A6
:105C200008BD00BFF0B52DED088B9FEDA48ADFED18
:105C3000A58A9FEDA5AADFEDA29A012385B00446AF
:105C4000B0EE489A0D4680F87C3000F1500794F889
:105C50006660002E66D12046FFF738FF06462046D4
:105C6000FFF7A6FFE3681B7C3BB1D4F88830002B1C
:105C700000F0A481013BC4F8883006B118B9636F05
:105C80001B78012B39D1D5ED027ADFED8F0AB0EE0A
:105C9000680AA7EE880AEAF7D7FAD5ED017A606AB2
:105CA000D5ED006A036A89EEA77AB5EEC00AD3ED96
:105CB000067AF1EE10FA48BF30EE0A0A67EEA67ACD
:105CC00070EE680AB0EE491A27EE880A38EE078AA5
:105CD00001F036FCA36F01330222A367012178B1E2
:105CE00001A8FAF729FB019B082B0FD1F7EE007AE8
:105CF000B4EEE78AF1EE10FAA9D494F8666011E0E8
:105D000001A8FAF719FB019B082BF6D0606AFEF791
:105D1000E1FBFEF7CBFF082104F15000FFF70AFD7D
:105D200094F86660D5ED029A9FED678A9FED650A4B
:105D30009FED64AA9FED629ADFED63AAF0EE480A38
:105D400039EE800AEAF780FAD5ED017AC9EEA78A22
:105D5000022384F87C30B5EEC00AF1EE10FA48BF99
:105D600030EE080A30EE4A8A002E40F08A80204643
:105D7000FFF7ACFE06462046FFF71AFFE3681B7CE0
:105D80003BB1D4F88830002B00F01E81013BC4F8F1
:105D9000883006B118B9636F1B78012B71D1D5ED2E
:105DA000037ADFED490AE7EE898A38EE0A0AE8EE5F
:105DB000899AA8EE890AEAF747FAB5EEC00AF1EE29
:105DC00010FA01D530EE2A0A606AD5ED007A036A2E
:105DD00030EE4A8A93ED060AB0EE681A20EE270AE2
:105DE000F0EE480A01F0ACFB002835D0D5ED047A7E
:105DF000B0EEE87AF0EEE77AB4EEE77AF1EE10FA78
:105E00001EDA6B7E53B1D5ED057AB0EEE97AF0EE8D
:105E1000E77AB4EEE77AF1EE10FA11DAAB7E002BF6
:105E200040F0D980A36F0133A3670222012101A8AA
:105E3000FAF782FA019B082B19D194F8666093E770
:105E4000A36F0133A3670222012101A8FAF774FAB4
:105E5000019B082B15D00AE0A36F0133A367022230
:105E6000012101A8FAF768FA019B082B09D0606AA2
:105E7000FEF730FBFEF71AFF082104F15000FFF790
:105E800059FC2069837D002B00F009812B7EEBB14A
:105E9000D5ED047AF0EEE88AF0EEE77AF4EEE78AE0
:105EA000F1EE10FA12DB206DB0FA80F00023400909
:105EB00084F87C3005B0BDEC088BF0BD000000001C
:105EC0006F120339DB0F4940DB0FC9406B7E53B1C2
:105ED000D5ED057AB0EEE97AF0EEE77AB4EEE77A3E
:105EE000F1EE10FADFDAAB7E002B40F08680D5EDC4
:105EF000048A5FED0DAA1FED0D9A1FED0DBA68EE35
:105F0000AAAA03233AEE89AA84F87C3004F1500748
:105F100094F86630002BC6D12046FFF7D7FD064621
:105F20002046FFF745FEE3681B7C3BB1D4F8883080
:105F3000002B00F0AE80013BC4F8883006B118B9E0
:105F4000636F1B78012BAED15FED210A3AEE080A90
:105F5000EAF77AF9B5EEC00AF1EE10FA01D530EEA3
:105F60000B0A606AD5ED007A036A30EE498A93ED38
:105F7000060AB0EE681A20EE270AF0EE480A01F091
:105F8000DFFA00285DD02B7E002B3CD0D5ED047AC3
:105F9000B0EEE87AF0EEE77AB4EEE77AF1EE10FAD6
:105FA00031DBA36F0133A3670222012101A8FAF7B5
:105FB000C3F9019B082B3FF476AF4EE04FF400612C
:105FC0003846FFF7B7FB5AE64FF4006104F1500082
:105FD000FFF7B0FBDFE6A36F22690133967DA3676D
:105FE0000222012101A8FAF7A7F9019B082B7FF4EF
:105FF0003EAF002E3FF421AF43E723699B7D002B8A
:106000007FF451AF73E76B7E79EEAA9A53B1D5ED69
:10601000057AB0EEE97AF0EEE77AB4EEE77AF1EEDF
:1060200010FABEDAAB7E1BBBA36F0133A36702225B
:10603000012101A8FAF780F9019B082B3FF468AF12
:106040000BE0A36F0133A3670222012101A8FAF735
:1060500073F9019B082B3FF426AF606AFEF73AFA0A
:10606000FEF724FE082104F15000FFF763FB1AE756
:10607000A36F22690133967DA3670222012101A843
:10608000FAF75AF9019B082BE7D1002E3FF440AFF5
:1060900009E74FF400613846FFF74CFB50E7012158
:1060A00001F018FDF2E600BFD0E9052370B500212C
:1060B000044602F11400C3E90611C3E908101C32BA
:1060C00084B09A6204F1500694F86630002B36D101
:1060D0002046FFF7FBFC05462046FFF769FDE36815
:1060E0001B7C33B1D4F88830002B47D0013BC4F877
:1060F000883005B118B9636F1B78012B1FD1A069D7
:1061000001A902F069FD00BB04F150054FF40071D4
:106110002846FFF70FFBA36F01210B44A367022260
:1061200001A8FAF709F9019B082B08D0606AFEF76D
:10613000D1F9FEF7BBFD08212846FFF7FBFA206DD9
:10614000B0FA80F0400904B070BD63699DED010AAA
:1061500093ED051AD3ED030A606A01F0F1F9A36F1C
:1061600001210B44A3670546022201A8FAF7E4F8CF
:10617000019B082B08D1002DA6D1E0E74FF4006168
:106180003046FFF7D7FAB6E704F15005CEE700BF77
:1061900070B504468069C3682DED028B03F540534A
:1061A00084B093F89C1802F047FC002867D0A369DC
:1061B000DA6892F82020002A5ED19A69002A5ED01F
:1061C000E168126889791A6300200125986383F8D1
:1061D00054501A642046FFF751FC9FED448A04F1A5
:1061E000500694F86630002B75D12046FFF76EFC00
:1061F00005462046FFF7DCFCE268137C33B1D4F897
:106200008830002B69D0013BC4F8883005B118B93B
:10621000636F1B78012B21D1A06901A902F0DCFC7E
:10622000002837D104F150054FF400712846FFF7DC
:1062300081FAA36F01210B44A367022201A8FAF798
:106240007BF8019B082B46D0606AFEF743F9FEF706
:106250002DFD08212846FFF76DFAE268917901B11A
:10626000D1792046FFF70AFC206DB0FA80F0400992
:1062700004B0BDEC028B70BDDA69002AA0D104F134
:1062800050004FF40071FFF755FA002004B0BDEC48
:10629000028B70BD606A2369026AD3ED137A92EDB6
:1062A000011AD3ED090A9DED010A67EE887AB8EE6E
:1062B000C11A21EE271A01F043F9A36F01210B4403
:1062C000A3670546022201A8FAF736F8019B082BBE
:1062D00009D1002D85D1E268C0E74FF40061304656
:1062E000FFF728FA94E704F15005ADE7DB0FC9404A
:1062F000F0B5C36A04461A688069927AC3682DEDC6
:10630000028B1F8885B052B94FF4003104F1500060
:10631000FFF710FA002005B0BDEC028BF0BDD3ED05
:106320000C7A40F202221A80002202648264012167
:10633000F1EE677A03F540530022C0ED117A80F840
:10634000541084F87D2093F89C1802F075FB002807
:1063500000F0C880A369DA6892F82020002A40F093
:10636000BD809A69002A00F0BD8011689FED8F8A78
:10637000196300229A6304F1500694F86630002BEA
:1063800037D12046FFF7A2FB05462046FFF710FC59
:10639000E3681B7C3BB1D4F88830002B00F0F98017
:1063A000013BC4F8883005B118B9636F1B78012B25
:1063B0001FD1A06901A902F00FFC002840F0BF80A6
:1063C0004FF400713046FFF7B5F9A36F0133A367AF
:1063D0000222012101A8F9F7AFFF019B082B08D089
:1063E000606AFEF777F8FEF761FC08213046FFF798
:1063F000A1F94FF48050FFF7EBF901463046FFF763
:1064000095F9E36A20691A68A36992ED007AC26877
:1064100083ED0C7AD2ED027A9FED648AF8EEE77A8A
:10642000002567EE877A5D63FDEEE77A036817EE75
:10643000901A1B689847A369DA6840F203511180EB
:1064400001221D645D649D6483F8542094F86630D5
:10645000002B35D12046FFF739FB05462046FFF7D4
:10646000A7FBE3681B7C3BB1D4F88830002B00F01D
:106470009680013BC4F8883005B118B9636F1B786A
:10648000012B1DD1A06901A902F0A6FB88BB4FF426
:1064900000713046FFF74EF9A36F0133A367022264
:1064A000012101A8F9F748FF019B082B08D0606A79
:1064B000FEF710F8FEF7FAFB08213046FFF73AF92D
:1064C000A269D2681780206DB0FA80F001234009DC
:1064D00084F87D3005B0BDEC028BF0BDDA69002A8E
:1064E0007FF443AF4FF4007104F15000FFF722F93D
:1064F00010E7606A2369026AD3ED137A92ED011AFC
:10650000D3ED090A9DED010A67EE887AB8EEC11A4B
:1065100021EE271A01F014F80028BDD0A36993F8E2
:106520005550A36F0133A3670222012101A8F9F797
:1065300003FF019B082BBAD1002D87D0C0E7606A0A
:106540002369026AD3ED137A92ED011AD3ED090A99
:106550009DED010A67EE887AB8EEC11A21EE271A7E
:1065600000F0EEFF00283FF430AFE06A02F084F95B
:10657000A36F0133A36705460222012101A8F9F7A1
:10658000DBFE019B082B7FF42BAF002D3FF4F5AE13
:106590002FE74FF400613046FFF7CCF805E74FF4E2
:1065A00000613046FFF7C6F868E700BFDB0FC9405F
:1065B00070B5044684B0406AFDF78CFFE3689979B2
:1065C00001B1D9792046FFF759FA04F1500694F841
:1065D000663053BB2046FFF779FA05462046FFF7A1
:1065E000E7FAE3681B7C2BB1D4F888301BB3013B7E
:1065F000C4F8883005B118B9636F1B78012B14D12A
:10660000A36F0133A3670222012101A8F9F794FEC9
:10661000019B082BDBD0606AFDF75CFFFEF746FBB1
:10662000082104F15000FFF785F8206DB0FA80F0E2
:10663000400904B070BD4FF400613046FFF77AF8AE
:10664000DAE700BF2DE9F04F2DED028B054683B050
:10665000406ADFF8E4B29FEDB58ADFEDB58A00F05D
:1066600057FA05F1710705F1500605F1670905F1C3
:10667000680895F86630C3B1022B00F02781032B20
:1066800000F05E81012285F8673085F868200221DC
:106690006B18002283F86720012085F86620FFF739
:1066A00097F801463046FFF741F86A6F1378013BCF
:1066B0000A2B0CD8DFE813F0FE000B000B00B4002F
:1066C0008D007C00E300B800ED0021001B000121DB
:1066D0003046FFF72FF8B94506D00023C9F800303F
:1066E000C9F80430A9F8083001231370C1E728461F
:1066F000FFF7FEFD58B96A6FEDE76B6A93F86730F4
:10670000002BE4D0286901F055FA0028F3D0C845E1
:106710004C4600F0D780A8EB09010929A7EB090E28
:1067200000F03681BA46AEEB0107B94225DA0129FD
:1067300000F04D81002F04EB010311DD621E03EB1D
:10674000070CCDF804E012F8010F93F800E082F88E
:1067500000E003F8010B6345F5D1DDF804E03C44AB
:106760009EFBF1F301FB13E3002B00F0AA808E46A1
:10677000C91AAEEB0107B942D9DB012F04EB0E02B7
:1067800000F01281002904EB010340F3EE8013F8BE
:10679000011D12F8010D18709C421170F7D19EFB7B
:1067A000F7F107FB11E1002900F08B80BE46BAE744
:1067B0006B6A93F86710002989D02869C16891F83D
:1067C000291019B11B6ADB69002B80D001F0D6F9C2
:1067D00090E76B6A93F8671000293FF478AF1B6A63
:1067E000DB69002B3FF473AFE96828463431FFF7CB
:1067F00019FA00283FF47FAF6B6A1B6AD3ED017A68
:10680000EB6893ED117AAB69F8EEE77A27EE287A18
:106810002846C7EE276AC3ED0D6AFFF745FC69E716
:10682000686A00F09BFC65E76B6A93F867100029C3
:106830003FF44DAF1B6ADB69002B3FF448AF2B6977
:10684000DB7D002B3FF443AF2B681B685B4540F0BA
:10685000D580EB68D3ED037AF5EEC07AF1EE10FA4D
:1068600000F1CA80F4EEC87AF1EE10FA40F3C98064
:10687000304BC5F888302846FFF78AFC3AE76B6A48
:1068800093F86730002B3FF422AF286901F0D6F966
:1068900030E76B6A93F8671000293FF418AF1B6A62
:1068A000DB69002B3FF413AFE96828465031FFF74E
:1068B000B9F91FE72846FFF77BFE686A00F028F960
:1068C00018E75746002385F87030D2E6E86802786A
:1068D000002A4CD0042285F867200122417849B172
:1068E0002969C968897829B1A91806241A4681F846
:1068F00067400133817829B1A91807241A4681F825
:1069000067400133417929B1A9180B241A4681F84F
:1069100067400133C17861B32A44082182F86710C7
:10692000591CEA18012382F86730B1E6300E03499A
:1069300083F9223E00B6F7FF3D5701080000FA45F3
:106940002A69D2689278042185F86710CAB10622B4
:1069500085F868201A4602232B442A440724012084
:1069600083F8674082F8670092E61C4617E7012328
:10697000B4E7017949B12A44052182F86710591C0E
:10698000CFE7194602220123E6E719461346C8E776
:1069900095F8673095F8682085F86830002385F809
:1069A000672085F8703064E60EF1FF3EBEF1010FFE
:1069B000574614F80EA031DD72462146601CEBF7F5
:1069C000DFFE002384F800A085F8703051E65746BA
:1069D00021460EF1FF3ABAF1010F11F8013B19DD22
:1069E000524620460193EBF7CBFE019B04F80A3098
:1069F000002385F870303CE600233AE728469847A4
:106A000039E71FED327A67EE877AFCEEE77A17EE08
:106A1000903A2EE704BF62782270E7E704BF23783C
:106A200002F8013CCDE700BF08B5FFF70BFE00BF41
:106A3000038819430180704703680B430360704764
:106A400084462DE9F84F964604464CF8041B1E4632
:106A5000BEE80F00ACE80F0083469EE807002369FC
:106A6000D4F808A0B4F80C90264FDFED277A8CE814
:106A7000070097E8030000256363A38A2563A563E5
:106A8000E0632387C4E90865C4E90ABAA4F8309032
:106A9000A4F84010337884F86730C4ED1A7AC4ED56
:106AA0001B7AC4ED1C7AC4ED1D7AC4ED1E7A84F8FD
:106AB0004250A4F84450A564A4F8645084F8665089
:106AC0004422294604F17C00EAF7E6F8D6ED047A80
:106AD00096ED056AD6ED0D6A0C4BA4F8C05086EE13
:106AE000277A4FF07E52C4F8A820C4F8E830204638
:106AF00067EEA67AC4ED1F7A67EE277AC4ED207A96
:106B0000BDE8F88F28BC020800000000000020410A
:106B100038B5436A0446986901F088FF0023606A2B
:106B2000C4F88430C4F88830C4F8B430C4F88C3069
:106B3000FEF7B4FE054630B9606A08215030FFF711
:106B40007BFF284638BD0023204684F84230FDF7FD
:106B5000B3FC284638BD00BF036AD3ED047A93ED39
:106B6000056AD3ED0D6A86EE277A67EEA67AC0ED48
:106B70001F7A67EE277AC0ED207A70470268036AB1
:106B80009FED3A7AD2ED027A93ED0C6A384A394990
:106B900067EE876AF0B586EE867A89B000230546EF
:106BA00004923548039308220593079301930090BC
:106BB000042332488DF814200C2202908DF80C30FA
:106BC00006918DF81C2008AC5A10A4EBC20151EDBF
:106BD000027AB4EEE77AF1EE10FAA3EB02034ABFB1
:106BE00003F1FF331346A1F10804002BECDC6B46E4
:106BF0009C4237D054ED027AB7EE007A87EE276ACE
:106C000005F1280605F1C207304666EE867A9FED4B
:106C10001C7A85ED1E6A27EE877AC5ED2B7A85ED05
:106C20002C7AFDF739F839463046FDF725F9102260
:106C300014F8043C85F8D52001244FF4A8623946A5
:106C40003046A5F8D62085F8D93085F8E440FDF720
:106C500077F83946304685F8E54009B0BDE8F040A0
:106C6000FDF792B89FED076A02ACC9E71F859B3F0D
:106C7000000020420000A042000020410000A0418E
:106C8000E4388E3FCDCCCC3D38B5818B054680694C
:106C9000FCF752F808B1012038BD044605F1280080
:106CA000FDF710F80821A5F8C00005F16400FFF712
:106CB000BFFE686A40215030FFF7BEFE2846FDF750
:106CC00009FCFDF7F3FF204638BD00BF38B5D0E919
:106CD00008256B6A92ED090A1A6A92F82020022AA6
:106CE0002DED028B04462AD093ED2B8AB4EEC80A10
:106CF000F1EE10FAD8BFB0EE408A686B03689B686B
:106D00009847A86B226A0368B4EE408AF1EE10FA45
:106D1000F0EE407A9B6892ED090AC8BFB0EE678A30
:106D20009847B4EE480AF1EE10FA48BFB0EE408A38
:106D3000B0EE480A84ED3A8ABDEC028B38BD074BB1
:106D4000DFED077A93ED008A28EE278AB4EEC80AB1
:106D5000F1EE10FAD8BFB0EE408ACEE7CC030020A7
:106D60007CD8103F036A93F82030032B10B50446FB
:106D700015D0FFF7ABFF236AD3ED067A60EE277AD2
:106D8000F5EEC07AF1EE10FA19D493ED0B0AB4EED9
:106D9000E70AF1EE10FA58BFB0EE670A10BDFFF730
:106DA00095FF236A94ED2D7AD3ED067A67EE877A04
:106DB00067EE807AF5EEC07AF1EE10FAE5D5DFEDF8
:106DC000017AE2E700000000054B1B680B295B6AB3
:106DD00004D800EB41005B00A0F84C30704700BFC6
:106DE000A0070020D0ED1E7A0368DFED086A93ED5E
:106DF000027A67EEA67AA1F5006167EE877A07EE60
:106E0000101AB8EEC70A27EE800A70473333533A98
:106E100010B584B0044603AA02A901A8FDF79EF8A4
:106E200010BB9FED1A6ADDED016A9DED027ADDED82
:106E3000037A66EE866A27EE067AFCEEE66A67EE6D
:106E4000867A16EE903ABCEEC77AFCEEE77AA38714
:106E500017EE103AE38717EE903A0120A4F840307D
:106E600084F8420004B010BD04F164008021FFF7F3
:106E7000DFFD606A40215030FFF7DEFD2046FDF760
:106E800029FBFDF713FF002004B010BD00C05A45D8
:106E90002DE9F0472DED048B002684B0CDE9026684
:106EA000446A9FED588ADFF86891DFF868818DEDBC
:106EB000000AB0EE409AF0EE608A0546CDED010A78
:106EC00016E0D9F80020A36F516A526A01334900D5
:106ED0005200A5F85A10A5F854202046A367FEF7E3
:106EE000DDFC013642F21073002843D09E424BD0A5
:106EF00094F866302046002B46D1FEF7E7FD824627
:106F00002046FEF755FE07462046FEF777FE06F0C0
:106F1000010304A90246F7EE087A01EB8303284631
:106F2000BAF1000F01D007B11AB9626F1278012AC5
:106F30002AD198ED006A95ED1A7A13ED040AC7EE8E
:106F4000866A95ED1B6A53ED027A37EE067A66EE95
:106F5000880A77EEC77A26EE800A43ED027AFFF7B9
:106F600057FF0028ADD1A36F01332046A367FEF77A
:106F700095FC48B9606AFDF7ADFAFDF797FE082168
:106F800004F15000FFF758FD6A6A136D9BBB9DED3D
:106F9000027ADDED037A2B6A78EEC98AF5EE046A8F
:106FA00077EEC77A68EEA68A88EEA77ADFED167AC2
:106FB00083ED047AB4EEE77AF1EE10FA0CD4DFED4B
:106FC000137AB4EEE77AF1EE10FA05DC012004B092
:106FD000BDEC048BBDE8F087022105F16400FFF7EA
:106FE00027FD02F150004021FFF726FD2846FDF75E
:106FF00071FAFDF75BFE002004B0BDEC048BBDE828
:10700000F08700BF00000000BD3706366F12833BDB
:10701000A0070020CC0300202DE9F041DFF83881E3
:107020002DED028B9FED498ADFED498A04460E461D
:1070300094F866302046002B40F08480FEF746FD31
:1070400005462046FEF7B4FD07462046FEF7D6FD6E
:107050000DB107B118B9636F1B78012B72D1356878
:10706000B268D5ED1A7AD5ED1B6A92ED007A736895
:10707000F26893ED000A77EEA67A77EE877AA7EEAC
:10708000880A83ED000AD2ED007AB4EEE70AF1EE49
:1070900010FAB1EE677A04DCB4EEC70AF1EE10FA2A
:1070A00024D5012105F16400FFF7C2FC686A402184
:1070B0005030FFF7C1FC2846FDF70CFAFDF7F6FD4E
:1070C000A36F01332046A367FEF7E8FB002839D100
:1070D000606AFDF7FFF9FDF7E9FDBDEC028B04F1F5
:1070E00050000821BDE8F041FFF7A6BC98ED007AFA
:1070F000F7EE086AC6EE877A284667EEA80A20EE01
:10710000270AFFF785FE0346124A2046002BD7D0F8
:10711000136831695A6A5B6A5200A5F85A203268CE
:107120000D685B00A2F85230A36F013501330D608A
:10713000A367FEF7B3FB45F6BE530028C8D09D42B7
:107140007FF676AFBDEC028BBDE8F0810BD7A33A9A
:1071500000000000A0070020CC03002030B5036A27
:107160002DED028B93F8202093ED038A8BB004461B
:1071700042B1032A06D0022A30D000200BB0BDEC69
:10718000028B30BD986801900022002103ABCDE94D
:1071900004140392069302AA04AB606A099301AD3A
:1071A00005A9CDE907528DED028AFFF735FF636A25
:1071B0001B6D002BE1D1DDED036A9DED017A236AA1
:1071C000C6EE877A2046F0EE480AB1EE480AC3EDD3
:1071D000057AFFF75DFE0028CFD0236AD3ED047A4D
:1071E00093ED056AD3ED0D6A86EE277A012084F8C7
:1071F000670067EEA67AC4ED1F7A67EE277AC4EDC2
:10720000207A0BB0BDEC028B30BD00BF0B4B93ED71
:10721000007AF7EE086AC6EE877A10B5044667EE84
:10722000A00A27EE800AFFF7F3FD28B1044B1B6884
:107230005B6A5B00A4F85A3010BD00BFCC0300208D
:10724000A007002010B52DED048BB0EE409AB0EEF3
:10725000410AB0EE608AF0EE419A0446FDF780F8EC
:10726000F0EE408AB0EE690AFDF72EF8104BD3ED30
:10727000006AB7EE086A86EE267A2046F0EE407A7B
:1072800067EE897A28EE400AE8EE887AA8EE890A45
:1072900067EE870A20EE070AFFF7BAFD28B1054B13
:1072A0001B685B6A5B00A4F85A30BDEC048B10BD10
:1072B000CC030020A007002010B5D0ED1A7A90ED85
:1072C0002C7AF0EEE76AB4EEE67AF1EE10FA2DEDE4
:1072D000088B0446C0ED270A08D4D0ED1B6AB0EE37
:1072E000E66AB4EEC67AF1EE10FA13D54FF4806177
:1072F00004F16400FFF79CFB606A40215030FFF707
:107300009BFB2046FDF7E6F8FDF7D0FC0020BDEC26
:10731000088B10BD37EEA69A9FED7E7A77EEE67A5F
:10732000B0EE40AAB0EE410A27EE878AF0EE418A1D
:10733000F0EE609AF0EE61AAFDF712F8B0EE40BAF6
:10734000B0EE680AFCF7C0FF68EE0BBA28EE008AC0
:10735000B1EE499AA9EE0B8A204669EE008A94EDB7
:10736000287AD4ED297AD4ED2A6A3BEEE8BA38EED1
:10737000676A7BEE475AE6EE867AA6EEA57AC4EDFA
:10738000297A84ED287AFFF7A1FC236A6BEE0B7A49
:1073900093ED0A7AE8EE087A70EE076A66EEA66A5E
:1073A000F4EEE67AF1EE10FA00F3A4805A4B94ED75
:1073B000227A93ED006AD4ED1F5ADFED584A9FED13
:1073C000585AF7EE087AC7EE866A78EEA90AD4ED25
:1073D000217A70EEEB0AF0EE479AE5EEA09A3AEECB
:1073E000480AF0EE678AE5EE808A69EEA69A68EEB2
:1073F000A68A69EEA96A26EE24AAE8EEA86AF7EE44
:10740000005AB1EEE66AC5EE066AF4EEE56AF1EE00
:1074100010FA64D4DFED436A94ED206A26EE266A02
:10742000A0EE867AE0EE067AF0EE476A29EE8B7AD5
:10743000C4ED217AA8EE887AC4ED226A84ED237A1D
:10744000B0EE6A0AFCF78CFFB0EE408AB0EE6A0A32
:10745000FCF73AFFF0EE400A68EEA00A20EE690A57
:10746000E9EE880A2046A8EE880A6AEE007A2AEE3B
:1074700020AAC4ED247A84ED25AAFFF7C9FC0028D0
:107480003FF444AF284B626A1B6852685B6A5B003A
:10749000A4F85C30002A7FF43AAF94ED217A234BB4
:1074A000F6EE007AB4EEE77AF1EE10FA25D5012275
:1074B0001A701F490B78002B3FF429AF1D4C1E4A50
:1074C000236802EB83020133B3F5805F28BF0023FA
:1074D00082ED009A32BF236023600B7017E79FEDA7
:1074E000176A68EEA68A69EEA69A67EE867A67EE54
:1074F000066A9BE74FF48051FAE619780029D8D044
:10750000B4EEE77AF1EE10FAD3DB09491A700124E0
:107510000C70D3E73ACD133FCC030020ABAA2A3F2F
:10752000AC5C313F6F120339A00700208E19002098
:107530008D190020A08F0020A48F0020A4707D3F13
:1075400010B5036AD3ED077A93F820202DED068B52
:10755000B8EEE78A032A68EE209A28EE019A93EDA6
:1075600006AA0446F0EE408A00F0DD80C0EE0A7AFA
:10757000204628EE278AFFF7A9FBD4ED268A226A47
:10758000F1EE407AF4EE687AF1EE10FAC8BFF0EE50
:10759000678AB4EE680AF1EE10FAB4EE678A48BF63
:1075A000F0EE408AF1EE10FA48BFB0EE678AB4EE12
:1075B000408A92F82030F1EE10FAC8BFB0EE408A4F
:1075C000032B29D0DFED647AF0EE691AE9EE271A71
:1075D000ABB1022B00F0B280202104F16400FFF770
:1075E00027FA606A40215030FFF726FA2046FCF760
:1075F00071FFFDF75BFBBDEC068B002010BDB0EE0C
:10760000691AF0EE480AB0EE680ABDEC068B204617
:10761000BDE81040FFF750BE92F84C3023B3F0EEB7
:10762000C87AF4EEE78A9FED4D6A92ED127A77EE12
:10763000E87AF1EE10FA4CBFD2ED146AD2ED156A79
:1076400067EE867AE7EEA68AF4EE478AF1EE10FA44
:1076500048BFF0EE478AB4EE680AF1EE10FA48BF70
:10766000F0EE408AC4ED268AD2ED106A94ED2D7AB0
:107670009FED3A0A9FED3A6A9FED3AAA66EE807A4C
:1076800078EEC75AF0EE4A0AA5EEA77AC8EE077A56
:1076900084ED2D7A67EEA67ADFED336AB0EEE77AF5
:1076A000B4EE467AF1EE10FA98BF27EE807A94EDA8
:1076B0002F0A88BF9FED2D7A30EE260A88BFF0EEA4
:1076C000477A30EE070AC4ED2E7A98BF39EE279A32
:1076D000E8F7BAFDB5EEC00AF1EE10FA48BF30EE99
:1076E0000A0ADFED217A9FED1FAA70EE677AF0EEAD
:1076F0004A0AC4ED2F7A39EE800AE8F7A5FDB5EE07
:10770000C00AF1EE10FA48BF30EE0A0A9FED167A71
:10771000DFED117A30EE471AF0EE480AF0EE411A2A
:10772000E9EE271A6FE7D3ED110A90ED2D0AE8F77D
:107730004FFE20EE0A0AC8EE807A19E7F0EE480AFA
:10774000B0EE680ABDEC068B2046B0EE611ABDE8CB
:107750001040FFF777BD00BFA69B44396F12033975
:1077600000004844DB0FC940DB0F49400000000027
:10777000C3691B78EBB1D0E90532D0ED046AD2EDD4
:10778000007A93ED007A77EEE66A37EEC77AC6EEB6
:10779000877A67EE807AF5EE407AF1EE10FAB8BF9C
:1077A000DFED047AF4EEC07AF1EE10FAD8BFB0EE55
:1077B000670A704700000000704700BF704700BFB5
:1077C00010B52C21044613F03BFA204610BD00BF33
:1077D00010B52C21044613F033FA204610BD00BF2B
:1077E00003680B430360704710B504468088FDF7BB
:1077F000F7F9064BE168D3ED007AA06880EE270A1E
:10780000FCF722FD84ED040A10BD00BF44D8020835
:10781000C26908B50346107870B19A6993ED047A8D
:10782000D2ED007AF1EE046A77EEA67AB4EEE77A4A
:10783000F1EE10FA02DA08BD012008BD586A0122F3
:1078400083F820204FF480215030FFF7C9FF00203B
:1078500008BD00BF30B40D688262D1E901414261C8
:10786000C0E90254141D0832DFF820C08180C261D3
:107870000021054A8461C0F810C030BC80F8201097
:1078800041620260704700BF48DA02080000C07F12
:10789000836A1B8A062B10B5044613D0082B11D01F
:1078A000052B09D0023B9BB2062B15D90D480121AF
:1078B000FDF742F8A08010BD0B481021FDF73CF801
:1078C000A08010BD023B094A09489BB232F8131050
:1078D000FDF732F8A08010BD044A024832F81310B8
:1078E000ECE700BF00000240000802409CD80208FC
:1078F000000402400F4A10B5026101F11402426116
:1079000001F118020023826101F11C024FF6FF7C95
:10791000C26180F82030084A436204230446A0F87C
:1079200004C0816002608162C360FFF7B1FF20463E
:1079300010BD00BF0000C07F5CDA0208EFF31083C7
:1079400072B6826807EE901A126881611268A0F818
:107950005A10F8EEE77AC0ED0A7A516283F3108884
:10796000704700BF038819430180704703680B43C9
:1079700003607047D2ED097A9FED2B7A77EEA77AF4
:10798000B5EE006A67EEA76A27EE877A38B566EE2D
:10799000866A0446B7EE006A24482060B4EE467A50
:1079A00000200025C4E90212F1EE10FA4FF6FF7133
:1079B000C4E90455C4E906552564A56584F85C50FE
:1079C00084F86C50A4F86E5020626062A062E0629D
:1079D0002063E0636064A064E06420656065206605
:1079E0006066A4F86810C4ED0D7AC4ED0E6A1D46F9
:1079F0000ED5D3783BB113883BB995F82030032BD3
:107A000004BF0123E375204638BD0123E375F4E785
:107A100004F114000121FFF7A5FF4FF480715020FD
:107A2000FFF7A4FFE5E700BF6F120339BCDA0208D5
:107A300038B5C3689B78044633B9A3681989586878
:107A4000BDE83840F9F7AEB8EFF3108572B6C368F9
:107A500000209968FCF70CFC07EE900AF8EEE77A34
:107A6000E061C4ED0B7A85F31088E3681A79A2B15E
:107A70002368164A1B68934222D1EFF3108272B634
:107A8000A3681968096800230020A361A062A4F814
:107A90005A304B6282F31088E368DB7863B1236964
:107AA0009A69D36803F54053012193F87838E1755A
:107AB0001BB182F8561000E0E3750123A375BCE703
:107AC000002120469847E368E7E700BF3D790108B9
:107AD000FFF7AEBFC3680246987820B9936819894A
:107AE0005868F9F75FB819B993F82830002BF5D129
:107AF00000B59068054B0189406883B0009202226E
:107B0000F8F7ECFF03B05DF804FB00BFD17A010881
:107B100008B5C3689FED147AD3ED097A77EEA77A9A
:107B2000F5EE005A67EEA76A27EE877AB7EE006A8D
:107B300066EEA56AB4EE467AF1EE10FAC0ED0D7A63
:107B4000C0ED0E6A00D508BD00230246A0F85830EB
:107B500001211430FFF706FF1069BDE808404FF41B
:107B600080715030FFF702BF6F120339B0F86E30EA
:107B70001BB9837D0BB9C268D3707047C36810B559
:107B800093F829100446012200209A70A07529B9A3
:107B900023695B6A1B6AD96901B9DA612046002151
:107BA000FFF798FF2069C168BDE810401831FEF763
:107BB00039B800BF2DE9F043D0F810808569D8F8B6
:107BC0000C30D8F8242003F1180C136A0126DE616A
:107BD0000446BCE80F0089B00DF1040EAEE80F00BA
:107BE0009CE807008EE80700DDED057AB0EE087A24
:107BF00067EE877A00274FF48079404601A9ADF8F7
:107C00001C908DF81E70CDED067AFEF70BF840B192
:107C10002269A369526A05F108018B42126A03DDE9
:107C2000D66109B0BDE8F083083DAB42BABF4FF062
:107C3000FF33D361D76109B0BDE8F0832DE9F04F80
:107C4000C3682DED088B9A7893ED07AAD3ED08AAA7
:107C500083B005461AB1837D002B00F0E1812C69C9
:107C6000EA69636AAA611B6A93F82020002A00F07F
:107C7000D081022A40F0E081D3ED028A9FED949AF0
:107C8000DFED949A4FF0000815E02B69586AFFF772
:107C90009BF8A36F08F1010807EE908A0133A367F0
:107CA0002046B8EEE78AFDF7F9FD58B3B4EEE98A4D
:107CB000F1EE10FA30D594F86630204663BBFDF73C
:107CC00005FF06462046FDF773FF07462046FDF7F1
:107CD00095FFF0EE490AB0EE680A0EB107B118B987
:107CE000636F1B78012B17D12B69586AFFF78EFA47
:107CF00005210028C9D1A36F01332046A367FDF7F2
:107D0000CDFD48B9606AFCF7E5FBFCF7CFFF082121
:107D100004F15000FFF72AFE2C69266D002E40F07A
:107D20008B81CAEE2A7AAB690193B246B346DFED86
:107D3000696ADFED699A9FED6ABA67EEA67AB7EED7
:107D4000007AFDEEE77AF6EE00AA17EE909AF8EECA
:107D5000E77A87EE27AA13E02B69586AFFF734F811
:107D6000A26FAB6901329E19A26720464AEBE37A03
:107D70000BF1010BFDF792FD002853D0D9455BDDD7
:107D800094F866302046002B56D1FDF79FFE07463B
:107D90002046FDF70DFF80462046FDF72FFF07EE3A
:107DA00090BADFED4F0AB8EEE77A1FB1B8F1000FD5
:107DB00000D018B9636F1B78012B3DD1EB68D3ED70
:107DC000077AB0EE690AA7EEEA0A6AEE277AA7EE0A
:107DD000870AE8F739FAB5EEC00AF1EE10FA48BFA3
:107DE00030EE0B0A30EE698AB0EE480AFCF7B8FABA
:107DF000F0EE407AB0EE480A28EEA78AFCF764FA63
:107E00002B6968EE800A586AB0EE480AFFF7FEF95F
:107E100005210028A0D1A36F01332046A367FDF7F9
:107E20003DFD48B9606AFCF755FBFCF73FFF04F1E4
:107E300050000821FFF79AFD2C69226D002A40F0BE
:107E4000FB800199AB6908318B4200F3FB800199FB
:107E500008398B4280F20A81626A126A4FF0FF3160
:107E6000D161526801999FED1D5A5B1A5200002B97
:107E700007EE902AB8BF5B42B8EEE77A07EE903A79
:107E8000EB6893ED026AD3ED076AD3ED065AB8EEBC
:107E9000C66A66EE856A87EE065AF8EEE77A86EEDF
:107EA000857AC5ED0F7A77EEC77AF0EEE77AC7EEFE
:107EB000876AF4EEE56AF1EE10FA00F3C8809FEDF0
:107EC000069ADFED07AAF6EE009A4FF0000B1DE0D0
:107ED000000000000000FA45DB0F494083F9A23E94
:107EE000DB0FC9402B69586AFEF76EFFA36F5A1C5F
:107EF000AB69A2679E1920464AEBE37A0BF1010BAE
:107F0000FDF7CCFC002853D0D9455BDD94F86630F2
:107F10002046002B56D1FDF7D9FD07462046FDF738
:107F200047FE80462046FDF769FE07EE90BA5FEDFA
:107F3000140AF8EEE77A1FB1B8F1000F00D018B9B3
:107F4000636F1B78012B3DD1EB6893ED077AB0EEA0
:107F5000490AA7EE290A67EE877AAAEE670AE8F7C8
:107F600073F9B5EEC00AF1EE10FA48BF30EE2A0AF6
:107F700030EE498AB0EE480AFCF7F2F9F0EE407AAA
:107F8000B0EE480A28EEA78AFCF79EF92B6968EE46
:107F9000800A586AB0EE480AFFF738F90521002830
:107FA000A0D1A36F0133A3672046FDF777FC48B942
:107FB000606AFCF78FFAFCF779FE04F150000821A3
:107FC000FFF7D4FC2B691B6DB3BB4FEA490449F39F
:107FD0008073224651463046F0F786FA07EE904A03
:107FE00009FB00F9A6EB4909B8EEE77A07EE909A8B
:107FF000F8EEE77AB6EE006AC7EE876AE9680346EC
:108000000122CB60104676EE867AC1ED047AEA75DD
:1080100013E0D3ED028AD3ED057A68EEA78A2DE648
:10802000A0F8583020211430FFF79CFC28694FF449
:1080300080715030FFF79AFC002003B0BDEC088B34
:10804000BDE8F08F626A126A0121D16109E700235D
:10805000A5F85830022105F11400FFF783FC4FF416
:10806000807104F15000FFF781FCE5E7A5F8582086
:108070000421F0E7B0F86E30022B10B5044623D08F
:1080800001D85BB110BDA3F58073032B0DD8036934
:10809000BDE81040586A0A21FEF796BE83681B6847
:1080A0001B685B6AA0F85A3010BD0023A0F8583056
:1080B00008211430FFF756FC20694FF48071BDE8A9
:1080C00010405030FFF752BCC368DB8D062B2CD01C
:1080D000082B2AD0052B39D0023B9BB2062B38D96E
:1080E00021480121FCF7F8FC9FED207AE368FEEEC1
:1080F000007AE0EE077A1B8E062BC4ED187A1ED0AC
:10810000082B1CD0052B17D0023B9BB2062B25D980
:1081100015480121FCF7E0FC9FED147AFEEE007A91
:10812000E0EE077AC4ED197A10BD023B104A1148FF
:108130009BB232F81310D5E70F481021EAE7023B53
:108140000B4A0C489BB232F81310E3E70A4810219F
:10815000C8E7074A044832F81310C3E7044A024844
:1081600032F81310D6E700BF00000240CA269B3E3B
:1081700068DA0208000402400008024038B5B0F88E
:108180006E3013F4807224D08268A3F58173B3FA41
:1081900083F3546A5B095B000022236101254FF4DD
:1081A00000614FF40073C4E90221C4E905532021A2
:1081B0000A234FF48270C4E90712C4E909226060FF
:1081C000E3622046F3F794FA2046F3F751FA284683
:1081D00038BD104638BD00BF38B5B0F86E30DB058D
:1081E00001D4012038BD036904460921586AFEF70D
:1081F000EBFDA3685B6A93F85120012AD5B210D039
:10820000002204F11400A4F858204FF48071FFF705
:10821000A9FB20694FF480715030FFF7A7FB10468F
:1082200038BDB4F87410206F0022FAF78BFDA268F5
:108230002B46506A04F1680104F16A02F3F744FC2A
:10824000CFE700BF10B50446B0F87410006F0122EC
:10825000FAF778FD23690B21586AFEF7B5FDB4F8EB
:108260006E3040F20112934222D040F20312934248
:1082700012D0B3F5807F20D0002304F11400A4F8BD
:1082800058300821FFF76EFB20694FF48071BDE87C
:1082900010405030FFF76ABBB4F86A309B08E168C1
:1082A000C9782364012284F86C2001B1E27510BD05
:1082B000B4F86A30C3F30D03F1E7B4F86A3083EA27
:1082C000132282EA121282EA9202D2439207EED17C
:1082D000C3F30D03E3E700BF30B5C3689B8D062BE6
:1082E00087B0044628D0082B26D0052B08D0023BA7
:1082F0009BB218482067062B27D901210B4603E0C3
:108300001548206710210B46A4F87430FAF762FC78
:10831000B4F87420206F0125002301A9CDE90125BF
:10832000CDE90353FAF734FBB4F87410206F2A46F2
:10833000FAF708FD07B030BD023B084A084820673D
:108340009BB232F813301946DEE7044A32F8133094
:108350001946D9E7000002400008024068DA020826
:1083600000040240836810B5182104461868F9F724
:10837000A7FC00212046FFF7ADFBE3681B88A4F8AB
:108380006E30DB0500D410BD2046FFF7A5FF204668
:10839000FFF7F4FE23699A69D36803F5405393F815
:1083A0007838002BEFD0012382F8563010BD00BF83
:1083B0002DE9F843B0F86E30056C022B2DED088BDB
:1083C000044649D00FD8002B68D090F85C30013BB0
:1083D000052B00F2EB81DFE813F0C801B701CA01F9
:1083E000CC01DF01C601A3F58073032B21D890F8DF
:1083F0006C30D0ED117A002B00F070819FEDDE7AA9
:1084000067EE877AC0ED117AE268E069916800232F
:1084100084F86C30281AFBF72BFFE368996801EBAE
:10842000D173B0EB630FA3690646C8BF461A334445
:108430003CE00023A0F85830082104F11400FFF7B5
:1084400091FA20694FF480715030FFF78FFABDEC3C
:10845000088B0020BDE8F883D0ED190A90ED180ACA
:10846000FBF77AFEDFEDC57AE36920EE270A41F6D5
:108470008B01FDEEC07A17EE900AC01AFBF7F8FEEA
:1084800040F645439842E268A369064640F32381DB
:10849000A0F5C4560B3E9168334407E08369B0F8F9
:1084A0005A60C268F61A36B291683344E069A36133
:1084B0003044E061FBF7DCFEDFEDB17A94ED0C8A2D
:1084C000D4ED0A8AB4F86E30D4ED0BAAE8EE278A10
:1084D00013F4807F08BF0546E561B0EE680AE8EE58
:1084E00027AAE7F7B9FFFDEEC07AA36917EE902A35
:1084F0009B1A07EE903AB0EE6A0AF8EEE79AE7F7B1
:10850000ABFFE768BDEEC00AD7ED027A10EE103A75
:10851000B8EEE7AAEB1AB6EE009A00EE103A2AEE91
:10852000099AB8EEC00A39EE09BA30EE090AF0EE3F
:108530004B0AE7F789FE9FED927AD4ED0D7AB5EEFE
:10854000C00A67EE877AF1EE10FA48BF30EE0B0AE8
:10855000E7EEA98A30EE499AB0EE6A0AF7EE00AA71
:10856000CAEE8A9AA7EE890AF0EE4A0AC4ED0A8A90
:10857000E7F76AFE94ED0E7ADFED816A9FED816A7E
:1085800067EE266A27EE067AA6EE898AB5EEC00A5D
:10859000F0EEC85A9FED7C6AD4ED146AF1EE10FA41
:1085A000B4EEE57AF0EE407A48BF70EE0A7AF1EE6A
:1085B00010FAC8BFB0EE468AB6EE000A29EEA77AD6
:1085C00030EE660A68EEA98A69EE886A30EE070A1C
:1085D000F0EE6A0AC4ED0B7AC4ED128AC4ED136A98
:1085E00084ED147A84ED0C8ACCBF4FF001094FF072
:1085F0000009E7F729FED4F81080D4ED157AD8F8F1
:108600001830B5EEC00ADB68F1EE10FAB6EE007A6B
:10861000D3ED098A48BF30EE2A0A77EEC77AF0EE2A
:10862000680A37EE800AE7F70FFEB5EEC00AFB686E
:10863000F1EE10FA48BF30EE280AEB1A07EE903A36
:1086400084ED150AB9F1000F01D13B7DD3BBB6EE25
:10865000007AF0EE476A84ED087AD8F8243097ED76
:10866000046A1B6A9FED490A5B689FED498A5B00BB
:1086700007EE103AF8EEE77A69EE809A77EEC67A5E
:10868000B8EEC77A77EEA67A27EE297AF0EE480A96
:10869000A7EE870AE7F7D8FDB5EEC00AF1EE10FAAB
:1086A00048BF30EE080ABDEC088BDFED387A30EEBB
:1086B000670A40F201130120A4F8583084ED090A3A
:1086C000BDE8F883002E28DD9FED2F7AF0EE476A93
:1086D00084ED087AC1E791683344E7E6B7EE007AA3
:1086E00037EE677A9FED266ADFED2A6AE7EE067AB3
:1086F000F4EEE67AF1EE10FAC0ED117A7FF784AE6F
:10870000A0F8583080211430FFF72CF920694FF47D
:1087100080715030FFF72AF976E611D19FED186A83
:10872000D4ED086AE8EE066AB7EE007AF4EEC76A9E
:10873000F1EE10FA32DD84ED087AF7EE006A8CE78C
:108740004FF07E532362F8E70223E0690621181AEE
:10875000FBF78EFD0328A369E2680646BBDD861F92
:1087600091683344A2E60323EFE70023EDE70123FA
:10877000EBE70423E9E700BFCFF77F3F00007A442F
:108780006F1203396F12833800000000DB0F49407D
:10879000DB0FC9400AD7A33B0523D6E7F5EEC06A35
:1087A000F1EE10FAC4ED086A8ED456E7C26892F86A
:1087B0002A301BB183699168002677E6A0F858300B
:1087C00010213AE638B5037F044683B1D0ED047A30
:1087D000D0ED066A90ED057A77EEA67AF4EE477A48
:1087E000F1EE10FAC8BFF0EE477AC0ED047A2268C5
:1087F000937A0BB31289657A931E9BB2062B1DD90F
:1088000018480121FAF798FA031E18BF0123AB425A
:1088100017BFDFED157A94ED047AC4ED047AB0EE5B
:10882000677AD4ED057A6372B4EEE77AF1EE10FA66
:1088300003DB2268D27A72B1237238BD0B49062A53
:1088400031F813100CD0082A0AD00948054B052A24
:1088500018BF1846D6E7B0FA80F35B092372ECE73D
:108860000448CFE70000024000000000C0DA020820
:108870000008024000040240007A704703681B8928
:108880000022026163B170B59A1E92B2062A86B0C8
:10889000044606D9154D012689B9217706B070BD69
:1088A00070471348062B30F812601CD0082B1AD0E2
:1088B000104D0E4A052B18BF15460029EDD0314644
:1088C0002846FAF787F9236801961B7B0022C3F13B
:1088D0000203284601A903930292FAF759F80123EB
:1088E000237706B070BD044DD6E700BF00000240FC
:1088F000C0DA02080008024000040240036810B514
:108900000446997AFFF7BAFF23689FED057AD3ED05
:10891000017AF8EE677A67EE877AC4ED067A10BDC1
:108920006F12833A10B500230022044601604260B2
:10893000897A0281C3600361436183610277FFF733
:108940009DFF024BA361204610BD00BF6F1203398B
:1089500049B1D0ED107A30EE270A012380ED100ADC
:1089600080F854307047D0ED0C7A30EE270A01239E
:1089700080ED100A80F85430704700BF03691B6D0A
:108980002BB9C36803F54053012283F87928704757
:10899000037819430170704703680B430360704705
:1089A000D1ED0B7A9FED1D7AF4EEC77A00220023F9
:1089B00010B44FF4807C1A4C0460F1EE10FAC0E958
:1089C0000313C0E90633C0E90833C0E90A3303756D
:1089D000026342638263C263026442648264A0F8F9
:1089E00054C080F856300EDC77EEA77AF5EE006AB8
:1089F00027EEA77A5DF8044BC0ED147A27EE267AAD
:108A000080ED137A70479FED077ADFED077A5DF806
:108A1000044BC0ED147A80ED137A70470000FA44DD
:108A20001CDB02080024744A00007A45002303631B
:108A300043638363C3637047012910B502460BD9B2
:108A400010211430FFF7A4FF10694FF4007150306B
:108A5000FFF7A2FF002010BD0B48D36850F821009B
:108A600003F124010369D16203F1540403F15801B5
:108A7000D461116203F1480403F14C015933C2E996
:108A800009130120946110BD1C1B0020036990EDA7
:108A90000D1AD0ED0C0A10B50446986A4368D3ED60
:108AA000022A93ED012AD3ED001A00F09BFC226903
:108AB000926A00210023516384F8553010BD00BF35
:108AC000D0E9031212690346D068D3ED107A90ED15
:108AD000027A01F5405C0CF67C0292ED006A4A6B6A
:108AE000B8EEC77A37EEC00AC6EE076A10B4B0EE29
:108AF000C00AF4EEC06AF1EE10FA0CDB01F5625028
:108B0000D0ED006AC6EE877AF0EEE00AF4EEE07A85
:108B1000F1EE10FA2ADCB2F5616F15D207EE902A59
:108B20009FED197AF8EEE77A002267EE877A032044
:108B300001240870002083F85440C3ED107A5DF8DA
:108B4000044B5A649A64704703220A70002400227E
:108B500001204C631A645A649A6483F8540083F8C1
:108B600056008CF879485DF8044B7047B2F5616F98
:108B7000104628BF4FF4616001EB80009C6B01320E
:108B80004A638463C7E700BFB4A29139C3689FED0D
:108B90000F7AD3ED0B7AF4EEC77AF1EE10FA0CDC13
:108BA00077EEA77AF5EE006A27EEA77AC0ED147A81
:108BB00027EE267A80ED137A70479FED057ADFED78
:108BC000057A80ED137AC0ED147A70470000FA44FC
:108BD0000024744A00007A452DE9F04F2DED068BF4
:108BE000D0F8208085B004468946B8F1000F59D0EE
:108BF00098F8003063BB9A469846A66A16B1367854
:108C000006B1666ADFEDC97AD4E9035BDBF81030A0
:108C100005F5405793ED120A97F8792820EE279A28
:108C2000F2B193F8582012B193F859209AB9202143
:108C300004F11400FFF7ACFE4FF400710BF150008B
:108C4000FFF7AAFE002005B0BDEC068BBDE8F08F53
:108C5000D0E906A8D1E7D3ED130A2046FFF730FF8D
:108C600095F8203083B195ED098A94ED100AF0EE65
:108C7000480AE7F7E9FAB5EEC00AF1EE10FA48BF84
:108C800030EE080A84ED100A6B78072B00F2BF81E2
:108C9000DFE813F0B801AD017F015801BD01D1003B
:108CA000AD000A00C246A8E797F89438012B00F2FD
:108CB00052829F4A95F800B052F823301B6907F69C
:108CC000980797ED008AD3ED127A93ED137A67EE49
:108CD000887A28EE078AC4ED0C7A84ED0D8ABBF100
:108CE000020F00F2D280F7EE009A05F5405797F890
:108CF0009138D5ED047A7BB1B1EE677AB4EE487A5B
:108D0000F1EE10FAC8BFB0EE478AF4EE487AF1EE01
:108D100010FA48BFB0EE678A97F8923883B1002EF8
:108D200000F0AF81D5ED056A96ED007A67EEA67A80
:108D3000B0EEC77AF4EEC77AF1EE10FA00F1EF81E7
:108D4000236995ED02AA5A6AD5ED03AA136A93F82E
:108D50002010032900F0A68194F85630D4ED0F8A34
:108D600023B197F88838002B40F0C081BBF1010F88
:108D700040F26481002E00F0848196ED007AD4EDFB
:108D80000E7A38EE478A29EE887AE7EE0A7A78EE8C
:108D9000A78A2369586AFDF7E5FFF4EEC08AF1EE71
:108DA00010FAC8BFF0EE408AB1EE400AE368B4EEB4
:108DB000E80AD4BF00220122F1EE10FA1B7840F33A
:108DC0002881012B40F26B81D4ED0E7A9FED597A08
:108DD00067EE877AC4ED0E7AB9F1000F01D089ED04
:108DE000000A012005B0BDEC068BBDE8F08FDFED79
:108DF000546AD5ED077A94ED127A67EEA67AD4ED2F
:108E00000F6AF0EEE77A37EE666AF1EE675AB4EE73
:108E1000E56AF1EE10FA00F18A81B4EEE76AF1EE4C
:108E200010FAC8BF36EEA77A94ED0D8A95F800B017
:108E300084ED0F7A53E794F85430002B40F07F8193
:108E400094F85530002B40F06C812369986A90EDBE
:108E50000D0AD0ED0B7AB4EEE70AF1EE10FA40F30A
:108E60007C81DFED367A94ED109AE5684FF0030BC4
:108E7000012385F800B0B0EE678A84ED0C9AC4ED4A
:108E80000D7AC4ED0F7A84F8553095F82030002B18
:108E900000F02281B8F1000F00F0F380E76A94ED52
:108EA0000C0AD7ED008AF0EE680AE7F7CDF9B5EEC7
:108EB000C00AF1EE10FA48BF30EE280AB6EE007A8A
:108EC00084ED0C0AD7ED008AD8ED007A68EE878A27
:108ED00078EEA89A78EEE77AF0EE690A37EE800A23
:108EE000E7F7B2F9B5EEC00AF1EE10FA48BF30EE7E
:108EF000290A30EE680A05F54057D5ED017A97F852
:108F00009038A7EE808A002B00F0958007F68C033E
:108F1000D3ED007AB0EEC00AF4EEC07AF1EE10FAAA
:108F2000C0F28980C0EE279AE1E600BF00006145EB
:108F30001C1B0020A4707D3FFFFFF94500000000CE
:108F40006F12033994ED0D8AD4ED117A94ED0C7AF9
:108F500094ED146AD4ED106AD4ED135A95F800B06C
:108F600077EEC87A76EEC76A67EE867A1FED0C6AEE
:108F7000E5EEA67AD5ED0A6AA7EE868A66EEA77AAE
:108F8000A8EE067AC4ED0F7A84ED0D8A84ED0C7A92
:108F9000A5E61FED157AD5ED067A94ED118AD4ED8C
:108FA0000D6A67EE877A38EE667AF0EEE77AB1EE10
:108FB000676AB4EEC67AF1EE10FA00F1BB80B4EE47
:108FC000E77AF1EE10FAC4BF36EEA78AB0EE677A00
:108FD000D5ED0A7A5FED286A95F800B084ED0D8A28
:108FE00067EEA67A67EE877AC4ED0F7A77E6236C90
:108FF00094ED118A2363A36C95F800B084ED0D8A7B
:10900000E3636CE694ED0D8A95F800B067E6022103
:109010000EE6012B41D9D4ED0E7A002A40F098805B
:109020001FED397A69EE879AB0EE680A69EEAA9A5E
:10903000E9EE887ACEE6F7EE009A58E605F5405359
:1090400093F89338D3B1E6B1D5ED047AD6ED006A42
:1090500037EEA67A77EEE67A2AEE477A67EE8A7AD4
:10906000F4EE478AF1EE10FA48BFF0EE478AF4EECC
:10907000E87AF1EE10FA48BFF0EE678A1FED518AE8
:1090800087E6202104F11400FFF782FC20694FF4E9
:1090900000715030FFF780FCD4E5B0EE680A5FED58
:1090A000597A97E6D2ED2D7A93ED117AF0EEE76AD0
:1090B000F4EEC76AF1EE10FA09D517EE903AB0EE69
:1090C000C77A002BB8BFB1EE477AF0EE477A8AEE46
:1090D00027AACAEEA7AA3FE6BAF1000FD1D0DAED6F
:1090E000007A94ED0C0A30EE670A04E7FDEEC97AC7
:1090F0004FF4616117EE900AFBF7BAF8B0F5616FB3
:10910000A8BF4FF4616020EAE07005EB8000D0ED6D
:109110000E7AE56878EEA78A95F800B026E6012178
:10912000B0E7E56894ED0D8A95F800B0D7E536EE26
:10913000E77A79E636EEE78AB0EE467A48E794EDCC
:10914000100A2046FFF7A2FC002384F8543077E68B
:10915000B0EE680A3AE608216AE500F005FA2369EC
:10916000E5689B6A1FED8A7AD3ED0D7A8DED031ABF
:1091700077EE877A95ED0A7A84ED0C0A21EE071ACC
:10918000C4ED0D0A84ED0F1A95F800B08DED010ABB
:10919000B0EE409AB0EE608ACDED020AC3ED0D7AD2
:1091A0009DE500BF0378194301707047002210B499
:1091B0000024C0E900410472047780F83040C260A6
:1091C0005DF8044B02614261826102624262826226
:1091D000C2627047D0E900325B6A90ED0A5A196AA0
:1091E000D3ED1B6A93ED1A7A91ED076A91ED053A7A
:1091F000D2ED027AD2ED004AD0ED080AD0ED0B5A3A
:1092000090ED090A37EE264AF8EEC63A37EE667A4E
:10921000A3EE045A10B59FED6B6AF6EE006A27EED6
:10922000237A64EEA64A67EEA77ADFED676A27EE37
:10923000067A84EEA76A0446D1ED044AE5EE260AD2
:10924000E7EE435A2DED088B64EE64AAA5EEA60A5C
:1092500027EE248A30EEEA7A70EE485AE7EE477A33
:10926000D2ED018AE5EEE57A25EEA65A66EE277A7A
:1092700027EE267A78EEA88AD3ED255AD3F89030D7
:109280008362E7EE270AA7EE850A28EEA6BAF7EE74
:10929000007A25EEA36AB4EE67BAF1EE10FAC0EDDB
:1092A000080A80ED090A80ED0B6A40F181809FED8C
:1092B000477AD0ED067A9FED46AAB0EE409A90ED3F
:1092C000040A30EE070AF0EE609AA7EEA60AF0EE66
:1092D0004A0AE6F7B9FFB5EEC00AF1EE10FA48BF48
:1092E00030EE0A0A9FED39AA70EE4A7A79EEEA0A60
:1092F00039EE480AC4ED047AFAF72EFF94ED049A89
:109300009FED338ADFED329AF0EE407A3AEE490A69
:10931000F0EE480A30EE270AC4ED037AE6F794FF30
:10932000B5EEC00AF1EE10FA48BF30EE080ADFEDE4
:10933000277A30EE678A39EE270AF0EE690AABEE3B
:10934000080AE6F781FF23689FED227A5B6AD4ED75
:10935000067A1B6ADFED1D6A9FED1F6A68EEA88A18
:10936000B5EEC00A68EE878AF1EE10FA93ED017A45
:10937000E8EE887A4FF00100207748BF30EE290AE6
:10938000B8EEC77A30EE660AF7EE006AC4ED067AE8
:10939000B4EEE67A67EE867AF1EE10FA58BFC7EEC1
:1093A000877ABDEC088B84ED040AC4ED057A10BD04
:1093B00008300121FFF7F6FEBDEC088B0020207776
:1093C00010BD00BF3ACD133F6F120339DB0F494088
:1093D000DB0FC9406F12033883F9223E0022C0E937
:1093E0000021704721EE014AB6EE007A24EE077A9A
:1093F00011EE103AC7EE227A002B10B5044670EE3B
:10940000605AF0EEE77AB8BFF1EE677A75EEE77A68
:109410002DED068BF5EEC07AF1EE10FAF0EE418AF2
:10942000F0EE629AB0EE40AAB0EE609AB0EE428AD8
:1094300000F18B80F0EE653AF0EE417AF0EE616A71
:10944000F7EE00AAF4EEE71AF1EE10FA86EEA97A2A
:1094500036EEE86A84ED058A48BFB1EE488AC6EE6A
:10946000087A78EEA64A27EE266AB6EE003AA7EE0C
:10947000A46AB1EE695A26EE036A48BF84ED058AF4
:1094800066EE2A4A84ED075AF4EEE34AF1EE10FA4A
:10949000C4ED066A84ED0A7AC4ED087A4CDD75EEF7
:1094A000A55A35EE480AA5EE884ADFED2E0A25EECC
:1094B000045A85EE000AE6F78BFFB1EEC07A9FED05
:1094C000296A27EE2A7A77EE686A84ED067AC6EE74
:1094D000887AC7EE296AF5EEC07AF1EE10FAF5EE59
:1094E000C06AD8BFDFED1F7AF1EE10FAD8BFDFED0A
:1094F0001D6AC4ED087ACCBF37EEA67AB0EE677A63
:10950000C4ED0A6AF6EE006A28EE268AF0EE686A72
:10951000E8EE276A012084ED029AA6EEA79A84ED70
:1095200003AAC4ED048A84ED0C9ABDEC068B84ED8D
:10953000096A84ED0B7A10BD75EEC65A37EE877A4C
:1095400085EEA66A37EE067ADCE770EEC03AB1EE39
:10955000428AF1EE629AF1EE616AF1EE417AFFEE33
:1095600000AA6FE700000000B5EEC00AF1EE10FAA5
:1095700088B03DD4D0ED087AF4EEC07AF1EE10FA5E
:1095800015DD90ED051AD0ED040A90ED027AF6EEA5
:10959000007A61EE277AF0EE606AE0EE276AE1EE8B
:1095A000000AA0EE267AB0EE470A08B07047D0ED68
:1095B000096A77EEA66AF4EEC06AF1EE10FA21DCD1
:1095C000D0ED0B7AF4EEC07AF1EE10FA28DD90EDD2
:1095D000071A90ED037AF6EE006A70EE677A61EE94
:1095E000266A61EE270A66EEA76AA6EEA77ADAE790
:1095F00090ED027AD0ED040A9FED0D1AB0EE470A05
:1096000008B07047D0ED060A90ED0C7A9FED081A6D
:1096100070EE677AA0EEA77AB0EE470A08B07047FE
:10962000C1D89FED031A90ED037AF0EE410ABAE734
:1096300000000000BFF34F8F0549064BCA6802F4D3
:10964000E0621343CB60BFF34F8F00BFFDE700BF65
:1096500000ED00E00400FA0508B5FFF7EBFF00BFDE
:10966000024B03EB810393ED000A7047A48F0020A7
:10967000024B1A6888181860704700BFB48D00202C
:1096800008B5FBF7F7FEFFF7D5FF00BF89B2062943
:109690000FD008290DD0052907D0023989B2062933
:1096A0000FD90A480121FBF717BA09481021FBF727
:1096B00013BA0239074B084889B233F81110FBF787
:1096C0000BBA044B014833F81110F0E700000240D8
:1096D0000008024024DB02080004024008B590F8AC
:1096E0003030032B00D008BD90F83130042BFAD96C
:1096F00072B6024B024A1A60FFF79CFFC8D60020E0
:10970000EFBEADDE2DE9F04FB64E96F895309BB02A
:10971000002B00F0218114AC042200230125B24863
:1097200016952146CDE914234FF00808F9F730F9D2
:10973000AD48CDF850802146F9F72AF91027214687
:10974000AA481497F9F724F92846A94DF6F7C2FD5F
:1097500068230421A4482B70F9F7EEFA2B784146D0
:10976000002818BF43F001039F482B70F9F7E4FA73
:109770002B78003818BF012043EA400339469B4844
:109780002B70F9F7D9FA031E287818BF012340EA95
:1097900083002870FAF736F9964D2846F5F7FEFE55
:1097A000D6F87C316B602846F5F7C8FE0126002309
:1097B0008D48169321460327CDE91467F9F7E8F899
:1097C0000223894814932146F9F7E2F804238648D6
:1097D00014932146F9F7DCF80823834814932146B3
:1097E000F9F7D6F81023214680481493F9F7D0F8FA
:1097F0001C2011F07AFE804A8049054610F0E6FDF3
:109800007F4B804ADFF828B21D607F4B0A92002709
:109810007E4A7F4C7F4EDFF81CA20B92D946B84699
:109820009B46802011F061FE0A9A0C90334604F1A9
:109830000801FEF79FF8342011F057FEC8F100052B
:109840007549119005F00C073944FFF7AFFC58201B
:1098500011F04BFE43F6A4032B40704D0D90E91818
:109860001393FFF79DF82C2011F03FFE6C4D1290E2
:10987000EA1904F13C01FDF7EDFF2C2011F035FE53
:1098800059460E90FEF736F8EC2011F02EFE3346C6
:1098900004F1480204F130010F90FDF7D1F83820AF
:1098A00011F023FE5F4939440546FFF797FD20205C
:1098B00011F01BFE0B991090FFF734F8202011F0E7
:1098C00014FE49460746FFF72DF88C2011F00DFED7
:1098D0000695129D0395119D0195109D07950F9D6D
:1098E0000E9A0D9905950C9D04920291009508978A
:1098F0005346224641460546FCF742F80A9B0C981F
:109900000E9A58630F98CBF82020B0650B9A1099E7
:1099100011611846444B0D9943F828503830434B99
:109920000A9002F11400139AC9F81070CAF87C501A
:10993000995064345C360BF1240B0B9009F1140937
:109940000AF1800AB8F1000F02D14FF0010868E770
:1099500000201BB0BDE8F08FF5F74AF914AC1BE707
:109960001C21284611F06CF911F070FA8C21284660
:1099700011F066F911F06AFA2021384611F060F909
:1099800011F064FA1098202111F05AF911F05EFAE2
:109990003821284611F054F911F058FA0F98EC21AB
:1099A00011F04EF911F052FA0E982C2111F048F9ED
:1099B00011F04CFA12982C2111F042F911F046FAEC
:1099C0000D98582111F03CF911F040FA119834210A
:1099D00011F036F911F03AFA0C98802111F030F9B3
:1099E00011F034FA901900200000024000080240F3
:1099F00098D60020300F0020EC150020C005002074
:109A0000181B002050050020241C002028040020E2
:109A100084DB020880040020380500206C1C002034
:109A200068040020500400201C1B00200C5500205E
:109A300000040020241B002010B5064C2368586A3F
:109A4000FAF748FD6368586AFAF744FDFAF7AAFD89
:109A5000FEE700BF1C1B002070B5334C94F840306B
:109A600003B970BDF7F716FB6064F3F757FC2F4B93
:109A7000A06418682E4D2F4EF7F7EAFD2B68800082
:109A80006065586CF7F7E4FD6B688000E064586C23
:109A9000F7F7DEFD284A830010682365F7F7D8FD45
:109AA000264A83001068A365F7F7D2FD244A830095
:109AB0001068E365F7F7CCFD224A8300106823663F
:109AC000F7F7C6FD3368800060669868F7F7C0FD59
:109AD0003368D5E90012DB68926C656D80001B1A53
:109AE000A066886CE16CC4F88830174B401A216D71
:109AF0001B68521A15495B1BC4E91B020968A06D5B
:109B00006367134B134A1B68134D1268081AE16D03
:109B1000591AC4E91E01D4E918012B68121A5B1AFC
:109B2000C4E9202370BD00BF90190020A8CF0020F9
:109B30001C1B0020181B002068D50020CCD400205E
:109B400048090020440900204C7F0308A49803081A
:109B500028980308F0D70208ECD7020838B5234D3F
:109B6000FAF7A2FE95F89430002B35D1204C02F084
:109B7000EBFEFBF783FA23681869C3681B88DA05D4
:109B800030D463681869C3681B88DB0527D4236851
:109B9000586AFCF7F3FF23681869FEF7E3FB636874
:109BA0001869FEF7DFFB2068FBF74CFE6068FBF7E7
:109BB00049FEFAF7C9FD40F2DC50F6F78BFB20684E
:109BC000FBF742FE6068FBF73FFEFBF719FB012342
:109BD000002085F8403038BDF7F716F8C6E7FEF7E5
:109BE0007BFBD4E7FEF778FBCBE700BF90190020A2
:109BF0001C1B00202DE9F04F85B00C461E46DDE908
:109C00000F89DDE911AB0E9F01901546FBF750FC63
:109C100047F245539842019940F2CF8147F24650AE
:109C20000191FBF77FFC002840F0C7814AF6CC3356
:109C30000199ADF80E30EC22FBF7A2FC002840F0B1
:109C4000BC810199BDF80EC001F1EC0E43F66550E0
:109C500011F8013B8CEA032C08230FFA8CF24FEA2F
:109C60004C0C002A03F1FF331FFA8CFCB8BF8CEABE
:109C7000000C13F0FF03F0D17145E9D10822214611
:109C8000EC20ADF80EC0FBF77BFC002840F095817E
:109C9000BDF80E3004F1080C43F6655014F8012BA2
:109CA00083EA0223082219B25B00002902F1FF3285
:109CB0009BB2B8BF434012F0FF02F4D16445EDD12E
:109CC00070222946F420ADF80E30FBF759FC00282D
:109CD00040F07381BDF80E3005F1700443F6655015
:109CE00015F8012B83EA0223082219B25B00002930
:109CF00002F1FF329BB2B8BF434012F0FF02F4D131
:109D0000A542EDD1182231464FF4B270ADF80E30B5
:109D1000FBF736FC002840F05081BDF80E3006F10C
:109D2000180443F6655016F8012B83EA0223082233
:109D300019B25B00002902F1FF329BB2B8BF434069
:109D400012F0FF02F4D1A642EDD147F24812394693
:109D50004FF4BE70ADF80E30FBF712FC002840F057
:109D60002C8107F5E244BDF80E30483443F66550C7
:109D700017F8012B83EA0223082219B25B0000299D
:109D800002F1FF329BB2B8BF434012F0FF02F4D1A0
:109D9000A742EDD1B822414647F2C420ADF80E30BB
:109DA000FBF7EEFB002840F00881BDF80E3008F10B
:109DB000B80443F6655018F8011B082283EA012312
:109DC00019B25B00002902F1FF329BB2B8BF4340D9
:109DD00012F0FF02F4D1A045EDD11822494647F216
:109DE0007C30ADF80E30FBF7CBFB002840F0E5806F
:109DF000BDF80E3009F1180443F6655019F8011B3F
:109E0000082283EA012319B25B00002902F1FF3224
:109E10009BB2B8BF434012F0FF02F4D1A145EDD18F
:109E20004822514647F29430ADF80E30FBF7A8FBBC
:109E3000002840F0C280BDF80E300AF1480443F615
:109E400065501AF8011B082283EA012319B25B004E
:109E5000002902F1FF329BB2B8BF434012F0FF026B
:109E6000F4D1A245EDD11822594647F2DC30ADF8C5
:109E70000E30FBF785FB002840F09F80BDF80E30C8
:109E80000BF1180443F665501BF8011B082283EA06
:109E9000012319B25B00002902F1FF329BB2B8BF67
:109EA000434012F0FF02F4D1A345EDD11399ADF870
:109EB0000E30282247F2F430FBF762FB00287CD1F9
:109EC000139ABDF80E3002F1280443F6655015468A
:109ED00015F8011B082283EA012319B25B0000294F
:109EE00002F1FF329BB2B8BF434012F0FF02F4D13F
:109EF000A542EDD11499ADF80E30282247F21C404E
:109F0000FBF73EFB002858D1149ABDF80E3002F141
:109F1000280443F66550154615F8011B082283EA0C
:109F2000012319B25B00002902F1FF329BB2B8BFD6
:109F3000434012F0FF02F4D1A542EDD11599ADF8DE
:109F40000E304FF4807247F24440FBF719FBA0BB80
:109F5000159ABDF80E3002F5807443F6655015462B
:109F600015F8011B082283EA012319B25B000029BE
:109F700002F1FF329BB2B8BF434012F0FF02F4D1AE
:109F8000A542EDD101220DF10F0147F24450ADF889
:109F90000E30FBF7F5FA80B901220DF10E0147F200
:109FA0004550FBF7EDFA40B9FBF76AFB003818BFE4
:109FB0000120404205B0BDE8F08F4FF0FF3005B002
:109FC000BDE8F08F10B5134A134C1448144B1549D3
:109FD00088B0CDE90624CDE90430134A1348144C67
:109FE000144BCDE90221CDE90004134A134914486A
:109FF000FFF700FE28B9134B012283F8802108B037
:10A0000010BD1148E6F7B2FC052008B0BDE81040CD
:10A01000F6F760B900040020241B0020280400206B
:10A0200050040020241C0020680400206C1C002028
:10A03000800400203805002050050020C0050020C5
:10A04000241A002090190020A4C102082DE9F04F25
:10A0500085B00C460191114618221D460391DDE999
:10A060000E67DDE91089DDE912AB24880290FBF769
:10A0700031FA149B0399002840F0748101F1180E05
:10A0800043F6655C11F8012B84EA0224082220B211
:10A090006400002802F1FF32A4B2B8BF84EA0C04C5
:10A0A00012F0FF02F3D18E45ECD11493019B1C807A
:10A0B000029B47F24812294603F11800FBF70AFAFF
:10A0C000002840F04F8105F5E24C149B0CF1480C40
:10A0D00043F6655015F8012B84EA0224082221B2C8
:10A0E0006400002902F1FF32A4B2B8BF444012F06C
:10A0F000FF02F4D1AC45EDD11493019B1C80029B6F
:10A1000003F5E2406030B8223146FBF7E3F900285E
:10A1100040F02881149B06F1B80543F6655016F807
:10A12000012B84EA0224082221B26400002902F1F2
:10A13000FF32A4B2B8BF444012F0FF02F4D1B542DE
:10A14000EDD11493019B1C80029B03F5E440183071
:10A1500018223946FBF7BEF9002840F00381149B12
:10A1600007F1180543F6655017F8012B84EA02241D
:10A17000082221B26400002902F1FF32A4B2B8BF64
:10A18000444012F0FF02F4D1AF42EDD11493019B91
:10A190001C80029B03F5E440303048224146FBF727
:10A1A00099F9002840F0DE80149B08F1480543F639
:10A1B000655018F8012B84EA0224082221B26400B9
:10A1C000002902F1FF32A4B2B8BF444012F0FF02EE
:10A1D000F4D1A845EDD11493019B1C80029B03F59B
:10A1E000E440783018224946FBF774F9002840F023
:10A1F000B980149B09F1180543F6655019F8011B45
:10A20000082284EA012421B26400002902F1FF320D
:10A21000A4B2B8BF444012F0FF02F4D1A945EDD179
:10A220001493019B1C80029B03F5E540103028220B
:10A230005146FBF74FF9002840F09480149B0AF137
:10A24000280543F665501AF8011B082284EA012408
:10A2500021B26400002902F1FF32A4B2B8BF444029
:10A2600012F0FF02F4D1AA45EDD11493019B1C809A
:10A27000029B03F5E540383028225946FBF72AF9BE
:10A2800000286FD1149B0BF1280543F665501BF88D
:10A29000011B082284EA012421B26400002902F192
:10A2A000FF32A4B2B8BF444012F0FF02F4D1AB4574
:10A2B000EDD1019A14931480029A02F5E5406030C2
:10A2C0004FF480721946FBF705F900284AD1149B18
:10A2D00043F6655003F5807513F8011B082284EAE4
:10A2E000012421B26400002902F1FF32A4B2B8BFF8
:10A2F000444012F0FF02F4D1AB42EDD1029B15991C
:10A3000003F5E740019B02221C806030FBF7E2F876
:10A3100040BB159B1B78082284EA032343F665544F
:10A3200019B25B00002902F1FF329BB2B8BF634053
:10A3300012F0FF02F4D1159A517843F665540822C1
:10A3400083EA012319B25B00002902F1FF329BB2BC
:10A35000B8BF634012F0FF02F4D1019A138005B038
:10A36000BDE8F08F4FF0FF3005B0BDE8F08F00BFC3
:10A370002DE9F04F2DED088BADF5635D8FB0FBF748
:10A380003FF8002840F0BA800546FBF78BF847F20B
:10A390004553984240F2B2800DF6F808A8F6A4039F
:10A3A0004AF6CC3448491C80EC222846FBF792F848
:10A3B000002840F08C82444843F6655100F1EC05DA
:10A3C00010F8012B082384EA022422B26400002A38
:10A3D00003F1FF33A4B2B8BF4C4013F0FF03F4D134
:10A3E000A842EDD1394DA8F6A40308221C802946C5
:10A3F000EC20FBF76FF8002840F06A82284605F150
:10A40000080643F6655110F8012B082384EA02245C
:10A4100022B26400002A03F1FF33A4B2B8BF4C405B
:10A4200013F0FF03F4D1B042EDD1A8F6A4032849FC
:10A430001C807022F420FBF74DF8002840F0488281
:10A44000234843F6655100F1700610F8012B0823EC
:10A4500084EA022422B26400002A03F1FF33A4B28A
:10A46000B8BF4C4013F0FF03F4D1B042EDD1194B0B
:10A470000693A8F6A406184B348013930593174B44
:10A4800010930493164B0393164B12930293164B9F
:10A49000019315A9154B0093154A164B07914FF4DC
:10A4A000B2701191FFF7D2FD002832D1338883BBFF
:10A4B000114B012083F880010DF5635D0FB0BDECF9
:10A4C000088BBDE8F08F00BF241A0020C0050020D3
:10A4D00050050020241B0020000400202804002038
:10A4E00050040020241C0020680400208004002068
:10A4F000380500206C1C002090190020C54B1393D8
:10A50000C54B1093C54B1293C54D15AB0DF6F8080E
:10A510001193A8F6A404002660223146C4E900661F
:10A520006661A8F67C00E6F7B7FB60223146A8F624
:10A530001C00E6F7B1FBBB4B2361A361E3614FF065
:10A54000FF432362B84B636201232370A3704FF073
:10A550008043A3604FF08243E3604FF4E133C4F8DB
:10A56000E830B248DFF83493DFEDB1BA9FEDB1BA0D
:10A57000DFEDB1AADFEDB18A9FEDB1AA2146EC2251
:10A58000E8F702FAAF4B2B60AF4B0C93AF4B0A933B
:10A59000AF4B0B93AF4B0D93AF4B0993AF4B2E715A
:10A5A0000E933746B246CDF83C800F9BDFF8F0B2F1
:10A5B0009FEDAB8AA3F6A404382200212046E6F7DB
:10A5C0006BFBA84BE3624FF0010804254FF40053E6
:10A5D0002586C4ED08AAC4ED098A84F8048084F8AD
:10A5E0001480C4ED06BA84ED07BAA360A446BCE8A3
:10A5F0000F000C9E0FC6BCE80F000FC6BCE80F0092
:10A600000FC69CE803000A9B86E80300C3ED008A9E
:10A61000C3ED018A83ED02AA43F6A402002120467D
:10A62000E6F73AFB904BA36040F2031104F5405368
:10A6300021808E4AE2604FF07A5121638C4A626138
:10A6400003F67C014FF07E56B0EE009A894AE26133
:10A65000F3EE049AA661666284ED049A84ED0B9A87
:10A66000C4ED019A0E6004F56251834A0E6003F650
:10A6700084010B980E6003F68C0183F88888C1F87A
:10A6800000B0C3F8912803F6980221461660FF2215
:10A6900083F89C2843F6A402E8F776F95C220021AF
:10A6A0002046E6F7F9FA754BA3614FF0FF43E362EA
:10A6B000734B2363734B2364072366656360724E99
:10A6C000C4F808B04FF08243A362C4F824B0C4F8C1
:10A6D00044B0C4F848B0C4F850B0E6635C222146E8
:10A6E0000D9884ED039AC4ED0D8A84ED0E8AE8F787
:10A6F0004BF9099A0021566082ED008A82F80880A1
:10A7000020462422E6F7C8FA25821299A661CAF1EA
:10A71000000584ED058A4FF07C5305F02406A4461D
:10A72000C9F80430C9F808300E44BCE80F000FC661
:10A73000BCE80F000FC689ED009ADCF800303360EA
:10A74000802200212046E6F7A7FA0F9EA6F68C008D
:10A75000FBF740F8A6F50760FBF756F84FF06A5391
:10A76000A3604A4B63654A4BC4F850B0A365DDF85B
:10A7700038B0484B236664210A23C4E91D138022A4
:10A7800021465846C4ED179A84ED198AE8F7FCF87B
:10A79000414905F0640008445946FBF78FF85946D3
:10A7A0001198C4F800A0FBF78DF80C9E0A9B099A3B
:10A7B000E76038360C9603F10C060D9B0A965C3365
:10A7C0000D935B4680330E93109B84F80C8002F14E
:10A7D0000C0605F014050B9A09965E19139B276069
:10A7E0001D444FF0320B02F5405302F56252A76050
:10A7F0002761C4F804B02432A4460B9283F89CA8C5
:10A80000BCE80F000FC6E760A64684F80C803760EE
:10A8100048E000BF0004002028040020241C002081
:10A82000C005002015AE6F42BD3786B5241A002042
:10A830000AD7A33CDB0F4942DB0F494100007A44B1
:10A840000118CF3A90D003005005002038050020B1
:10A850006C1C00208004002068040020241B0020C1
:10A860000000C84201000300ABAA2A3EABAAAA3EE0
:10A870009A99993F0AD7233C010101FF0AD7233D4A
:10A8800000007042C74B6B410000F042CDCCCC3E83
:10A89000DB0F49400000204284DB02085004002006
:10A8A00000002041BEE80F000FC509F10C092F6020
:10A8B000BAF1000F01D1C24677E60A4B93F8800146
:10A8C0000DF5635D0FB0BDEC088BBDE8F08F064D54
:10A8D000064B1393064B1093064B129315AB119333
:10A8E00017E600BF90190020C005002000040020DA
:10A8F00028040020241C00202DE9F84F804A814BB9
:10A90000DFF87082DFED807ADFF86CB2DFF86CA2DE
:10A91000DFF86C927D4F40F2031EB3EE047A4FF0E5
:10A92000000C4FF080444FF07E5100254FF07A56D6
:10A9300099615962A3F800E083ED017AC3ED027AD0
:10A94000C3F80CB01C61C3F814A0C3F81C90C3F882
:10A9500028C0DC6283F820505D631E6343F6A400C8
:10A9600042F8281C42F8241C42F8201C42F80C1C17
:10A97000FF2102F8101C02F8081C0344012102F810
:10A980001C1C4345624922F82C5C42F8147C42F8B6
:10A99000181C0244C7D15F4B5F4C604E604ADFF821
:10A9A000E4A1DFF8E491DFF8E4815E61042119821B
:10A9B00099869A611D779E63DA6383F840504FF061
:10A9C0006A5B04F58077802200212046E6F764F96F
:10A9D00004F11800C4F808B0FAF7FCFE04F13400E2
:10A9E000FAF712FF4A4A4F4B2265E36564220A23B5
:10A9F000C4F854A0C4F85890C4F860806666A4F8FF
:10AA0000685084F86A50E56684F87050E567C4E9D8
:10AA10001D238034BC42D6D1434C4FF4C472002174
:10AA20002046E6F739F9414A414B22601A784148FD
:10AA30004149FE2AC4E907014049A1624FF07E5016
:10AA4000606253D0002A4DD040F20363238638223F
:10AA50003B4B3C491D783C48002362F307030A78CE
:10AA60003A490078097884F836103949E163394960
:10AA7000C4F88C1065F30F233749C4F8901060F3C5
:10AA800017434FF080414FF0FF4062F31F63C4F85B
:10AA9000B40001223148C4F89C104FF08241304D7F
:10AAA000A063C4F8323084F894202E4B84F89620AA
:10AAB000C4F8A010602200212B48C4F8B830C4F8B4
:10AAC000A450C4F8AC50C4F8B050E6F7E5F82748F5
:10AAD00060220021E6F7E0F84FF4E133C4F87C315E
:10AAE000BDE8F88F1B7CFE2BAED1214BE362DA78F8
:10AAF00084F830201A7984F831205A79A8E700BF09
:10AB0000105500206C1C0020ABAA2A3E0001010158
:10AB100000002041241C0020241B00200000C8420B
:10AB20000000F0420000A0419019002068DB0208FC
:10AB30000078FF1FCC03002080190020C0CF002028
:10AB4000BB990308B9990308BA990308B89903088F
:10AB50007C1900205CD5002098D600207D190020AB
:10AB600015AE6F42BD3786B54C1A0020AC1A0020D6
:10AB70001078FF1FB48D0020ABAAAA3E9A99993F86
:10AB80000AD7233CCDCCCC3EDB0F4940000020420D
:10AB900000B5114B86460FCB85B0EC468CE80F0014
:10ABA000DEF80C10DEF82420CB6EB2F8642091F8A9
:10ABB00070E08DF804E05B0103330093074B8DF8E0
:10ABC0000720100A8DF80800614618680FF056FC3F
:10ABD00005B05DF804FB00BF30BC0208181B002064
:10ABE00000B50F4B86460FCB85B0EC468CE80F00C6
:10ABF000DEE90321D36E92F870E08A8A8DF804E0D2
:10AC00005B0104330093074B8DF80720100A8DF881
:10AC10000800614618680FF031FC05B05DF804FBD0
:10AC200030BC0208181B002000B50F4B86460FCB26
:10AC300085B0EC468CE80F00DEF80C20DEF814003E
:10AC4000D36E0A4992F870E0027A08688DF804E041
:10AC50005B010533614600938DF807200FF00EFC71
:10AC600005B05DF804FB00BF30BC0208181B0020D3
:10AC700000B51B4B86460FCB85B0EC468CE80F0029
:10AC8000DEF80C20DEF81430D06E92F870E01A690D
:10AC90005B698DF8072040011530614600904FEA4E
:10ACA000122C10488DF808C04FEA124C120E8DF885
:10ACB0000B308DF809C08DF80A204FEA132C1A0CBE
:10ACC00000688DF804E01B0E8DF80CC08DF80D2087
:10ACD0008DF80E300FF0D2FB05B05DF804FB00BF1D
:10ACE00030BC0208181B002000B50F4B86460FCB66
:10ACF00085B0EC468CE80F00DEE9031291F870E0B5
:10AD0000CB6ED169CDF80B10084992690868CDF86F
:10AD100007205B010A33614600938DF804E00FF0D1
:10AD2000ADFB05B05DF804FB30BC0208181B002029
:10AD300000B51C4B86460FCB85B0EC468CE80F0067
:10AD4000DEF80C00DEF82430C16ED3F89C2090F8B9
:10AD500070E0D3F8A0308DF80720490101F114000C
:10AD60000090614610488DF80B304FEA122C8DF898
:10AD700008C04FEA124C120E8DF809C08DF80A2057
:10AD80004FEA132C1A0C00688DF804E01B0E8DF8A6
:10AD90000CC08DF80D208DF80E300FF06FFB05B054
:10ADA0005DF804FB30BC0208181B002010B50D4BE9
:10ADB000C4680FCB84B0EC468CE80F00E36E0A4900
:10ADC0000A4A94F87040126808688DF804405B01E4
:10ADD000173361460093CDF807200FF04FFB04B006
:10ADE00010BD00BF30BC0208181B0020CC0300209F
:10ADF00003680B430360704700B51A4B86460FCBC0
:10AE000085B0EC468CE80F00DEE90303C16E9A6C56
:10AE100090F870E0DB6C8DF80720490101F1090022
:10AE20000090614610488DF80B304FEA122C8DF8D7
:10AE300008C04FEA124C120E8DF809C08DF80A2096
:10AE40004FEA132C1A0C00688DF804E01B0E8DF8E5
:10AE50000CC08DF80D208DF80E300FF00FFB05B0F3
:10AE60005DF804FB30BC0208181B002030B5846973
:10AE7000D1F8073023648C460FC985B0EE468EE8C2
:10AE80000F00DDF80B309FED0F7A1BB207EE903A02
:10AE9000F8EEE77A012567EE877AC4ED117A9CE82F
:10AEA0000F008EE80F00DDF80B3084F854501B14AF
:10AEB00007EE903AF8EEE77A67EE877AC4ED127AF9
:10AEC00005B030BD6F12833A914B2DE9F041D3E9C3
:10AED0000061F3680468CA680546D86ED76EB0EBA7
:10AEE000541F4FEA541C43D0BC4501D0BDE8F0814B
:10AEF00092F870202B799A42F8D10E46336804F00C
:10AF00001F041B683046023C9847162CEED801A35C
:10AF100053F824F0DDB00108CBB00108B9B0010846
:10AF2000A7B001089DB0010893B00108EDAE01087B
:10AF300089B0010877B0010865B0010859B001086F
:10AF400049B001083FB0010833B0010827B001083B
:10AF50001BB0010809B00108FDAF0108EBAF010803
:10AF6000DBAF0108EDB00108CBAF0108A3AF0108CA
:10AF700093F870002B79984206D0BC45B6D192F870
:10AF800070209A42B2D1B8E7BC45B7D192F8703080
:10AF90008342B3D15F4BBDE8F041186801210FF047
:10AFA00013BB33685C4A5B68934240F0AC80D6E9DF
:10AFB0000501746A32690023A4F864300B7500211E
:10AFC000037293825164336590E76B79002B8DD0C7
:10AFD0003046BDE8F041FFF7E9BE6B79002B85D024
:10AFE0003046BDE8F041FFF743BE6B79002B3FF4DC
:10AFF0007DAF3046BDE8F041FFF79ABEB369D5F8A2
:10B000000720DB689A6271E7B36AD5F807205B68AE
:10B010005A60D5F80B209A6068E7B36AD5F8072024
:10B020005B681A6062E7B0690368BDE8F0415B687D
:10B030001847B369D5F80720DB681A6156E7B3698A
:10B04000D5F807209A6451E7B369D5F807205A6408
:10B05000D5F80B209A6449E729463046BDE8F0410F
:10B06000FFF704BFB369D5F80720DB681A70D5F87D
:10B070000B205A703AE76B79002B3FF437AF30461C
:10B08000BDE8F041FFF730BE3046BDE8F041FFF7C4
:10B09000B3BED5F8073086F8663027E7F368D5F8F1
:10B0A0000720DA6622E76B79002B3FF41FAF3046AA
:10B0B000BDE8F041FFF7B8BD6B79002B3FF416AF48
:10B0C0003046BDE8F041FFF78BBD6B79002B3FF4B4
:10B0D0000DAF3046BDE8F041FFF75ABD06F1500014
:10B0E0004FF48041BDE8F041FFF782BEBFF34F8FC0
:10B0F0000A490B4BCA6802F4E0621343CB60BFF30A
:10B100004F8F00BFFDE73046BDE8F041184700BF54
:10B110001C1B0020181B00200D57010800ED00E04B
:10B120000400FA0500B5114B86460FCB85B0EC46FE
:10B130008CE80F00DEF80C20DEF85010D36EDEF83D
:10B140007400CDF807100A4992F870E00278086898
:10B150008DF804E05B010133614600938DF80B200C
:10B160000FF08CF905B05DF804FB00BF30BC02089D
:10B17000181B0020002070470020704700207047F7
:10B1800090ED000A704700BF90ED000A704700BFC5
:10B1900080ED000A704700BFD0E90001704700BF92
:10B1A00000787047007870470078704701707047EA
:10B1B000006870470068704701607047006882B09F
:10B1C00002B0704782B0016002B0704700687047FB
:10B1D00001607047007870470078704701707047D1
:10B1E000007870470078704701707047008870479A
:10B1F000018070470078704700887047008870476A
:10B2000000687047016070470078704701707047B0
:10B210000078704701707047007870470170704780
:10B220000078704701707047007870470170704770
:10B230000088704701807047006870470088704739
:10B240000180704700887047018070470078704720
:10B250000170704700787047017070470078704740
:10B260000170704782B010B502A981E80C00044655
:10B2700010220021E5F710FD2046BDE8104002B085
:10B28000704700BFA1F10801ECE700BF82B010B524
:10B2900002A981E80C00044610220021E5F7FCFC1D
:10B2A0002046BDE8104002B0704700BFA1F1080180
:10B2B000ECE700BF82B010B502A981E80C0004469B
:10B2C00010220021E5F7E8FC2046BDE8104002B05E
:10B2D000704700BFA1F10801ECE700BF82B010B5D4
:10B2E00002A981E80C00044610220021E5F7D4FCF5
:10B2F0002046BDE8104002B0704700BFA1F1080130
:10B30000ECE700BF82B010B502A981E80C0004464A
:10B3100010220021E5F7C0FC2046BDE8104002B035
:10B32000704700BFA1F10801ECE700BF82B010B583
:10B3300002A981E80C00044610220021E5F7ACFCCC
:10B340002046BDE8104002B0704700BFA1F10801DF
:10B35000ECE700BF82B010B502A981E80C000446FA
:10B3600010220021E5F798FC2046BDE8104002B00D
:10B37000704700BFA1F10801ECE700BF82B010B533
:10B3800002A981E80C00044610220021E5F784FCA4
:10B390002046BDE8104002B0704700BFA1F108018F
:10B3A000ECE700BF82B010B502A981E80C000446AA
:10B3B00010220021E5F770FC2046BDE8104002B0E5
:10B3C000704700BFA1F10801ECE700BF82B010B5E3
:10B3D00002A981E80C00044610220021E5F75CFC7C
:10B3E0002046BDE8104002B0704700BFA1F108013F
:10B3F000ECE700BF82B010B502A981E80C0004465A
:10B4000010220021E5F748FC2046BDE8104002B0BC
:10B41000704700BFA1F10801ECE700BF82B010B592
:10B4200002A981E80C00044610220021E5F734FC53
:10B430002046BDE8104002B0704700BFA1F10801EE
:10B44000ECE700BF82B010B502A981E80C00044609
:10B4500010220021E5F720FC2046BDE8104002B094
:10B46000704700BFA1F10801ECE700BF82B010B542
:10B4700002A981E80C00044610220021E5F70CFC2B
:10B480002046BDE8104002B0704700BFA1F108019E
:10B49000ECE700BF82B010B502A981E80C000446B9
:10B4A00010220021E5F7F8FB2046BDE8104002B06D
:10B4B000704700BFA1F10801ECE700BF82B010B5F2
:10B4C00002A981E80C00044610220021E5F7E4FB04
:10B4D0002046BDE8104002B0704700BFA1F108014E
:10B4E000ECE700BF0020704782B010B502A981E8E8
:10B4F0000C00044610220021E5F7CEFB2046BDE8F3
:10B50000104002B0704700BFA1F10801ECE700BF96
:10B5100000207047A0F10400FAE700BF82B010B528
:10B5200002A981E80C00044610220021E5F7B4FBD3
:10B530002046BDE8104002B0704700BFA1F10801ED
:10B54000ECE700BF82B010B502A981E80C00044608
:10B5500010220021E5F7A0FB2046BDE8104002B014
:10B56000704700BFA1F10801ECE700BF82B010B541
:10B5700002A981E80C00044610220021E5F78CFBAB
:10B580002046BDE8104002B0704700BFA1F108019D
:10B59000ECE700BF08B50B4B01221A700EF074FDEA
:10B5A0000EF092FE084B93F8953033B10FF07AF815
:10B5B0004FF47A70F4F78EFEFAE7044B18680EF039
:10B5C00019FFF5E7A4CF002090190020181B0020D8
:10B5D00010B582B00C4601AA0549E5F727F9012804
:10B5E00006BF9DF804302370002002B010BD00BFDC
:10B5F000C4C1020830B40C4C0C4D43F6655114F82C
:10B60000012B082380EA022002B24000002A03F145
:10B61000FF3380B2B8BF484013F0FF03F4D1AC420F
:10B62000EDD130BC704700BFB0E902084A7F030883
:10B6300037B51D46D1E900031446984710EE100AAD
:10B64000ECF7B2FB044ACDE9000129462046E8F7B1
:10B6500059F9012003B030BD5CDC0208A0F1040000
:10B66000E6E700BF10B5D1E9000314469847002370
:10B67000303020706370012010BD00BFA0F10400C5
:10B68000F0E700BF70B51E46D1E9000315469847A4
:10B69000034A034631462846E8F734F9012070BDD5
:10B6A0005FDC0208A0F10400ECE700BF08B5D1E9B7
:10B6B00000039847002008BDA0F10400F6E700BF92
:10B6C00070B51E46D1E9000315469847034A034664
:10B6D00031462846E8F716F9012070BD63DC020800
:10B6E000A0F10400ECE700BF70B51E46D1E90003ED
:10B6F00015469847034A034631462846E8F702F9BB
:10B70000012070BD67DC0208A0F10400ECE700BF77
:10B7100070B51E46D1E9000315469847034A034613
:10B7200031462846E8F7EEF8012070BD6ADC0208D1
:10B73000A0F10400ECE700BF70B51E46D1E900039C
:10B7400015469847034A034631462846E8F7DAF893
:10B75000012070BD67DC0208A0F10400ECE700BF27
:10B7600070B51E46D1E9000315469847034A0346C3
:10B7700031462846E8F7C6F8012070BD6ADC0208A9
:10B78000A0F10400ECE700BF70B51E46D1E900034C
:10B7900015469847034A034631462846E8F7B2F86B
:10B7A000012070BD6EDC0208A0F10400ECE700BFD0
:10B7B00070B51E46D1E9000315469847034A034673
:10B7C00031462846E8F79EF8012070BD67DC020884
:10B7D000A0F10400ECE700BF70B51E46D1E90003FC
:10B7E00015469847034A034631462846E8F78AF843
:10B7F000012070BD67DC0208A0F10400ECE700BF87
:10B8000070B51E46D1E9000315469847034A034622
:10B8100031462846E8F776F8012070BD67DC02085B
:10B82000A0F10400ECE700BF70B51E46D1E90003AB
:10B8300015469847034A034631462846E8F762F81A
:10B84000012070BD67DC0208A0F10400ECE700BF36
:10B8500070B51E46D1E9000315469847034A0346D2
:10B8600031462846E8F74EF8012070BD67DC020833
:10B87000A0F10400ECE700BF70B51E46D1E900035B
:10B8800015469847034A034631462846E8F73AF8F2
:10B89000012070BD6ADC0208A0F10400ECE700BFE3
:10B8A00070B51E46D1E9000315469847034A034682
:10B8B00031462846E8F726F8012070BD6ADC020808
:10B8C000A0F10400ECE700BF70B51E46D1E900030B
:10B8D00015469847034A034631462846E8F712F8CA
:10B8E000012070BD67DC0208A0F10400ECE700BF96
:10B8F00070B51E46D1E9000315469847034A034632
:10B9000031462846E7F7FEFF012070BD67DC0208DC
:10B91000A0F10400ECE700BF70B51E46D1E90003BA
:10B9200015469847034A034631462846E7F7EAFF9B
:10B93000012070BD67DC0208A0F10400ECE700BF45
:10B9400040687047FFF7FCBF807A7047FFF7FCBF85
:10B9500000897047FFF7FCBF90ED090A70470000AF
:10B96000FFF7FABFC0787047FFF7FCBF808D7047C4
:10B97000FFF7FCBF90F8280070470000FFF7FABF00
:10B9800080787047FFF7FCBF90ED0B0A704700000E
:10B99000FFF7FABF90ED100A70470000FFF7FABFFB
:10B9A00090ED0D0A70470000FFF7FABF90ED050A11
:10B9B00070470000FFF7FABF90ED040A70470000DF
:10B9C000FFF7FABF00787047FFF7FCBF008A7047A7
:10B9D000FFF7FCBF808A7047FFF7FCBF408A7047C3
:10B9E000FFF7FCBF10B52DED028B0C46E4F70EFD02
:10B9F000D4E90003B0EE408A9847BCEEC80A20683C
:10BA0000A36810EE102A91B29847BDEC028B01207A
:10BA100010BD10B52DED028B0C46E4F7F7FCD4E910
:10BA20000003B0EE408A9847FDEEC87A2068A3680C
:10BA300017EE901A9847BDEC028B012010BD10B58F
:10BA40002DED028B0C46E4F7E1FCD4E90003B0EEE7
:10BA5000408A9847FCEEC87A2068A36817EE901ACF
:10BA60009847BDEC028B012010BD10B52DED028B67
:10BA70000C46E4F7CBFCD4E90003B0EE408A9847CB
:10BA8000FCEEC87A2068A36817EE901A9847BDECC0
:10BA9000028B012010BD10B50C462DED028BD1E9B3
:10BAA0000003B0EE408A98472068A368B0EE480AC9
:10BAB0009847BDEC028B012010BD40687047000024
:10BAC000FFF7FBBF807A7047FFF7FCBF0089704724
:10BAD000FFF7FCBF90ED090A70470000FFF7FABFBF
:10BAE000C0787047FFF7FCBF808D7047FFF7FCBF41
:10BAF00090F8280070470000FFF7FABF8078704781
:10BB0000FFF7FCBF90ED0B0A70470000FFF7FABF8C
:10BB100090ED100A70470000FFF7FABF90ED0D0A94
:10BB200070470000FFF7FABF90ED050A704700006C
:10BB3000FFF7FABF90ED040A70470000FFF7FABF65
:10BB400000787047FFF7FCBF008A7047FFF7FCBF23
:10BB5000808A7047FFF7FCBF408A7047FFF7FCBF41
:10BB600038B53AB11D4614468847D5E9002323B1BC
:10BB7000934202D80024204638BD10702B68013350
:10BB80002B60204638BD00BF38B53AB11D4614467B
:10BB90008847D5E9002323B1934202D800242046E8
:10BBA00038BD10702B6801332B60204638BD00BFB4
:10BBB00002680C4952688A4238B50FD10346D0E971
:10BBC00005405D6A19690022A5F86420027500200D
:10BBD000227248648A8201201A6538BD904701208C
:10BBE00038BD00BF0D5701082DE9F04184B004AC09
:10BBF00004E90F009DF80C400C9D9DF828709DF8FD
:10BC0000293074B1DDE9008283B140469047029B40
:10BC10000646394640469847D5E90023A3B19342EA
:10BC200012D80024204604B0BDE8F0810B9B0B998C
:10BC30001B6849688B420FD00B98591C01601F7814
:10BC4000003F18BF0127E0E716702B68204601333C
:10BC50002B6004B0BDE8F081404690470646DBE724
:10BC60002DE9F04184B004AC04E90F009DF80C40CC
:10BC70000C9DD4B10B9B009F5968019A1B683846F4
:10BC800021B1994202D89047064609E00B9913F872
:10BC9000018B0B609047029B064641463846984709
:10BCA000D5E9002333B19A4204D30024204604B0DE
:10BCB000BDE8F08116702B68204601332B6004B07C
:10BCC000BDE8F08138B51546A2B11C468847D4E9D5
:10BCD00000134FF0000C20FA0CF20CF1080C0BB121
:10BCE000994209D20A702168BCF1200F01F10101CB
:10BCF0002160F0D1284638BD0025FBE730B5154658
:10BD000083B0BAB11C468847D4E900138DED010A0F
:10BD100001984FF0000C20FA0CF20CF1080C0BB15A
:10BD200099420AD20A702168BCF1200F01F1010189
:10BD30002160F0D1284603B030BD0025FAE700BFEE
:10BD40002DE9F04184B004AC04E90F009DF80C60CB
:10BD50000C9CBDF828709DF82A308EB3DDE9008276
:10BD6000D3B140469047029B054639464046984726
:10BD7000D4E900324AB3934222D21D7023680133C2
:10BD80009A4223601CD92D121D702368304601335E
:10BD9000236004B0BDE8F0810B9BD3E90010C8B16B
:10BDA00088421DD90B460B9D13F8017B2B609842EE
:10BDB00016D91B7847EA03270B9B02311960D0E79D
:10BDC0000026304604B0BDE8F0811D7023680133C1
:10BDD0002360D8E70B460B9813F8017B0360E8E774
:10BDE000404690470546C3E72DE9F04184B004ACD6
:10BDF00004E90F009DF80C600D9CF6B19DF82C3005
:10BE0000DDF828808C460746DBB13846E047029BC8
:10BE10000546414638469847D4E90031002225FAC4
:10BE200002FC083209B199421DD983F800C0236889
:10BE3000202A03F101032360F1D1304604B0BDE8AC
:10BE4000F0810C9AD2E9002598460DB195420CD9A3
:10BE500012F8010B0C9998400833202B0A6048EA2D
:10BE60000008F2D1D1E70026E7E73846E04705466B
:10BE7000D2E700BF2DE9F0412DED028B84B004AC78
:10BE800004E90F009DF80C600F9CFEB19DF8343062
:10BE90009DED0C8A0F468046F3B1884710EE105A8C
:10BEA000029BB0EE480A40469847D4E90030294644
:10BEB000002221FA02F5083208B1984229D91D70F2
:10BEC0002368202A03F101032360F2D1304604B035
:10BED000BDEC028BBDE8F0810E9AD2E900109C46C1
:10BEE00008B1884210D911F8015B0E9A9D400833C1
:10BEF000202B11604CEA050CF2D1404608EE10CA26
:10BF0000B84710EE105ACBE74046B84710EE105A2B
:10BF1000CBE70026DAE700BFF0B587B06C4684E8CF
:10BF20000F009DF80C509DF83420DDE90E34002DF3
:10BF300033D00646002A34D00C9804903046884707
:10BF4000029B05900499304698476168BDF814003B
:10BF5000BDF816202368002955D099421DD91A70C2
:10BF6000236801339942236017D912121A7022688C
:10BF70006368511C2160002B4ED08B420DD950704C
:10BF8000226801329342226007D9001210702368A0
:10BF900028460133236007B0F0BD0025284607B0CE
:10BFA000F0BDD3E90020F0B1824231D2174617F834
:10BFB00001CB1F60B8422BD957784CEA072E971C4B
:10BFC000B8421F6024D9D71CB84292F802C01F6043
:10BFD0001ED9D07804324CEA002C1A60ADF830C07B
:10BFE000ADF832E0A8E71046971C10F801CB1860B6
:10BFF00050781F604CEA002ED01C92F802C01860E6
:10C00000D0780432E7E71A70236801332360ACE785
:10C0100030468847059098E75070226801322260C8
:10C02000B3E700BF2DE9F04184B004AC04E90F0090
:10C030009DF80C60DDE90C544EB3D5E900210023D6
:10C040001F4609B1914228D912F8010B2A60984085
:10C050000833202B47EA0007F3D1DDE9008340468F
:10C060009847029B0546394640469847D4E9003137
:10C07000002245FA02FC083209B199420BD983F833
:10C0800000C02368202A03F101032360F1D1304668
:10C0900004B0BDE8F0810026F9E7DDE90003984728
:10C0A0000546E3E72DE9F04385B004AC04E90F0051
:10C0B0009DF80C60DDE90E04F6B19DF834300C9F5C
:10C0C000DDF800808946DBB1404688470546029B83
:10C0D000394640469847D4E90031002245FA02FC2F
:10C0E000083209B1994223D983F800C02368202A75
:10C0F00003F101032360F1D1304605B0BDE8F083C0
:10C10000D0E9002719460FB197420DD912F8015B0B
:10C1100002609D400833202B41EA0501F3D14046DF
:10C120000F46C8470546D2E74046C8470546D2E70E
:10C130000026E1E72DE9F04385B004AC04E90F00E7
:10C140009DF80C60DDE90D04FEB19DF831309DF8DD
:10C150003070DDF800808946DBB1404688470546EF
:10C16000029B394640469847D4E90031002245FAFF
:10C1700002FC083209B1994223D983F800C0236830
:10C18000202A03F101032360F1D1304605B0BDE858
:10C19000F083D0E9002719460FB197420DD912F864
:10C1A000015B02609D400833202B41EA0501F3D179
:10C1B0004046CFB2C8470546D2E74046C847054685
:10C1C000D2E70026E1E700BF2DE9F04385B004ACDB
:10C1D00004E90F009DF80C60DDE90D04FEB19DF847
:10C1E00031309DF83070DDF800808946DBB1404683
:10C1F00088470546029B394640469847D4E90031B6
:10C20000002245FA02FC083209B1994223D983F889
:10C2100000C02368202A03F101032360F1D13046D6
:10C2200005B0BDE8F083D0E9002719460FB1974269
:10C230000DD912F8015B02609D400833202B41EAC2
:10C240000501F3D14046CFB2C8470546D2E7404684
:10C25000C8470546D2E70026E1E700BF2DE9F043D5
:10C2600085B004AC04E90F009DF80C60DDE90D0415
:10C27000FEB19DF83230BDF83070DDF8008089469F
:10C28000DBB14046C847029B0546394640469847C1
:10C29000D4E90031002245FA02FC083209B1994282
:10C2A00020D983F800C02368202A03F1010323600A
:10C2B000F1D1304605B0BDE8F083D0E9002719463A
:10C2C0000FB197420AD912F8015B02609D40083312
:10C2D000202B41EA0501F3D18FB2D2E74046C8478F
:10C2E0000546D5E70026E4E72DE9F04184B004AC2B
:10C2F00004E90F009DF80C60DDE90B544EB3D5E95D
:10C30000002100231F4609B1914226D912F8010BE2
:10C310002A6098400833202B47EA0007F3D1DDE973
:10C32000008340469847029B0546F9B2404698472D
:10C33000D4E90031002245FA02FC083209B19942E1
:10C3400010D983F800C02368202A03F10103236079
:10C35000F1D1304604B0BDE8F081DDE90003984733
:10C360000546E5E70026F4E72DE9F04184B004AC8A
:10C3700004E90F009DF80C60DDE90B544EB3D5E9DC
:10C38000002100231F4609B1914226D912F8010B62
:10C390002A6098400833202B47EA0007F3D1DDE9F3
:10C3A000008340469847029B0546B9B240469847ED
:10C3B000D4E90031002245FA02FC083209B1994261
:10C3C00010D983F800C02368202A03F101032360F9
:10C3D000F1D1304604B0BDE8F081DDE900039847B3
:10C3E0000546E5E70026F4E72DE9F04184B004AC0A
:10C3F00004E90F009DF80C60DDE90B544EB3D5E95C
:10C40000002100231F4609B1914226D912F8010BE1
:10C410002A6098400833202B47EA0007F3D1DDE972
:10C42000008340469847029B0546F9B2404698472C
:10C43000D4E90031002245FA02FC083209B19942E0
:10C4400010D983F800C02368202A03F10103236078
:10C45000F1D1304604B0BDE8F081DDE90003984732
:10C460000546E5E70026F4E72DE9F04184B004AC89
:10C4700004E90F009DF80C60DDE90B544EB3D5E9DB
:10C48000002100231F4609B1914226D912F8010B61
:10C490002A6098400833202B47EA0007F3D1DDE9F2
:10C4A000008340469847029B0546B9B240469847EC
:10C4B000D4E90031002245FA02FC083209B1994260
:10C4C00010D983F800C02368202A03F101032360F8
:10C4D000F1D1304604B0BDE8F081DDE900039847B2
:10C4E0000546E5E70026F4E72DE9F04184B004AC09
:10C4F00004E90F009DF80C60DDE90B544EB3D5E95B
:10C50000002100231F4609B1914226D912F8010BE0
:10C510002A6098400833202B47EA0007F3D1DDE971
:10C52000008340469847029B0546F9B2404698472B
:10C53000D4E90031002245FA02FC083209B19942DF
:10C5400010D983F800C02368202A03F10103236077
:10C55000F1D1304604B0BDE8F081DDE90003984731
:10C560000546E5E70026F4E72DE9F04184B004AC88
:10C5700004E90F009DF80C60DDE90B544EB3D5E9DA
:10C58000002100231F4609B1914226D912F8010B60
:10C590002A6098400833202B47EA0007F3D1DDE9F1
:10C5A000008340469847029B0546F9B240469847AB
:10C5B000D4E90031002245FA02FC083209B199425F
:10C5C00010D983F800C02368202A03F101032360F7
:10C5D000F1D1304604B0BDE8F081DDE900039847B1
:10C5E0000546E5E70026F4E72DE9F04184B004AC08
:10C5F00004E90F009DF80C60DDE90B544EB3D5E95A
:10C60000002100231F4609B1914226D912F8010BDF
:10C610002A6098400833202B47EA0007F3D1DDE970
:10C62000008340469847029B0546F9B2404698472A
:10C63000D4E90031002245FA02FC083209B19942DE
:10C6400010D983F800C02368202A03F10103236076
:10C65000F1D1304604B0BDE8F081DDE90003984730
:10C660000546E5E70026F4E730B52DED028B83B0F3
:10C6700010460D4601AA0B49E4F7D8F801280CD161
:10C680009DED018A0446D5E9000398472868AB6808
:10C69000B0EE480A9847204600E0002003B0BDEC09
:10C6A000028B30BD5CDC0208A0F10400DCE700BFB7
:10C6B00073B510460D4601AA0949E4F7B7F80128F9
:10C6C00001D0002009E0019E0446D5E90003984707
:10C6D0002868AB6831469847204602B070BD00BF5D
:10C6E0005FDC0208A0F10400E2E700BF73B510466A
:10C6F0000D4601AA0949E4F799F8012801D0002064
:10C7000009E0019E0446D5E9000398472868AB6814
:10C7100031469847204602B070BD00BF63DC020876
:10C72000A0F10400E2E700BF73B510460D4601AA70
:10C730000949E4F77BF8012801D0002009E0019EB7
:10C740000446D5E9000398472868AB683146984706
:10C75000204602B070BD00BF6EDC0208A0F10400EC
:10C76000E2E700BF73B510460D4601AA0949E4F798
:10C770005DF8012801D000200AE0BDF804600446FD
:10C78000D5E9000398472868AB68314698472046AA
:10C7900002B070BD6ADC0208A0F10400E2E700BF4D
:10C7A00073B510460D4601AA0949E4F73FF8012880
:10C7B00001D000200AE0BDF804600446D5E900037A
:10C7C00098472868AB6831469847204602B070BD4C
:10C7D0006ADC0208A0F10400E2E700BF73B510466E
:10C7E0000D4601AA0949E4F721F8012801D00020EB
:10C7F0000AE0BDF804600446D5E9000398472868BC
:10C80000AB6831469847204602B070BD6ADC02082A
:10C81000A0F10400E2E700BF73B510460D4601AA7F
:10C820000949E4F703F8012801D000200AE0BDF827
:10C8300004600446D5E9000398472868AB68314690
:10C840009847204602B070BD6ADC0208A0F10400DF
:10C85000E2E700BF10B52DED028B0C46E3F7D6FDE5
:10C86000D4E90003B0EE408A9847BCEEC80A2068BD
:10C87000A36810EE102A91B29847BDEC028B0120FC
:10C8800010BD10B52DED028B0C46E3F7BFFDD4E9CA
:10C890000003B0EE408A9847BCEEC80A2068A3683F
:10C8A00010EE102A91B29847BDEC028B012010BD0A
:10C8B00010B52DED028B0C46E3F7A8FDD4E900037B
:10C8C000B0EE408A9847BCEEC80A2068A36810EE14
:10C8D000102A91B29847BDEC028B012010BD0000D8
:10C8E00000B585B00DF1100C0CE9060002689DED55
:10C8F000020A1268ADF80430D9B29047012005B0A1
:10C900005DF804FB08B503681B689847012008BD63
:10C91000D1E900231BB1934201D800207047107069
:10C920000B68012003440B60704700BFD1E900236E
:10C930001BB1934201D80020704710700B68012092
:10C9400003440B60704700BF30B50D4D0D4887B0F4
:10C95000E4F70CF80FCD01AC0FC42B682360002165
:10C96000094C01A8F3F79AFC084A237810602BB908
:10C970000120F3F7AFFC2378002BF9D007B030BDCE
:10C9800040BC0208CCC10208A4CF0020A8CF0020E0
:10C990001046704710B5024C8260C0E9004110BDDE
:10C9A0007CE50208C86F4A82F8F790BF08B50A46CE
:10C9B00001460020FFF7F6FF08BD00BFC86F8A825E
:10C9C000F8F784BF08B50A4601460020FFF7F6FFD6
:10C9D00008BD00BF086A0A82FAF75ABF08B50A46BE
:10C9E00001460020FFF7F6FF08BD00BF8B6D0A70FF
:10C9F00093F867200AB91A6A127883F8672070479B
:10CA000008B50A4601460020FFF7F0FF08BD00BF49
:10CA1000886D81ED040AFAF79FB8000008B5014659
:10CA20000020FFF7F5FF08BD886D81ED050AFAF7D4
:10CA300093B8000008B501460020FFF7F5FF08BDD8
:10CA4000886D81ED0D0AFAF787B8000008B5014638
:10CA50000020FFF7F5FF08BD012381ED100A81F8E2
:10CA60005430704708B501460020FFF7F5FF08BDB8
:10CA700081ED0B0A01F54051D1F8A008FCF786B80A
:10CA800008B501460020FFF7F3FF08BD0B468A708A
:10CA9000586B0021FBF71EB808B50A460146002076
:10CAA000FFF7F4FF08BD00BF0B4681F82820586B44
:10CAB0000021FBF70FB8000008B50A460146002028
:10CAC000FFF7F2FF08BD00BF486B8A85FBF704BC87
:10CAD00008B50A4601460020FFF7F6FF08BD00BF73
:10CAE000486BCA70FBF742B808B50A4601460020F9
:10CAF000FFF7F6FF08BD00BF486B81ED090AFBF7A1
:10CB000007B8000008B501460020FFF7F5FF08BD93
:10CB100008690A81FBF7F2BE08B50A460146002003
:10CB2000FFF7F6FF08BD00BF08698A72FBF7E6BE93
:10CB300008B50A4601460020FFF7F6FF08BD00BF12
:10CB400008694A60FBF7DABE08B50A4601460020CC
:10CB5000FFF7F6FF08BD00BF094B82B01B880190AC
:10CB600080B2984208D1BDF8060040F225239842D1
:10CB70008CBF0020012000E0002002B0704700BF01
:10CB80009C8F002000B52DED028B054B89B01B88D2
:10CB9000019080B2984205D0002003F0A0B800BFF9
:10CBA0009C8F002000230793BDF8063040F21D2221
:10CBB000033BB0EE408A934203F27E80DFE813F03D
:10CBC0001E027C187C187C187C187C187C187C1839
:10CBD0007C187C1828027C187C187C187C187C181F
:10CBE0007C187C187C187C187C187C187C187C18A5
:10CBF0007C187C187C187C187C187C187C187C1895
:10CC00007C187C187C187C1833023D0247025102C4
:10CC10005B0265026F02790283028D029702A10214
:10CC2000AB02B502BF02C902D302DD02E702F10284
:10CC3000FB0205030F03190323032D03880392034B
:10CC40009C03A603B0037C18BA037C187C18C603A7
:10CC50007C187C18D203DE03EA03F70304041104F2
:10CC60001E042B043804450452045F046C04780449
:10CC700084049104D204DF04EC04F90406051305CE
:10CC800020052D053A054705540561056E057B0510
:10CC900088059505A205AF05BC05C905D605E305C0
:10CCA000040611061E062B067C1838064506530698
:10CCB00061067C186E067B0688069606A406B206F8
:10CCC000C006CE06DC067C187C187C187C18E906A9
:10CCD000F60603077C181007440751075E076B0729
:10CCE0007807850792077C189F07AC07B9077C185F
:10CCF0007C18C6077C18D3077C187C187C187C1815
:10CD00007C187C187C187C187C187C187C187C1883
:10CD10007C18E007ED07FB0709081708240831080D
:10CD20003F084D087E088C089A08A808B608C40871
:10CD3000D208DF08ED08FB0809091709250933099E
:10CD400040094C0959097C187C187C187C18660924
:10CD500073098009AC09BC09CC09DC09EC09F909A3
:10CD6000070A150A230A310A3F0A4D0A5B0A690AB3
:10CD7000770A850A930AA10AB10AE20AF20A7C1824
:10CD8000FF0A7C180F0B1F0B7C182E0B7C183E0B18
:10CD90004B0B7C18580B7C187C187C187C187C1862
:10CDA0007C187C187C187C187C187C187C187C18E3
:10CDB0007C187C18650B7C18720B7F0B8C0B990B05
:10CDC000A60BB40BC20BD00BDD0BEB0B360C430CDC
:10CDD000510C5F0C6D0C7B0C890C970C7C18A50C0E
:10CDE000B20CBF0CCC0CD90CE60CF30C010D0F0DE2
:10CDF0001C0D2A0D7C18380D6E0D7B0D880D960DBF
:10CE0000A40D7C18B10DBE0DCB0DD80DE60DF40DA3
:10CE10007C187C18010E7C187C180D0E7C187C1870
:10CE2000190E250E310E3E0E4B0E580E650E720E6B
:10CE3000AA0EB70EC40ED10EDE0EEA0EF60E030FCA
:10CE4000100F1D0F2A0F370F440F510F5E0F6B0F7E
:10CE5000780F850F920F9F0FAC0FB90FDE0FEB0FFE
:10CE6000F80F051012101F102C1039104610531017
:10CE700060106D107C187A1087109510A3107C1824
:10CE8000B010BD10CA10D810E610141122113011C4
:10CE90003E117C187C187C187C184B1158116511B8
:10CEA0007C1872117F118C119911A611B311C01148
:10CEB000CD117C18DA11E711F4117C187C180112DD
:10CEC0007C180E127C187C187C187C187C187C1836
:10CED0007C187C187C187C187C187C187C181B1219
:10CEE00040124E125C126A12771284129212A01231
:10CEF000AE12BC12CA12D812E612F41202130F13A9
:10CF00001D132B13391347137C138A139713A31381
:10CF1000B0137C187C187C187C18BD13CA13D71367
:10CF2000E713F7130714171427143414421450147A
:10CF30005E146C147A148714B814C514D214DF1458
:10CF4000EC14F9140815171526157C1832157C18E1
:10CF5000411550157C185E157C186D1579157C18D7
:10CF600085157C187C187C187C187C187C187C181B
:10CF70007C187C187C187C187C187C187C187C1811
:10CF800091157C189D15A915B515F41500160D16EB
:10CF90001A162716331640164D16591666167316AE
:10CFA00080168D169A16A7167C18B416C016CC16C5
:10CFB000D816E4161C172817351742174E175B179B
:10CFC0007C186817741780178C179917A6177C1888
:10CFD000B217BE17CA17D617E317F0177C187C18BC
:10CFE000FC17071812187C184E1859187C1862186C
:10CFF0007C187C186B187C187C1874188C4B039365
:10D000008C4B04938C4B05938C4B079302F054BECE
:10D010008B4BDB6B03938B4B04938B4B05938B4BAD
:10D02000079302F049BE8A4B0393864B0493864BC9
:10D030000593864B079302F03FBE864B0393864BC6
:10D040000493864B0593864B079302F035BE854BC0
:10D0500003937C4B04937C4B05937C4B079302F02A
:10D060002BBE814B0393774B0493774B0593774B00
:10D07000079302F021BE7D4B03936E4B04936E4BDE
:10D0800005936E4B079302F017BE794B0393694BE0
:10D090000493694B0593694B079302F00DBE754BE2
:10D0A0000393644B0493644B0593644B079302F022
:10D0B00003BE714B03935F4B04935F4B05935F4B30
:10D0C000079302F0F9BD6D4B03935E4B04935E4BE7
:10D0D00005935E4B079302F0EFBD694B0393554BED
:10D0E0000493554B0593554B079302F0E5BD654BF3
:10D0F0000393504B0493504B0593504B079302F00E
:10D10000DBBD614B03934B4B04934B4B05934B4B54
:10D11000079302F0D1BD5D4B0393464B0493464BFE
:10D120000593464B079302F0C7BD594B0393594BE8
:10D130000493594B0593594B079302F0BDBD584BCF
:10D1400003933C4B04933C4B05933C4B079302F0F9
:10D15000B3BD544B0393374B0493374B0593374B75
:10D16000079302F0A9BD504B03934A4B04934A4BDB
:10D1700005934A4B079302F09FBD4C4B03932D4BF5
:10D1800004932D4B05932D4B079302F095BD484B0F
:10D190000393284B0493284B0593284B079302F0E5
:10D1A0008BBD444B03933B4B04933B4B05933B4B51
:10D1B000079302F081BD404B03931E4B04931E4B1B
:10D1C00005931E4B079302F077BD3C4B0393194B1D
:10D1D0000493194B0593194B079302F06DBD384B1F
:10D1E00003932C4B04932C4B05932C4B079302F089
:10D1F00063BD344B03930F4B04930F4B05930F4BBD
:10D20000079302F059BD304B03930A4B04930A4B2A
:10D2100005930A4B079302F04FBD2C4B03931D4B14
:10D2200004931D4B05931D4B079302F045BD00BFB2
:10D23000B419002089B1010891B101088C8F002038
:10D2400090190020A9B10108ADB10108788F002024
:10D25000241A00200C1B0020B5B10108B9B1010847
:10D26000648F0020251A0020261A0020281A00208A
:10D270002C1A0020301A0020341A0020381A0020FE
:10D280003C1A0020401A0020441A0020481A0020AE
:10D290004C1A0020BDB10108C5B10108508F002013
:10D2A000501A0020541A0020581A00205C1A00203E
:10D2B000601A0020641A0020681A00206C1A0020EE
:10D2C000701A0020741A0020781A0020C41A002056
:10D2D0008A4B03938A4B04938A4B05938A4B07939B
:10D2E00002F0EABC894B0393854B0493854B05936D
:10D2F000854B079302F0E0BC854B0393854B049369
:10D30000854B0593854B079302F0D6BC844B039362
:10D310007B4B04937B4B05937B4B079302F0CCBC78
:10D32000804B0393764B0493764B0593764B079390
:10D3300002F0C2BC7C4B1B68503303937B4B0493BD
:10D340007B4B05937B4B079302F0B6BC764B1B6877
:10D3500066330393784B0493784B0593784B07938C
:10D3600002F0AABC704B1B687D330393754B04938A
:10D37000754B0593754B079302F09EBC6A4B1B6877
:10D38000DB6803936F4B04936F4B05936F4B0793CD
:10D3900002F092BC644B1B68DB6801330393694B5A
:10D3A0000493694B0593694B079302F085BC5E4B70
:10D3B0001B68DB6802330393624B0493624B059353
:10D3C000624B079302F078BC574B1B68DB68033352
:10D3D00003935C4B04935C4B05935C4B079302F007
:10D3E0006BBC514B1B68DB6804330393554B0493B0
:10D3F000554B0593554B079302F05EBC4A4B1B6897
:10D40000DB68053303934F4B04934F4B05934F4B0E
:10D41000079302F051BC444B1B68DB68063303934F
:10D42000484B0493484B0593484B079302F044BC88
:10D430003D4B1B68DB6807330393424B0493424B1D
:10D440000593424B079302F037BC374B1B68DB68F0
:10D45000083303932A4B04932A4B05932A4B0793D3
:10D4600002F02ABC304B1B68DB680C330393244B5F
:10D470000493244B0593244B079302F01DBC2A4BC5
:10D480001B68DB68103303932E4B04932E4B0593DC
:10D490002E4B079302F010BC234B1B68DB680393F1
:10D4A0002B4B04932B4B05932B4B079302F004BC9F
:10D4B0001D4B1B68DB680393284B0493284B059393
:10D4C000254B079302F0F8BB174B1B68DB6818333A
:10D4D00003930B4B04930B4B05930B4B079302F0F9
:10D4E000EBBB114B1B68DB681C330393044B0493A9
:10D4F000044B0593044B079302F0DEBBC81A0020CF
:10D5000089B1010891B101088C8F0020CC1A00204C
:10D51000D01A0020BDB10108C5B10108508F00200C
:10D52000D41A0020D81A00201C1B0020CDB10108FD
:10D53000D1B101083C8F0020D9B10108DDB101084B
:10D54000288F0020A9B10108ADB10108788F002013
:10D55000E1B9010811020208148F0020D9B90108AD
:10D56000290202088E4B1B68DB68203303938D4B26
:10D5700004938D4B05938D4B079302F09DBB884B15
:10D580001B68DB6824330393864B0493864B059317
:10D59000864B079302F090BB814B1B68DB682833F6
:10D5A0000393804B0493804B0593804B079302F0C9
:10D5B00083BB7B4B1B68DB6834330393794B049349
:10D5C000794B0593794B079302F076BB744B1B683C
:10D5D000DB6838330393734B0493734B0593734B9E
:10D5E000079302F069BB6E4B1B68DB683C33039307
:10D5F0006C4B04936C4B05936C4B079302F05CBB34
:10D60000674B1B68DB6840330393664B0493664BA0
:10D610000593664B079302F04FBB614B1B68DB68B9
:10D62000443303935F4B04935F4B05935F4B079326
:10D6300002F042BB5A4B1B68DB6848330393594BDB
:10D640000493594B0593594B079302F035BB544B48
:10D650001B68DB684C330393554B0493554B059380
:10D66000554B079302F028BB4D4B1B68DB684D33CD
:10D6700003934F4B04934F4B05934F4B079302F08B
:10D680001BBB474B1B68DB684E330393484B04932B
:10D69000484B0593484B079302F00EBB404B1B6869
:10D6A000DB68503303933F4B04933F4B05933F4B51
:10D6B000079302F001BB3A4B1B68DB6854330393BA
:10D6C000384B0493384B0593384B079302F0F4BA68
:10D6D000334B1B68DB6858330393324B0493324B54
:10D6E0000593324B079302F0E7BA2D4B1B68DB68BA
:10D6F0005C3303932B4B04932B4B05932B4B0793DA
:10D7000002F0DABA264B1B68DB6860330393254BC3
:10D710000493254B0593254B079302F0CDBA204B7C
:10D720001B68DB68643303931E4B04931E4B059305
:10D730001E4B079302F0C0BA194B1B68DB686833B5
:10D7400003931B4B04931B4B05931B4B079302F056
:10D75000B3BA134B1B68DB6869330393144B049310
:10D76000144B0593144B079302F0A6BA0C4B1B689D
:10D77000DB686A3303930E4B04930E4B05930E4BF9
:10D78000079302F099BA064B1B68DB686C3303936E
:10D790000A4B04930A4B05930A4B079302F08CBA89
:10D7A0001C1B002089B1010891B101088C8F002059
:10D7B000A9B10108ADB10108788F0020B5B1010809
:10D7C000B9B10108648F00208C4B1B68DB68703393
:10D7D00003938B4B04938B4B05938B4B079302F076
:10D7E0006BBA864B1B68DB6874330393874B0493D7
:10D7F000874B0593874B079302F05EBA7F4B1B68FC
:10D80000DB6878330393814B0493814B0593814B01
:10D81000079302F051BA794B1B68DB6920330393FD
:10D820007D4B04937D4B05937D4B079302F044BAE7
:10D83000724B1B68DB699B6A03937A4B04937A4BA8
:10D8400005937A4B079302F037BA6C4B1B68DB6980
:10D850009B6A04330393734B0493734B0593734B8D
:10D86000079302F029BA654B1B68DB699B6A083392
:10D870000393634B0493634B0593634B079302F04D
:10D880001BBA5E4B1B681B6A20330393624B0493E5
:10D89000624B0593624B079302F00EBA574B1B681D
:10D8A0001B6A9B6A0393624B0493624B0593624B22
:10D8B000079302F001BA514B1B681B6A9B6A0393E2
:10D8C000584B0493584B0593584B079302F0F4B907
:10D8D0004A4B1B681B6A9B6A04330393514B0493A6
:10D8E000514B0593514B079302F0E6B9434B1B682C
:10D8F0001B6A9B6A083303934A4B04934A4B059374
:10D900004A4B079302F0D8B93C4B1B681B6A9B6AD1
:10D910000C330393434B0493434B0593434B0793BF
:10D9200002F0CAB9354B1B681B6A9B6A1433039318
:10D930003C4B04933C4B05933C4B079302F0BCB922
:10D940002E4B1B681B6A9B6A18330393354B049359
:10D95000354B0593354B079302F0AEB9274B1B6847
:10D960001B6A9B6A1C330393254B0493254B059339
:10D97000254B079302F0A0B9204B1B685B6A643308
:10D9800003932E4B04932E4B05932E4B079302F0DB
:10D9900093B91A4B1B685B6A70330393214B049352
:10D9A000214B0593214B079302F086B9134B1B685B
:10D9B0005B6A743303931B4B04931B4B05931B4B04
:10D9C000079302F079B90D4B1B685B6A78330393B8
:10D9D000144B0493144B0593144B079302F06CB94A
:10D9E000064B1B685B6A7C3303930E4B04930E4B10
:10D9F00005930E4B079302F05FB900BF1C1B00207C
:10DA0000A9B10108ADB10108788F0020B5B10108B6
:10DA1000B9B10108648F0020E5B10108E9B101083E
:10DA2000008F002089B1010891B101088C8F00207E
:10DA3000D1B9010841020208148F0020EDB101089C
:10DA4000F1B10108EC8E00208B4B1B685B6A8033C0
:10DA500003938A4B04938A4B05938A4B079302F0F6
:10DA60002BB9854B1B685B6A84330393834B049308
:10DA7000834B0593834B079302F01EB97E4B1B68C3
:10DA80005B6A883303937D4B04937D4B05937D4BF9
:10DA9000079302F011B9784B1B685B6A8C330393D0
:10DAA000764B0493764B0593764B079302F004B9BB
:10DAB000714B1B685B6A90330393704B0493704BFC
:10DAC0000593704B079302F0F7B86B4B1B685B6ACA
:10DAD00094330393694B0493694B0593694B079304
:10DAE00002F0EAB8644B1B685B6A98330393634B9C
:10DAF0000493634B0593634B079302F0DDB85E4BD1
:10DB00001B685B6AA03303935C4B04935C4B0593E7
:10DB10005C4B079302F0D0B8574B1B685B6AA43389
:10DB20000393564B0493564B0593564B079302F0C1
:10DB3000C3B8514B1B685B6AA83303934F4B0493E4
:10DB40004F4B05934F4B079302F0B6B84A4B1B68F7
:10DB50005B6AB4330393494B0493494B0593494B98
:10DB6000079302F0A9B8444B1B685B6ABC3303936C
:10DB7000424B0493424B0593424B079302F09CB8EF
:10DB80003D4B1B685B6A1B6A03933F4B04933F4BFF
:10DB900005933F4B079302F08FB8374B1B685B6AC6
:10DBA0001B6A043303933B4B04933B4B05933B4B62
:10DBB000079302F081B8304B1B685B6A1B6A08331D
:10DBC00003932E4B04932E4B05932E4B079302F099
:10DBD00073B8294B1B685B6A1B6A0C330393274B92
:10DBE0000493274B0593274B079302F065B8224B0C
:10DBF0001B685B6A1B6A0393294B0493294B0593AB
:10DC0000204B079302F058B81B4B1B685B6A1B6ADA
:10DC10000393254B0493254B05931A4B079302F06E
:10DC20004BB8154B1B685B6A1B6A18330393134B85
:10DC30000493134B0593134B079302F03DB80E4B1F
:10DC40001B685B6A1B6A1C330393124B0493124BD1
:10DC50000593124B079302F02FB8074B1B685B6AC2
:10DC60001B6A20330393124B0493124B0593124B00
:10DC7000079302F021B800BF1C1B002089B10108E6
:10DC800091B101088C8F0020C9B901086502020812
:10DC9000788F002001B2010805B20108D88E00205B
:10DCA000C1B9010881020208B5B901089902020848
:10DCB00009B201080DB20108C48E0020884B1B6810
:10DCC0005B6A1B6A24330393864B0493864B05934C
:10DCD000864B079301F0F0BF814B1B685B6A1B6AA0
:10DCE000283303937F4B04937F4B05937F4B07931C
:10DCF00001F0E2BF7A4B1B685B6A1B6A2C3303930B
:10DD0000784B0493784B0593784B079301F0D4BF7D
:10DD1000734B1B685B6A1B6A38330393714B049324
:10DD2000714B0593714B079301F0C6BF6C4B1B6899
:10DD30005B6A1B6A3C3303936A4B04936A4B0593FB
:10DD40006A4B079301F0B8BF654B1B685B6A1B6A9F
:10DD500030330393634B0493634B0593634B0793F7
:10DD600001F0AABF5E4B1B685B6A1B6A0393604BA2
:10DD70000493604B05935D4B079301F09DBF584B97
:10DD80001B685B6A1B6A40330393564B0493564BE4
:10DD90000593564B079301F08FBF514B1B685B6A8D
:10DDA0001B6A443303934F4B04934F4B05934F4BE4
:10DDB000079301F081BF4A4B1B685B6A1B6A4833BB
:10DDC0000393484B0493484B0593484B079301F04A
:10DDD00073BF434B1B685B6A1B6A4C330393464B10
:10DDE0000493464B0593464B079301F065BF3C4BAC
:10DDF0001B685B6A1B6A503303933A4B04933A4B9C
:10DE000005933A4B079301F057BF354B1B685B6A8C
:10DE10001B6A54330393334B0493334B0593334BB7
:10DE2000079301F049BF2E4B1B689B691433039382
:10DE3000344B0493344B0593344B079301F03CBFB0
:10DE4000274B1B689B690393314B0493314B05931C
:10DE5000264B079301F030BF214B1B689B6944336D
:10DE60000393204B0493204B0593204B079301F021
:10DE700023BF1B4B1B689B6948330393194B0493C7
:10DE8000194B0593194B079301F016BF144B1B68F0
:10DE90009B6938330393134B0493134B0593134B34
:10DEA000079301F009BF0E4B1B689B695633039320
:10DEB000114B0493114B0593114B079301F0FCBEDA
:10DEC000074B1B689B69DB6803F562530C330393B4
:10DED000044B0493044B0593044B079301F0ECBEF1
:10DEE0001C1B002089B1010891B101088C8F002012
:10DEF000A9B90108B1020208A9B10108ADB1010830
:10DF0000788F002011B2010815B20108B08E0020F0
:10DF10009DB90108C90202088A4B1B689B69DB682E
:10DF200003F5625311330393874B0493874B059397
:10DF3000874B079301F0C0BE824B1B689B69DB686F
:10DF400003F56253133303937F4B04937F4B059385
:10DF50007F4B079301F0B0BE7A4B1B689B69DB686F
:10DF600003F5625310330393774B0493774B059378
:10DF7000774B079301F0A0BE724B1B689B69DB686F
:10DF800003F56253123303936F4B04936F4B059366
:10DF90006F4B079301F090BE6A4B1B689B69DB686F
:10DFA00003936C4B04936C4B05936C4B079301F0FC
:10DFB00083BE644B1B689B69DB6801330393684B2A
:10DFC0000493684B0593684B079301F075BE5D4B56
:10DFD0001B689B69DB6804330393644B0493644BB5
:10DFE0000593644B079301F067BE564B1B689B6912
:10DFF000DB68083303935D4B04935D4B05935D4BE6
:10E00000079301F059BE4F4B1B689B69DB680C33CB
:10E010000393564B0493564B0593564B079301F0CD
:10E020004BBE484B1B689B69DB68103303934F4B17
:10E0300004934F4B05934F4B079301F03DBE414B6B
:10E040001B689B69DB6814330393484B0493484B6C
:10E050000593484B079301F02FBE3A4B1B689B6911
:10E06000DB6818330393414B0493414B0593414BB9
:10E07000079301F021BE334B1B689B69DB681C339F
:10E0800003933A4B04933A4B05933A4B079301F0B1
:10E0900013BE2C4B1B689B69DB68203303932A4B10
:10E0A00004932A4B05932A4B079301F005BE254B99
:10E0B0001B689B69DB68243303932C4B04932C4B24
:10E0C00005932C4B079301F0F7BD1E4B1B689B6912
:10E0D000DB6830330393254B0493254B0593254B85
:10E0E000079301F0E9BD174B1B689B69DB68283378
:10E0F00003931E4B04931E4B05931E4B079301F095
:10E10000DBBD104B1B689B69DB6803F5625314335E
:10E110000393194B0493194B0593194B079301F083
:10E12000CBBD084B1B689B69DB6803F56253183352
:10E1300003930E4B04930E4B05930E4B079301F084
:10E14000BBBD00BF1C1B0020A9B10108ADB1010877
:10E15000788F002019B201081DB201089C8E0020A2
:10E1600021B2010825B20108888E002089B101087A
:10E1700091B101088C8F002029B201082DB201084D
:10E18000748E00208B4B1B689B69DB6803F5625320
:10E190001C330393884B0493884B0593884B079358
:10E1A00001F08ABD834B1B689B69DB680393854B39
:10E1B0000493854B0593854B079301F07DBD7D4B03
:10E1C0001B689B69DB6803F5615338330393804B0D
:10E1D0000493804B0593804B079301F06DBD754B05
:10E1E0001B689B69DB6803F561533C3303937B4BEE
:10E1F00004937B4B0593754B079301F05DBD6D4B0D
:10E200001B689B69DB6803F562530393734B0493AC
:10E21000734B05936D4B079301F04EBD654B1B6827
:10E220009B69DB6803F5625308330393684B0493DF
:10E23000684B0593684B079301F03EBD5D4B1B682F
:10E240009B6904330393654B0493654B05935F4BC4
:10E25000079301F031BD574B1B689B69083303934B
:10E260005B4B04935B4B05935B4B079301F024BD21
:10E27000504B1B681B69143303935A4B04935A4B3E
:10E2800005935A4B079301F017BD4A4B1B681B6956
:10E2900040330393564B0493564B0593564B0793C9
:10E2A00001F00ABD434B1B681B69DB680393534BAA
:10E2B0000493534B0593534B079301F0FDBC3D4B27
:10E2C0001B681B69DB6803934F4B04934F4B05930B
:10E2D000414B079301F0F0BC364B1B681B69DB68B0
:10E2E00003934B4B04934B4B05933B4B079301F02C
:10E2F000E3BC304B1B681B69DB680393464B0493FC
:10E30000464B0593464B079301F0D6BC294B1B683F
:10E310001B69DB68043303932D4B04932D4B05934A
:10E320002D4B079301F0C8BC224B1B681B69DB68AF
:10E33000083303932E4B04932E4B05932E4B0793D8
:10E3400001F0BABC1B4B1B681B69DB680C330393E1
:10E35000274B0493274B0593274B079301F0ACBC45
:10E36000144B1B681B69DB6803932E4B04932E4BE5
:10E370000593194B079301F09FBC0E4B1B681B695B
:10E38000DB6810330393154B0493154B05930F4B28
:10E39000079301F091BC074B1B681B69DB681433C2
:10E3A00003930B4B04930B4B05930B4B079301F01B
:10E3B00083BC00BF1C1B002029B201082DB201083C
:10E3C000748E002091B90108E50202088C8F0020AC
:10E3D000A9B10108ADB10108788F002089B1010809
:10E3E00091B1010831B2010835B20108608E0020F8
:10E3F00001B2010805B20108D88E00203DB2010823
:10E4000041B201084C8E002085B90108FD020208C6
:10E410007DB901081D03020871B90108350302081E
:10E42000148F002069B901084D030208874B1B684F
:10E430001B69DB680393864B0493864B0593864BDD
:10E44000079301F039BC814B1B681B69DB681833EB
:10E450000393824B0493824B05937F4B079301F008
:10E460002BBC7A4B1B681B69DB681C3303937B4B0B
:10E4700004937B4B0593784B079301F01DBC734BC2
:10E480001B681B69DB6820330393744B0493744B44
:10E490000593714B079301F00FBC6C4B1B681B6914
:10E4A000DB68293303936F4B04936F4B05936F4BDA
:10E4B000079301F001BC654B1B681B69DB682A33BD
:10E4C0000393684B0493684B0593684B079301F0E3
:10E4D000F3BB5E4B1B681B69DB682E330393644BF5
:10E4E0000493644B0593644B079301F0E5BB574BD2
:10E4F0001B681B69DB68303303935D4B04935D4BF2
:10E5000005935D4B079301F0D7BB504B1B681B690C
:10E5100004330393594B0493594B0593594B079379
:10E5200001F0CABB494B1B685B6908330393564B28
:10E530000493564B0593564B079301F0BDBB434BD9
:10E540001B685B690C330393444B0493444B059362
:10E55000414B079301F0B0BB3C4B1B685B69103328
:10E5600003933E4B04933E4B05933B4B079301F0C3
:10E57000A3BB364B1B685B6914330393374B04937F
:10E58000374B0593344B079301F096BB2F4B1B6819
:10E590005B695B680393314B0493314B05932E4BBE
:10E5A000079301F089BB294B1B685B695B680433E7
:10E5B00003932A4B04932A4B0593274B079301F0AF
:10E5C0007BBB224B1B685B695B6808330393234B5F
:10E5D0000493234B0593204B079301F06DBB1B4B1A
:10E5E0001B689B6A5B6803931C4B04931C4B05934D
:10E5F000194B079301F060BB144B1B689B6A5B6867
:10E6000004330393154B0493154B0593124B079357
:10E6100001F052BB0D4B1B689B6A5B680833039388
:10E620000E4B04930E4B05930B4B079301F044BB29
:10E63000064B1B68DB6A1B680393164B0493164B4F
:10E6400005930D4B079301F037BB00BF1C1B002047
:10E6500061B90108690302088C8F002089B10108A3
:10E6600091B10108A9B10108ADB10108788F00206E
:10E6700045B2010849B20108148F002001B2010817
:10E6800005B20108D88E00204DB2010851B2010830
:10E69000388E002055B901087D030208884B1B689D
:10E6A000DB6A1B680393874B0493874B0593874B67
:10E6B000079301F001BB824B1B68DB6A1B68039365
:10E6C000834B0493834B0593834B079301F0F4BA78
:10E6D0007B4B1B68DB6A1B680B3303937F4B0493F4
:10E6E0007F4B0593794B079301F0E6BA744B1B6897
:10E6F000DB6A1B680C330393784B0493784B0593C8
:10E70000724B079301F0D8BA6D4B1B68DB6A1B682C
:10E710000393744B0493744B0593744B079301F06C
:10E72000CBBA674B1B681B6B1B680393704B04933E
:10E73000704B0593704B079301F0BEBA604B1B689A
:10E740001B6B1B6803935F4B04935F4B05935F4BFD
:10E75000079301F0B1BA5A4B1B681B6B1B680393FC
:10E760005B4B04935B4B05935B4B079301F0A4BA9F
:10E77000534B1B681B6B1B680B330393574B049362
:10E78000574B0593514B079301F096BA4C4B1B68BE
:10E790001B6B1B680C330393504B0493504B059336
:10E7A0004A4B079301F088BA454B1B681B6B1B68EB
:10E7B00003934C4B04934C4B05934C4B079301F044
:10E7C0007BBA3F4B5B68503303934C4B04934C4BE9
:10E7D00005934C4B079301F06FBA394B5B68663376
:10E7E0000393494B0493494B0593494B079301F01D
:10E7F00063BA334B5B687D330393384B0493384BD8
:10E800000593324B079301F057BA2D4B5B68DB68D9
:10E810000393324B0493324B05932C4B079301F037
:10E820004BBA274B5B68DB68013303932B4B049394
:10E830002B4B0593254B079301F03EBA204B5B68A9
:10E84000DB6802330393254B0493254B05931F4B41
:10E85000079301F031BA1A4B5B68DB68033303930B
:10E860001E4B04931E4B0593184B079301F024BADB
:10E87000134B5B68DB6804330393184B0493184B0A
:10E880000593124B079301F017BA0D4B5B68DB68D9
:10E8900005330393114B0493114B05930B4B0793D3
:10E8A00001F00ABA064B5B68DB68063303930B4B37
:10E8B00004930B4B0593054B079301F0FDB900BF83
:10E8C0001C1B00204DB9010895030208788F002019
:10E8D00089B1010891B101088C8F0020A9B101080C
:10E8E000ADB1010845B90108AD030208648F0020ED
:10E8F00055B901087D030208148F0020CDB101082D
:10E90000D1B101083C8F0020D9B10108DDB1010867
:10E91000288F00208D4B5B68DB68073303938C4B9B
:10E9200004938C4B05938C4B079301F0C5B9874B2F
:10E930005B68DB6808330393884B0493884B05932B
:10E94000884B079301F0B8B9804B5B68DB680C33E8
:10E950000393824B0493824B0593824B079301F000
:10E96000ABB97A4B5B68DB6810330393784B049345
:10E97000784B0593784B079301F09EB9734B5B6816
:10E98000DB680393784B0493784B0593784B07939C
:10E9900001F092B96D4B5B68DB680393754B049390
:10E9A000754B0593724B079301F086B9674B5B6813
:10E9B000DB6818330393694B0493694B0593694BE8
:10E9C000079301F079B9614B5B68DB681C330393F3
:10E9D000624B0493624B0593624B079301F06CB951
:10E9E0005A4B5B68DB68203303935C4B04935C4BAE
:10E9F00005935C4B079301F05FB9544B5B68DB6890
:10EA000024330393554B0493554B0593554B079370
:10EA100001F052B94D4B5B68DB68283303934F4BD1
:10EA200004934F4B05934F4B079301F045B9474B68
:10EA30005B68DB6834330393484B0493484B05937E
:10EA4000484B079301F038B9404B5B68DB683833BB
:10EA50000393424B0493424B0593424B079301F0BF
:10EA60002BB93A4B5B68DB683C3303933B4B049315
:10EA70003B4B05933B4B079301F01EB9334B5B684F
:10EA8000DB6840330393354B0493354B0593354B8B
:10EA9000079301F011B92D4B5B68DB684433039396
:10EAA0002E4B04932E4B05932E4B079301F004B984
:10EAB000264B5B68DB6848330393284B0493284B51
:10EAC0000593284B079301F0F7B8204B5B68DB6890
:10EAD0004C3303931E4B04931E4B05931E4B07931D
:10EAE00001F0EAB8194B5B68DB684D330393184BB0
:10EAF0000493184B0593184B079301F0DDB8134BA3
:10EB00005B68DB684E330393114B0493114B059301
:10EB1000114B079301F0D0B80C4B5B68DB685033A6
:10EB200003930E4B04930E4B05930E4B079301F08A
:10EB3000C3B8064B5B68DB6854330393074B0493FD
:10EB4000074B0593074B079301F0B6B81C1B002039
:10EB5000A9B10108ADB10108788F002089B1010881
:10EB600091B101088C8F0020E1B90108110202085F
:10EB7000148F0020D9B90108290202088A4B5B686A
:10EB8000DB6858330393894B0493894B0593894B76
:10EB9000079301F091B8844B5B68DB685C330393A7
:10EBA000824B0493824B0593824B079301F084B808
:10EBB0007D4B5B68DB68603303937C4B04937C4B39
:10EBC00005937C4B079301F077B8774B5B68DB6864
:10EBD00064330393754B0493754B0593754B0793FF
:10EBE00001F06AB8704B5B68DB6868330393724B63
:10EBF0000493724B0593724B079301F05DB86A4B17
:10EC00005B68DB68693303936B4B04936B4B059331
:10EC10006B4B079301F050B8634B5B68DB686A335A
:10EC20000393654B0493654B0593654B079301F084
:10EC300043B85D4B5B68DB686C330393614B0493B3
:10EC4000614B0593614B079301F036B8564B5B68F7
:10EC5000DB6870330393584B0493584B0593584B20
:10EC6000079301F029B8504B5B68DB68743303935A
:10EC7000544B0493544B0593544B079301F01CB829
:10EC8000494B5B68DB68783303934E4B04934E4BE0
:10EC900005934E4B079301F00FB8434B5B68DB695C
:10ECA000203303934A4B04934A4B05934A4B0793F3
:10ECB00001F002B83C4B5B68DB699B6A03933B4BFA
:10ECC00004933B4B05933B4B079300F0F5BF364B4A
:10ECD0005B68DB699B6A04330393344B0493344BC6
:10ECE0000593344B079300F0E7BF2F4B5B68DB695C
:10ECF0009B6A08330393304B0493304B0593304B9E
:10ED0000079300F0D9BF284B5B681B6A203303933D
:10ED10002F4B04932F4B05932F4B079300F0CCBF41
:10ED2000214B5B681B6A9B6A03932C4B04932C4B0F
:10ED300005932C4B079300F0BFBF1B4B5B681B6A0E
:10ED40009B6A0393194B0493194B0593194B079333
:10ED500000F0B2BF144B5B681B6A9B6A04330393D9
:10ED6000124B0493124B0593124B079300F0A4BF70
:10ED70000D4B5B681B6A9B6A083303930B4B049330
:10ED80000B4B05930B4B079300F096BF064B5B684C
:10ED90001B6A9B6A0C330393044B0493044B059347
:10EDA000044B079300F088BF1C1B002089B10108A9
:10EDB00091B101088C8F0020A9B10108ADB1010803
:10EDC000788F0020B5B10108B9B10108648F002027
:10EDD000E5B10108E9B10108008F0020D1B90108AF
:10EDE00041020208148F0020894B5B681B6A9B6AF2
:10EDF00014330393874B0493874B0593874B0793F7
:10EE000000F05ABF824B5B681B6A9B6A18330393FE
:10EE1000804B0493804B0593804B079300F04CBFCD
:10EE20007B4B5B681B6A9B6A1C3303937C4B04938C
:10EE30007C4B05937C4B079300F03EBF744B5B68A3
:10EE40005B6A64330393794B0493794B0593794B55
:10EE5000079300F031BF6E4B5B685B6A70330393BE
:10EE60006C4B04936C4B05936C4B079300F024BFE1
:10EE7000674B5B685B6A74330393664B0493664B22
:10EE80000593664B079300F017BF614B5B685B6AA5
:10EE9000783303935F4B04935F4B05935F4B07936A
:10EEA00000F00ABF5A4B5B685B6A7C330393594B93
:10EEB0000493594B0593594B079300F0FDBE544BF7
:10EEC0005B685B6A80330393524B0493524B059308
:10EED000524B079300F0F0BE4D4B5B685B6A843386
:10EEE00003934C4B04934C4B05934C4B079300F00E
:10EEF000E3BE474B5B685B6A88330393454B0493DF
:10EF0000454B0593454B079300F0D6BE404B5B68DD
:10EF10005B6A8C3303933F4B04933F4B05933F4B0A
:10EF2000079300F0C9BE3A4B5B685B6A903303936A
:10EF3000384B0493384B0593384B079300F0BCBE15
:10EF4000334B5B685B6A94330393324B0493324BCD
:10EF50000593324B079300F0AFBE2D4B5B685B6AA5
:10EF6000983303932B4B04932B4B05932B4B079315
:10EF700000F0A2BE264B5B685B6AA0330393254B6F
:10EF80000493254B0593254B079300F095BE204B2A
:10EF90005B685B6AA43303931E4B04931E4B05937B
:10EFA0001E4B079300F088BE194B5B685B6AA83361
:10EFB0000393184B0493184B0593184B079300F0D9
:10EFC0007BBE134B5B685B6AB4330393114B0493B2
:10EFD000114B0593114B079300F06EBE0C4B5B6811
:10EFE0005B6ABC3303930B4B04930B4B05930B4BA6
:10EFF000079300F061BE064B5B685B6A1B6A039374
:10F000000D4B04930D4B0593074B079300F054BE33
:10F010001C1B002089B1010891B101088C8F0020D0
:10F02000A9B10108ADB10108788F0020EDB1010848
:10F03000F1B10108EC8E0020C9B90108650202088F
:10F040008A4B5B685B6A1B6A04330393884B0493A7
:10F05000884B0593884B079300F02EBE834B5B686B
:10F060005B6A1B6A08330393844B0493844B0593B8
:10F07000844B079300F020BE7C4B5B685B6A1B6A85
:10F080000C3303937D4B04937D4B05937D4B07938A
:10F0900000F012BE754B5B685B6A1B6A03937A4B88
:10F0A00004937A4B0593774B079300F005BE6F4BA3
:10F0B0005B685B6A1B6A0393754B0493754B0593FE
:10F0C000704B079300F0F8BD684B5B685B6A1B6A86
:10F0D00018330393694B0493694B0593694B07936A
:10F0E00000F0EABD614B5B685B6A1B6A1C330393EB
:10F0F0005F4B04935F4B05935F4B079300F0DCBDC0
:10F100005A4B5B685B6A1B6A20330393624B049320
:10F11000624B0593624B079300F0CEBD534B5B6887
:10F120005B6A1B6A24330393544B0493544B05933B
:10F13000544B079300F0C0BD4C4B5B685B6A1B6A85
:10F14000283303934D4B04934D4B05934D4B07933D
:10F1500000F0B2BD454B5B685B6A1B6A2C330393BE
:10F16000464B0493464B0593464B079300F0A4BDD2
:10F170003E4B5B685B6A1B6A383303933F4B0493D7
:10F180003F4B05933F4B079300F096BD374B5B68B1
:10F190005B6A1B6A3C330393384B0493384B0593EB
:10F1A000384B079300F088BD304B5B685B6A1B6A85
:10F1B00030330393314B0493314B0593314B079319
:10F1C00000F07ABD294B5B685B6A1B6A0393354B81
:10F1D0000493354B05932B4B079300F06DBD234BE8
:10F1E0005B685B6A1B6A40330393244B0493244B94
:10F1F0000593244B079300F05FBD1C4B5B685B6A73
:10F200001B6A443303931D4B04931D4B05931D4B05
:10F21000079300F051BD154B5B685B6A1B6A48336E
:10F220000393164B0493164B0593164B079300F06C
:10F2300043BD0E4B5B685B6A1B6A4C3303931B4BED
:10F2400004931B4B05931B4B079300F035BD074BF5
:10F250005B685B6A1B6A50330393084B0493084B4B
:10F260000593084B079300F027BD00BF1C1B00202F
:10F2700001B2010805B20108D88E002089B1010849
:10F2800091B101088C8F0020C1B9010881020208E8
:10F29000B5B901089902020809B201080DB20108C6
:10F2A000C48E0020A9B90108B1020208A9B1010861
:10F2B000ADB10108788F00208B4B5B685B6A1B6ADD
:10F2C00054330393894B0493894B0593894B0793DC
:10F2D00000F0F2BC844B5B689B6914330393864B4C
:10F2E0000493864B0593864B079300F0E5BC7E4B59
:10F2F0005B689B690393834B0493834B05937D4B1E
:10F30000079300F0D9BC784B5B689B694433039347
:10F31000764B0493764B0593764B079300F0CCBC69
:10F32000714B5B689B6948330393704B0493704B3C
:10F330000593704B079300F0BFBC6B4B5B689B69F8
:10F3400038330393694B0493694B0593694B0793D7
:10F3500000F0B2BC644B5B689B69563303936B4B04
:10F3600004936B4B05936B4B079300F0A5BC5E4B6E
:10F370005B689B69DB6803F562530C3303935B4B5B
:10F3800004935B4B05935B4B079300F095BC564B86
:10F390005B689B69DB6803F56253113303935B4B36
:10F3A00004935B4B05935B4B079300F085BC4E4B7E
:10F3B0005B689B69DB6803F5625313330393534B1C
:10F3C0000493534B0593534B079300F075BC464B86
:10F3D0005B689B69DB6803F56253103303934B4B07
:10F3E00004934B4B05934B4B079300F065BC3E4B8E
:10F3F0005B689B69DB6803F5625312330393434BED
:10F400000493434B0593434B079300F055BC364B95
:10F410005B689B69DB6803933F4B04933F4B059309
:10F420003F4B079300F048BC2F4B5B689B69DB6840
:10F43000013303933B4B04933B4B05933B4B0793A7
:10F4400000F03ABC284B5B689B69DB68043303938C
:10F45000264B0493264B0593264B079300F02CBCB8
:10F46000214B5B689B69DB68083303931F4B049354
:10F470001F4B05931F4B079300F01EBC1A4B5B6894
:10F480009B69DB680C330393184B0493184B05936B
:10F49000184B079300F010BC134B5B689B69DB684B
:10F4A00010330393114B0493114B0593114B0793A6
:10F4B00000F002BC0C4B5B689B69DB681433039360
:10F4C0000A4B04930A4B05930A4B0793F4E3064B4C
:10F4D0005B689B69DB6818330393044B0493044B0C
:10F4E0000593044B0793E7E31C1B002089B1010837
:10F4F00091B101088C8F002011B2010815B20108EA
:10F50000B08E00209DB90108C9020208A9B1010806
:10F51000ADB10108788F002019B201081DB20108B1
:10F520009C8E002021B2010825B20108888E00209F
:10F53000844B5B689B69DB681C330393824B0493A9
:10F54000824B0593824B0793B6E37E4B5B689B69C6
:10F55000DB68203303937F4B04937F4B05937F4BF2
:10F560000793A9E3774B5B689B69DB6824330393BC
:10F57000754B0493754B0593754B07939CE3714B47
:10F580005B689B69DB68303303936F4B04936F4B6D
:10F5900005936F4B07938FE36A4B5B689B69DB684E
:10F5A00028330393684B0493684B0593684B079388
:10F5B00082E3644B5B689B69DB6803F56253143339
:10F5C0000393674B0493674B0593674B079373E370
:10F5D0005C4B5B689B69DB6803F5625318330393EC
:10F5E000594B0493594B0593594B079364E3554B7F
:10F5F0005B689B69DB6803F562531C330393584BCC
:10F600000493584B0593584B079355E34D4B5B6858
:10F610009B69DB680393554B0493554B05934C4B07
:10F62000079349E3474B5B689B69DB6803F56153CC
:10F6300038330393474B0493474B0593474B07934A
:10F640003AE3404B5B689B69DB6803F561533C33ED
:10F6500003933D4B04933D4B05933D4B07932BE3A5
:10F66000384B5B689B69DB6803F562530393364B49
:10F670000493364B0593364B07931DE3314B5B6880
:10F680009B69DB6803F5625308330393314B0493A2
:10F69000314B0593314B07930EE32A4B5B689B6913
:10F6A00004330393284B0493284B0593284B07936B
:10F6B00002E3244B5B689B6908330393254B049357
:10F6C000254B0593254B0793F6E21E4B5B681B69A0
:10F6D00014330393274B0493274B0593274B07932E
:10F6E000EAE2184B5B681B6940330393244B049395
:10F6F000244B0593244B0793DEE2124B5B681B6996
:10F70000DB680393214B0493214B0593214B079313
:10F71000D2E20C4B5B681B69DB6803931E4B0493BE
:10F720001E4B05930D4B0793C6E2064B5B681B69A6
:10F73000DB6803931A4B04931A4B0593074B07930B
:10F74000BAE200BF1C1B002089B1010891B1010879
:10F750008C8F0020A9B10108ADB10108788F00207D
:10F7600029B201082DB20108748E002091B9010858
:10F77000E502020831B2010835B20108608E0020AE
:10F7800001B2010805B20108D88E00203DB201087F
:10F7900041B201084C8E002085B90108FD02020823
:10F7A0007DB901081D0302087D4B5B681B69DB689E
:10F7B00003937C4B04937C4B05937C4B07937BE238
:10F7C000774B5B681B69DB6804330393784B0493C6
:10F7D000784B0593784B07936EE2714B5B681B691E
:10F7E000DB6808330393754B0493754B0593754B96
:10F7F000079361E26A4B5B681B69DB680C33039318
:10F800006E4B04936E4B05936E4B079354E2644B1F
:10F810005B681B69DB6803936B4B04936B4B05932D
:10F82000654B079348E25E4B5B681B69DB681033EE
:10F830000393674B0493674B0593674B07933BE236
:10F84000574B5B681B69DB6814330393584B049375
:10F85000584B0593584B07932EE2514B5B681B693D
:10F86000DB6803935D4B04935D4B05935A4B079301
:10F8700022E24B4B5B681B69DB6818330393544BE4
:10F880000493544B0593544B079315E2444B5B6828
:10F890001B69DB681C3303934D4B04934D4B05935D
:10F8A0004D4B079308E23E4B5B681B69DB682033D6
:10F8B0000393474B0493474B0593474B0793FBE157
:10F8C000374B5B681B69DB6829330393384B049320
:10F8D000384B0593384B0793EEE1314B5B681B695E
:10F8E000DB682A330393324B0493324B0593324B3C
:10F8F0000793E1E12A4B5B681B69DB682E330393B6
:10F90000384B0493384B0593284B0793D4E1244B91
:10F910005B681B69DB6830330393324B0493324BD3
:10F920000593224B0793C7E11D4B5B681B690433AA
:10F930000393224B0493224B0593224B0793BBE185
:10F94000174B5B685B6908330393284B0493284B80
:10F950000593284B0793AFE1114B5B685B690C3350
:10F9600003931B4B04931B4B05931B4B0793A3E182
:10F970000B4B5B685B6910330393154B0493154B7A
:10F980000593154B079397E1054B5B685B6914334F
:10F9900003930F4B04930F4B05930F4B07938BE18E
:10F9A0001C1B002071B9010835030208148F0020C8
:10F9B000A9B10108ADB10108788F002001B201089A
:10F9C00005B20108D88E002069B901084D0302086C
:10F9D00089B1010891B101088C8F002061B901083B
:10F9E0006903020845B2010849B201084DB2010895
:10F9F00051B20108388E0020804B5B685B695B6800
:10FA000003937F4B04937F4B05937F4B079353E105
:10FA10007A4B5B685B695B6804330393784B0493B0
:10FA2000784B0593784B079346E1744B5B685B69B1
:10FA30005B6808330393724B0493724B0593724BCC
:10FA4000079339E16D4B5B689B6A5B6803936C4B72
:10FA500004936C4B05936C4B07932DE1674B5B68EC
:10FA60009B6A5B6804330393654B0493654B059372
:10FA7000654B079320E1614B5B689B6A5B680833C9
:10FA800003935F4B04935F4B05935F4B079313E125
:10FA90005A4B5B68DB6A1B6803935C4B04935C4BBB
:10FAA00005935C4B079307E1544B5B68DB6A1B686B
:10FAB0000393594B0493594B0593594B0793FBE020
:10FAC0004E4B5B68DB6A1B6803934D4B04934D4BB5
:10FAD00005934D4B0793EFE0484B5B68DB6A1B686F
:10FAE0000B3303934F4B04934F4B05934C4B0793AE
:10FAF000E2E0424B5B68DB6A1B680C330393494BC3
:10FB00000493494B0593464B0793D5E03B4B5B6809
:10FB1000DB6A1B680393454B0493454B0593454BA8
:10FB20000793C9E0354B5B681B6B1B680393374B2E
:10FB30000493374B0593374B0793BDE02F4B5B681E
:10FB40001B6B1B680393344B0493344B0593344B6A
:10FB50000793B1E0294B5B681B6B1B680393284B31
:10FB60000493284B0593284B0793A5E0234B5B6830
:10FB70001B6B1B680B3303932A4B04932A4B05938F
:10FB8000274B079398E01D4B5B681B6B1B680C337E
:10FB90000393244B0493244B0593214B07938BE051
:10FBA000164B5B681B6B1B680393204B0493204B25
:10FBB0000593204B07937FE01F4B1B681033039383
:10FBC0001E4B04931E4B05931E4B079374E01A4B78
:10FBD0001B685B6903931C4B04931C4B0593154BEB
:10FBE000079369E0144B1B685B6904330393184B5C
:10FBF0000493184B0593184B07935DE01C1B0020E2
:10FC000089B1010891B101088C8F002055B9010814
:10FC10007D030208148F00204DB9010895030208E6
:10FC2000788F0020A9B10108ADB1010845B90108DC
:10FC3000AD030208648F0020181B002055B2010894
:10FC400059B20108248E0020B5B10108B9B10108EC
:10FC50005DB2010861B20108108E0020224B1B68C2
:10FC600004330393214B0493214B0593214B0793BA
:10FC700022E0214B03931D4B04931D4B05931D4B19
:10FC8000079319E01D4B03931D4B04931D4B0593E4
:10FC90001D4B079310E01D4B0393144B0493144B1F
:10FCA0000593144B079307E0194B03930F4B0493F1
:10FCB0000F4B05930F4B0793079800283CF46CAF4C
:10FCC000144A15496FF001030AF0BCFF00283CF408
:10FCD00063AF0368B0EE480A1B6803A9984709B0F0
:10FCE000BDEC028B5DF804FB181B0020B5B10108C8
:10FCF000B9B10108648F0020141B00209419002062
:10FD000001B2010805B20108D88E00209C1900201C
:10FD1000A41900205CDD020818DD02080B6872B12E
:10FD20009A4211D918700B6801339A420B600BD9B3
:10FD3000001218700B68012003440B6070471870A4
:10FD40000B6801330B60F3E70020704730B40023E9
:10FD50000C681D460AB1A2420ED914F801CB0C6002
:10FD60000CFA03FC0833202B45EA0C05F2D10123E1
:10FD70000560037130BC7047002330BC03717047CD
:10FD800000B50B684FF0000C40FA0CFE0CF1080CAB
:10FD90000AB19A420BD983F800E00B68BCF1200F3E
:10FDA00003F101030B60EFD101205DF804FB00209B
:10FDB0005DF804FB70B582B00446D0E90003ADF8ED
:10FDC0000410C1F307269847054626B1A3689DF89D
:10FDD000041020689847284602B070BD37B5104619
:10FDE0000D4601AA0B49E0F721FD012801D00020B2
:10FDF0000DE0019B8DF80500003B18BF01238DF835
:10FE00000430044601992846FFF7D4FF204603B08A
:10FE100030BD00BF72DC0208A0F10400DEE700BFC5
:10FE200013B5B5EEC00AF1EE10FAACBF0123002302
:10FE300001248DF804308DF8054008460199FFF73C
:10FE4000B9FF204602B010BD70B582B00446D0E9BB
:10FE50000003ADF80410C1F307269847054626B104
:10FE6000A3689DF8041020689847284602B070BD2A
:10FE700037B50D4610460DF10301FBF7A9FB04460B
:10FE800050B19DF803308DF8043001238DF8053012
:10FE900001992846FFF7D8FF204603B030BD00BFC8
:10FEA000A0F10400E4E700BF70B582B00446D0E9D9
:10FEB0000003ADF80410C1F307269847054626B1A4
:10FEC000A3689DF8041020689847284602B070BDCA
:10FED00037B50D4610460DF10301FBF779FB0446DB
:10FEE00050B19DF803308DF8043001238DF80530B2
:10FEF00001992846FFF7D8FF204603B030BD00BF68
:10FF0000A0F10400E4E700BF70B582B00446D0E978
:10FF10000003ADF80410C1F307269847054626B143
:10FF2000A3689DF8041020689847284602B070BD69
:10FF300037B50D4610460DF10301FBF749FB0446AA
:10FF400050B19DF803308DF8043001238DF8053051
:10FF500001992846FFF7D8FF204603B030BD00BF07
:10FF6000A0F10400E4E700BF70B582B00446D0E918
:10FF70000003ADF80410C1F307269847054626B1E3
:10FF8000A3689DF8041020689847284602B070BD09
:10FF900037B50D4610460DF10301FBF719FB04467A
:10FFA00050B19DF803308DF8043001238DF80530F1
:10FFB00001992846FFF7D8FF204603B030BD00BFA7
:10FFC000A0F10400E4E700BF70B582B00446D0E9B8
:10FFD0000003ADF80410C1F307269847054626B183
:10FFE000A3689DF8041020689847284602B070BDA9
:10FFF00037B50D4610460DF10301FBF7E9FA04464B
:020000040802F0
:1000000050B19DF803308DF8043001238DF8053090
:1000100001992846FFF7D8FF204603B030BD00BF46
:10002000A0F10400E4E700BF70B582B00446D0E957
:100030000003ADF80410C1F307269847054626B122
:10004000A3689DF8041020689847284602B070BD48
:1000500037B50D4610460DF10301FBF7B9FA04461A
:1000600050B19DF803308DF8043001238DF8053030
:1000700001992846FFF7D8FF204603B030BD00BFE6
:10008000A0F10400E4E700BF70B582B00446D0E9F7
:100090000003ADF80410C1F307269847054626B1C2
:1000A000A3689DF8041020689847284602B070BDE8
:1000B00037B50D4610460DF10301FBF789FA0446EA
:1000C00050B19DF803308DF8043001238DF80530D0
:1000D00001992846FFF7D8FF204603B030BD00BF86
:1000E000A0F10400E4E700BF70B582B00446D0E997
:1000F0000003ADF80410C1F307269847054626B162
:10010000A3689DF8041020689847284602B070BD87
:1001100037B50D4610460DF10301FBF759FA0446B9
:1001200050B19DF803308DF8043001238DF805306F
:1001300001992846FFF7D8FF204603B030BD00BF25
:10014000A0F10400E4E700BF70B582B00446D0E936
:100150000003ADF80410C1F307269847054626B101
:10016000A3689DF8041020689847284602B070BD27
:1001700037B50D4610460DF10301FBF729FA044689
:1001800050B19DF803308DF8043001238DF805300F
:1001900001992846FFF7D8FF204603B030BD00BFC5
:1001A000A0F10400E4E700BF70B582B00446D0E9D6
:1001B0000003ADF80410C1F307269847054626B1A1
:1001C000A3689DF8041020689847284602B070BDC7
:1001D00037B50D4610460DF10301FBF7F9F904465A
:1001E00050B19DF803308DF8043001238DF80530AF
:1001F00001992846FFF7D8FF204603B030BD00BF65
:10020000A0F10400E4E700BFC86F4A82F5F75EBBC7
:1002100008B50A4601460020FFF7F6FF08BD00BFFB
:10022000C86F8A82F5F752BB08B50A46014600201E
:10023000FFF7F6FF08BD00BF086A0A82F7F728BB80
:1002400008B50A4601460020FFF7F6FF08BD00BFCB
:100250008B6D0A7093F867200AB91A6A127883F8CE
:100260006720704708B50A4601460020FFF7F0FFF7
:1002700008BD00BF886D81ED040AF6F76DBC000073
:1002800008B501460020FFF7F5FF08BD886D81ED38
:10029000050AF6F761BC000008B501460020FFF72B
:1002A000F5FF08BD886D81ED0D0AF6F755BC00001D
:1002B00008B501460020FFF7F5FF08BD012381EDD9
:1002C000100A81F85430704708B501460020FFF746
:1002D000F5FF08BD81ED0B0A01F54051D1F8A008EA
:1002E000F8F754BC08B501460020FFF7F3FF08BD3E
:1002F0000B468A70586B0021F7F7ECBB08B50A462D
:1003000001460020FFF7F4FF08BD00BF0B4681F84F
:100310002820586B0021F7F7DDBB000008B50A461E
:1003200001460020FFF7F2FF08BD00BF486B8A8539
:10033000F7F7D2BF08B50A4601460020FFF7F6FFDF
:1003400008BD00BF486BCA70F7F710BC08B50A4675
:1003500001460020FFF7F6FF08BD00BF486B81EDA6
:10036000090AF7F7D5BB000008B501460020FFF7E2
:10037000F5FF08BD08690A81F8F7C0BA08B50A4652
:1003800001460020FFF7F6FF08BD00BF08698A722A
:10039000F8F7B4BA08B50A4601460020FFF7F6FFA1
:1003A00008BD00BF08694A60F8F7A8BA08B50A4650
:1003B00001460020FFF7F6FF08BD00BF034607C94E
:1003C0004FF0010C83E8070083F80CC01846704713
:1003D000034607C94FF0010C83E8070083F80CC0FF
:1003E00018467047034607C94FF0010C83E8070021
:1003F00083F80CC018467047034607C94FF0010C3C
:1004000083E8070083F80CC018467047034607C905
:100410004FF0010C83E8070083F80CC018467047C2
:10042000034607C94FF0010C83E8070083F80CC0AE
:1004300018467047034607C94FF0010C83E80700D0
:1004400083F80CC018467047034607C94FF0010CEB
:1004500083E8070083F80CC0184670472DE9F04187
:1004600040F225238EB00D4614460027984206F22E
:100470000485DFE810F026022D0234023B0255020B
:100480007A027F0288028D02920297029C02A102E8
:10049000A802C102C702CD02D302D902DF02E502DF
:1004A000EB02F102F702FD02030309030F03150338
:1004B0001B03210327032D03350339033D034403A5
:1004C0004D0356035F037703DF03F7030F0429048B
:1004D00043045D0477048F04A904C304DD04F70416
:1004E00012052C0546058B05A505BF05DA05F405A3
:1004F0000E06290643065D0678069206AC06C70678
:10050000E106FB06290744074C07570770077407E5
:100510007F079907B307CE07E90704081F083A08C1
:1005200055087008A108BE08D908F108090926096C
:10053000430960097D099A09B709D409F109210A1B
:100540003E0A5B0A760A910AAC0AC90AE60A030B5C
:10055000200B3D0B5A0B750B9B0BB60BD30BEE0B05
:100560000B0C280C430C470C640C820C9E0CB90C31
:10057000BD0CD60C090D270D450D630D810D9F0D8A
:10058000BB0DD30DDF0DEB0DEF0DF30D100E2D0E8A
:100590004A0E4E0E7B0E980EB50ED20EEF0E0C0FBD
:1005A000290F460F4A0F670F840FA10FA50FA90F40
:1005B000C60FCA0FE70FF90F04100F101A102510FD
:1005C00030103B10461051105C10671072107D10F7
:1005D0009810B610D410F2100F112C114A117F117F
:1005E0009A11B811D611F411121230124E126B1268
:1005F0008912A712C512F31211132F134913651391
:1006000082139F13A313A713AB13B513D213ED13C8
:100610000D142B14491479149714B114CC14EA1442
:10062000081526154415621580159E15BA15EB158B
:1006300009162716451665168316A016A416C216A7
:10064000CF16EF160E1712173017571774178F178C
:100650009817B017B917C217CC17D617DA17DE17C5
:10066000E217E617EA17EE17F217FC17001804183E
:1006700008182518291841185C1877189018CF18F1
:10068000ED180B192619441960197D199B19B91910
:10069000D719F3190F1A431A5D1A611A7E1A981A9C
:1006A000B51AD21AEF1A0C1B2A1B481B651B831B99
:1006B000A11BBD1BD61BF11B0E1C2A1C461C631C58
:1006C0006C1C851CA01CBD1CD91CF51C121D161D04
:1006D000311D4C1D551D5F1D781D801D8A1DA41DDB
:1006E000BE1DD91DF41D0F1E2A1E451E601E7B1E39
:1006F000AD1ECA1EE51EFD1E151F321F4F1F6C1FAB
:10070000891FA61FC31FE01FFD1F2D204A20672041
:1007100082209D20B820D520F2200F212C214921B4
:1007200066218121A721C221DF21FA21172234224B
:100730004F22532270228E22AA22C522CE22E722E5
:100740001D233B23592377239523B323CF23E7236B
:10075000F223FC2305240E242B24482465246E2434
:100760009B24B824D524F2240F252C254925662561
:100770006F258C25A925C625CF25D825F525072643
:1007800024262F263A26452650265B2666267126E5
:100790007C26872692269D26A826B326CE26EC26E2
:1007A0000A272827452779279727B527D027EE2717
:1007B0000C282A28482866288428A128BF28EF2842
:1007C0000D292929472965297F299B29B829D52958
:1007D000DA29E329E829F2290F2A2A2A5F2A7D2A21
:1007E0009B2AB92AD72AF12A0C2B2A2B482B662BB5
:1007F000842BA22BD32BF12B0D2C2B2C492C672CCB
:10080000852CA52CC32CE02CED2C0B2D182D4D2D5B
:100810006C2D782D962DAB2DC82DE32DE72DFF2DBA
:10082000082E112E1B2E252E2E2E372E402E492E11
:10083000522E5B2E642E6E2E772E802E892EA62EA3
:10084000C32EDB2EF62E112F2A2F462F642F822F38
:100850009D2FBB2FD72FF42F393057307530913063
:10086000AD30C730E130EB30073120313C31583109
:100870007431A731C431E131FD311A3237323F32A0
:10088000573271328D32A832C332DF32E73215333C
:100890002F334B33663381339D33A333AA33C633AF
:1008A000E133FF33073422343B3444345D34643461
:1008B0009334AC34B134CC34E534EE34F334F8341E
:1008C000FD34214628460EB0BDE8F0410AF0F6B8E6
:1008D000B148B249C0692346012206F0B5BAAE4814
:1008E000AE49006A2346012206F0AEBAAC4B07932C
:1008F0000AAEAC4B089307A9AB4B09933046FFF700
:100900005DFD00238DF81830DDE90501CDE90254C5
:100910008DE8030096E80F00FBF7ACFA06F0AEBADC
:100920009D4B986AFAF738FC67680023D4F800C03A
:100930000FB1BC4516D2C3F12006A3F1200520FA61
:1009400003F201FA06F6324321FA05F52A438CF840
:100950000020226808330132402B2260E6D10120BA
:1009600006F08CBA002006F089BA904990482346D8
:10097000012203E08D498F48234601220EB0BDE8D5
:10098000F041FBF7EDB889498B4823460122F5E792
:1009900086498A4823460122F0E78449884823464D
:1009A0000122EBE78149874823460122E6E77F4998
:1009B000854823460122E1E777488449806B234636
:1009C000012201F03EBB744BDB6B07930AAE804BF8
:1009D000089307A97F4B09933046FFF7F9FCCDE94F
:1009E00001540023ADF80030ADF8143096E80F0044
:1009F000FBF7FAF806F042BA774978482346012215
:100A000005F021BA744976482346012205F01BBA45
:100A1000714974482346012205F015BA6E4972489F
:100A20002346012205F00FBA6B4970482346012284
:100A300005F009BA68496E482346012205F003BA59
:100A400065496C482346012205F0FDB962496A48B0
:100A50002346012205F0F7B95F4968482346012281
:100A600005F0F1B95C4966482346012205F0EBB96F
:100A7000594964482346012205F0E5B956496248C0
:100A80002346012205F0DFB953496048234601227D
:100A900005F0D9B950495E482346012205F0D3B983
:100AA0004D495C482346012205F0CDB94A495A48D0
:100AB0002346012205F0C7B9474958482346012279
:100AC00005F0C1B9444956482346012205F0BBB997
:100AD00031484149D0F88C002346012205F0B3B9D2
:100AE0002D4BD3F88C000DE02B4BD3F88C0012E08B
:100AF00029482E49D0F89000234601223EE7264B94
:100B0000D3F89000344923460122043005F09BB904
:100B1000214BD3F89000304923460122083005F0DC
:100B200092B91D4B2C49D3F89000012223460C307A
:100B300005F089B93B4B07930AAE254B089307A9EB
:100B4000244B09933046FFF743FCCDE901540023C1
:100B5000ADF80030ADF8143096E80F00FBF744F81C
:100B600006F08CB9304B07930AAE304B089307A9B7
:100B70002F4B09933046FFF735FC00238DF81830D2
:100B8000DDE90501CDE902548DE8030096E80F0088
:100B9000FBF72AF906F072B99019002081B101081B
:100BA000B419002089B1010891B10108A1B101086F
:100BB000C0190020C1190020C2190020C31900204B
:100BC000C4190020C5190020C6190020A5B10108CC
:100BD000A9B10108ADB10108B1B10108D4190020D3
:100BE000D8190020DC190020E0190020E4190020A9
:100BF000E8190020EC190020F8190020F019002055
:100C0000F4190020FC190020001A0020041A00200A
:100C1000081A00200C1A0020101A0020141A0020B4
:100C2000181A0020241A00200C1B0020B5B101085E
:100C3000B9B10108C04B07930AAEC04B089307A98E
:100C4000BF4B09933046FFF7C3FBCDE901540023A6
:100C5000ADF80030ADF8143096E80F00FAF7C4FF95
:100C600006F00CB9B74B07930AAEB44B089307A92B
:100C7000B34B09933046FFF7ABFBCDE9015400239A
:100C8000ADF80030ADF8143096E80F00FAF7ACFF7D
:100C900006F0F4B8AC4B07930AAEAC4B089307A927
:100CA000AB4B09933046FFF789FB00238DF81830D2
:100CB000DDE90501CDE902548DE8030096E80F0057
:100CC000FBF7D8F806F0DAB8A24B07930AAE9F4BB1
:100CD000089307A99E4B09933046FFF76FFB00234B
:100CE0008DF81830DDE90501CDE902548DE80300E7
:100CF00096E80F00FBF7BEF806F0C0B8964B0793D6
:100D00000AAE924B089307A9914B09933046FFF71F
:100D100055FB00238DF81830DDE90501CDE90254BB
:100D20008DE8030096E80F00FBF7A4F806F0A6B8DC
:100D30008A4B07930AAE854B089307A9844B099306
:100D40003046FFF73BFB00238DF81830DDE9050145
:100D5000CDE902548DE8030096E80F00FBF78AF80E
:100D600006F08CB87E4B07930AAE744B089307A924
:100D7000734B09933046FFF72BFBCDE90154002359
:100D8000ADF80030ADF8143096E80F00FAF72CFFFC
:100D900006F074B8734B07930AAE6C4B089307A91F
:100DA0006B4B09933046FFF709FB00238DF8183091
:100DB000DDE90501CDE902548DE8030096E80F0056
:100DC000FBF758F806F05AB8674B07930AAE5F4B2B
:100DD000089307A95E4B09933046FFF7EFFA00230B
:100DE0008DF81830DDE90501CDE902548DE80300E6
:100DF00096E80F00FBF73EF806F040B85B4B079310
:100E00000AAE524B089307A9514B09933046FFF79E
:100E1000D5FA00238DF81830DDE90501CDE902543B
:100E20008DE8030096E80F00FBF724F806F026B8DB
:100E30004F4B07930AAE454B089307A9444B0993C0
:100E40003046FFF7BBFA00238DF81830DDE90501C5
:100E5000CDE902548DE8030096E80F00FBF70AF88D
:100E600006F00CB8434B07930AAE434B089307A90F
:100E7000424B09933046FFF7BFFA00238DF8183034
:100E8000DDE90501CDE902540090ADF8041096E8C3
:100E90000F00FBF741F805F0F1BF394B07930AAE9D
:100EA0002A4B089307A92A4B09933046FFF786FA85
:100EB00000238DF81830DDE90501CDE902548DE8F5
:100EC000030096E80F00FAF7D5FF05F0D7BF2D4BCA
:100ED00007930AAE1D4B089307A91D4B0993304693
:100EE000FFF76CFA00238DF81830DDE90501CDE934
:100EF00002548DE8030096E80F00FAF7BBFF05F0F7
:100F0000BDBF214B07930AAE1B4B089307A91B4B90
:100F100009933046FFF770FA00238DF81830DDE9A9
:100F20000501CDE902540090ADF8041096E80F00D9
:100F3000FAF7F2FF05F0A2BF251A0020A9B10108B7
:100F4000ADB10108261A0020281A002089B1010835
:100F500091B101082C1A0020301A0020341A002008
:100F6000381A00203C1A0020401A0020441A0020A1
:100F7000481A00204C1A0020BDB10108C5B1010873
:100F8000501A0020541A0020581A0020BA4B079318
:100F90000AAEBA4B089307A9B94B09933046FFF73D
:100FA0000DFA00238DF81830DDE90501CDE9025472
:100FB0008DE8030096E80F00FAF75CFF05F05EBFCE
:100FC000B04B07930AAEAD4B089307A9AC4B0993FE
:100FD0003046FFF7F3F900238DF81830DDE90501FD
:100FE000CDE902548DE8030096E80F00FAF742FFBE
:100FF00005F044BFA44B07930AAEA44B089307A97E
:10100000A34B09933046FFF7F7F900238DF818300A
:10101000DDE90501CDE902540090ADF8041096E831
:101020000F00FAF779FF05F029BF9A4B07930AAE34
:10103000924B089307A9924B09933046FFF7BEF9EC
:1010400000238DF81830DDE90501CDE902548DE863
:10105000030096E80F00FAF70DFF05F00FBF8E4B67
:1010600007930AAE854B089307A9854B0993304631
:10107000FFF7A4F900238DF81830DDE90501CDE96B
:1010800002548DE8030096E80F00FAF7F3FE05F02E
:10109000F5BE824B07930AAE7C4B089307A97C4BA5
:1010A00009933046FFF7A8F900238DF81830DDE9E1
:1010B0000501CDE902540090ADF8041096E80F0048
:1010C000FAF72AFF05F0DABE754B07930AAE6B4BB1
:1010D000089307A96A4B09933046FFF76FF900237D
:1010E0008DF81830DDE90501CDE902548DE80300E3
:1010F00096E80F00FAF7BEFE05F0C0BE694B0793F5
:101100000AAE5E4B089307A95D4B09933046FFF783
:1011100055F900238DF81830DDE90501CDE90254B9
:101120008DE8030096E80F00FAF7A4FE05F0A6BECE
:101130005D4B07930AAE554B089307A9544B09938F
:101140003046FFF759F900238DF81830DDE9050125
:10115000CDE902540090ADF8041096E80F00FAF7BC
:10116000DBFE05F08BBE514B07930AAE434B089351
:1011700007A9434B09933046FFF720F900238DF868
:101180001830DDE90501CDE902548DE8030096E849
:101190000F00FAF76FFE05F071BE454B07930AAEDC
:1011A000364B089307A9364B09933046FFF706F9EB
:1011B00000238DF81830DDE90501CDE902548DE8F2
:1011C000030096E80F00FAF755FE05F057BE394BBD
:1011D00007930AAE2D4B089307A92D4B0993304670
:1011E000FFF70AF900238DF81830DDE90501CDE994
:1011F00002540090ADF8041096E80F00FAF78CFE48
:1012000005F03CBE2C4B07930AAE1C4B089307A974
:101210001B4B09933046FFF7D1F800238DF81830A7
:10122000DDE90501CDE902548DE8030096E80F00E1
:10123000FAF720FE05F022BE204B07930AAE0F4BB3
:10124000089307A90E4B09933046FFF7B7F8002320
:101250008DF81830DDE90501CDE902548DE8030071
:1012600096E80F00FAF706FE05F008BE1449154887
:101270002346012200F0E5BE5C1A002089B1010876
:1012800091B10108601A0020641A0020BDB1010864
:10129000C5B10108681A00206C1A0020701A0020DD
:1012A000741A0020781A0020C41A0020C81A0020DE
:1012B000CC1A0020D01A0020D41A0020D81A0020FE
:1012C000A5B10108101B0020B14B1B6850330A93D5
:1012D000B04B0B93B04B0C9301238DF834300023AB
:1012E0008DF82030CDE90214DDE907018DE8030017
:1012F0000EAB13E90F00FAF7D5FE05F0BFBDA44B06
:10130000A649186801222346543000F09ABEA04B2B
:101310001B68586FF9F75EFF62682146FEF730FDE3
:1013200005F0ACBD9A4B1B6866330A939C4B0B933C
:101330009C4B0C93CDE9011401238DF8343000232C
:10134000ADF80030ADF81C300EAB13E90F00FAF722
:101350003BFF05F093BD8E4B186802F006BE8C4B28
:1013600018687C30F9F73CFF62682146FEF708FDFB
:1013700005F084BD864B1B687D3307930AAE8A4B0C
:10138000089307A9894B09933046FFF721F8CDE967
:1013900001540023ADF80030ADF8143096E80F008A
:1013A000FAF722FC05F06ABD794B1B68DB680793EE
:1013B0000AAE7D4B089307A97C4B09933046FFF793
:1013C00007F8CDE901540023ADF80030ADF8143032
:1013D00096E80F00FAF708FC05F050BD6C4B1B684F
:1013E000DB68013307930AAE6F4B089307A96F4B75
:1013F00009933046FEF7ECFFCDE901540023ADF828
:101400000030ADF8143096E80F00FAF7EDFB05F068
:1014100035BD5F4B1B68DB68023307930AAE624B36
:10142000089307A9614B09933046FEF7D1FFCDE938
:1014300001540023ADF80030ADF8143096E80F00E9
:10144000FAF7D2FB05F01ABD514B1B68DB6803337A
:1014500007930AAE544B089307A9544B099330469F
:10146000FEF7B6FFCDE901540023ADF80030ADF82A
:10147000143096E80F00FAF7B7FB05F0FFBC444BB9
:101480001B68DB68043307930AAE474B089307A930
:10149000464B09933046FEF79BFFCDE901540023EC
:1014A000ADF80030ADF8143096E80F00FAF79CFB69
:1014B00005F0E4BC364B1B68DB68053307930AAEC6
:1014C000394B089307A9394B09933046FEF780FF43
:1014D000CDE901540023ADF80030ADF8143096E8A2
:1014E0000F00FAF781FB05F0C9BC294B1B68DB68CC
:1014F000063307930AAE2C4B089307A92B4B09938D
:101500003046FEF765FFCDE901540023ADF8003009
:10151000ADF8143096E80F00FAF766FB05F0AEBCA4
:101520001B4B1B68DB68073307930AAE1E4B0893FF
:1015300007A91E4B09933046FEF74AFFCDE9015437
:101540000023ADF80030ADF8143096E80F00FAF73C
:101550004BFB05F093BC0E4B1B68DB68083307930D
:101560000AAE134B089307A9124B09933046FEF7B6
:1015700025FF00238DF81830DDE90501CDE902547F
:101580008DE8030096E80F00FAF774FC05F076BCCE
:101590001C1B0020CDB10108D1B10108A5B1010883
:1015A000D9B10108DDB10108A9B10108ADB1010847
:1015B00089B1010891B10108B64B1B68DB680C3397
:1015C00007930AAEB44B089307A9B44B099330466E
:1015D000FEF7F4FE00238DF81830DDE90501CDE9B2
:1015E00002548DE8030096E80F00FAF743FC05F07B
:1015F00045BCA84B1B68DB68103307930AAEA84BA9
:10160000089307A9A74B09933046FEF7E1FECDE901
:1016100001540023ADF80030ADF8143096E80F0007
:10162000FAF7E2FA05F02ABC9A4B1B68DB680793CD
:101630000AAE9D4B089307A99C4B09933046FEF7D1
:10164000E5FECDE9015400230093059396E80F00D1
:10165000FAF776FB05F012BC8E4B1B68DB6807932C
:101660000AAE934B089307A9924B09933046FEF7B5
:10167000CDFECDE9015400230093059396E80F00B9
:10168000FAF75EFB05F0FABB824B1B68DB68183388
:1016900007930AAE804B089307A9804B0993304605
:1016A000FEF78CFE00238DF81830DDE90501CDE949
:1016B00002548DE8030096E80F00FAF7DBFB05F013
:1016C000DDBB744B1B68DB681C3307930AAE724B9F
:1016D000089307A9714B09933046FEF76FFE00236C
:1016E0008DF81830DDE90501CDE902548DE80300DD
:1016F00096E80F00FAF7BEFB05F0C0BB654B1B6810
:10170000DB68203307930AAE634B089307A9634B4A
:1017100009933046FEF752FE00238DF81830DDE9BC
:101720000501CDE902548DE8030096E80F00FAF7B1
:10173000A1FB05F0A3BB574B1B68DB682433079361
:101740000AAE554B089307A9544B09933046FEF750
:1017500035FE00238DF81830DDE90501CDE902548E
:101760008DE8030096E80F00FAF784FB05F086BBCE
:10177000484B1B68DB68283307930AAE464B089337
:1017800007A9464B09933046FEF718FE00238DF853
:101790001830DDE90501CDE902548DE8030096E833
:1017A0000F00FAF767FB05F069BB3A4B1B68DB6873
:1017B000343307930AAE384B089307A9374B099384
:1017C0003046FEF7FBFD00238DF81830DDE90501FA
:1017D000CDE902548DE8030096E80F00FAF74AFBC2
:1017E00005F04CBB2B4B1B68DB68383307930AAE04
:1017F000294B089307A9294B09933046FEF7DEFDD4
:1018000000238DF81830DDE90501CDE902548DE89B
:10181000030096E80F00FAF72DFB05F02FBB1D4BD8
:101820001B68DB683C3307930AAE1B4B089307A980
:101830001A4B09933046FEF7C1FD00238DF818308E
:10184000DDE90501CDE902548DE8030096E80F00BB
:10185000FAF710FB05F012BB0E4B1B68DB68403338
:1018600007930AAE0C4B089307A90C4B099330461B
:10187000FEF7A4FD00238DF81830DDE90501CDE960
:1018800002548DE8030096E80F00FAF7F3FA05F02A
:10189000F5BA00BF1C1B002089B1010891B10108F5
:1018A000A9B10108ADB101085DBB0108ADC90108CE
:1018B00055BB0108C5C90108B74B1B68DB68443339
:1018C00007930AAEB54B089307A9B54B0993304669
:1018D000FEF774FD00238DF81830DDE90501CDE930
:1018E00002548DE8030096E80F00FAF7C3FA05F0FA
:1018F000C5BAA94B1B68DB68483307930AAEA74BF0
:10190000089307A9A64B09933046FEF757FD00231D
:101910008DF81830DDE90501CDE902548DE80300AA
:1019200096E80F00FAF7A6FA05F0A8BA9A4B1B68DA
:10193000DB684C3307930AAE9A4B089307A99A4B7E
:1019400009933046FEF744FDCDE901540023ADF87C
:101950000030ADF8143096E80F00FAF745F905F0BD
:101960008DBA8D4B1B68DB684D3307930AAE8D4BE8
:10197000089307A98C4B09933046FEF729FDCDE962
:1019800001540023ADF80030ADF8143096E80F0094
:10199000FAF72AF905F072BA7F4B1B68DB684E3301
:1019A00007930AAE7F4B089307A97F4B09933046F4
:1019B000FEF70EFDCDE901540023ADF80030ADF87F
:1019C000143096E80F00FAF70FF905F057BA724B8A
:1019D0001B68DB68503307930AAE704B089307A966
:1019E0006F4B09933046FEF7E9FC00238DF8183061
:1019F000DDE90501CDE902548DE8030096E80F000A
:101A0000FAF738FA05F03ABA634B1B68DB685433CF
:101A100007930AAE614B089307A9614B09933046BF
:101A2000FEF7CCFC00238DF81830DDE90501CDE987
:101A300002548DE8030096E80F00FAF71BFA05F050
:101A40001DBA554B1B68DB68583307930AAE534BDE
:101A5000089307A9524B09933046FEF7AFFC0023C9
:101A60008DF81830DDE90501CDE902548DE8030059
:101A700096E80F00FAF7FEF905F000BA464B1B682E
:101A8000DB685C3307930AAE444B089307A9444BC9
:101A900009933046FEF792FC00238DF81830DDE9FB
:101AA0000501CDE902548DE8030096E80F00FAF72E
:101AB000E1F905F0E3B9384B1B68DB686033079345
:101AC0000AAE364B089307A9354B09933046FEF70B
:101AD00075FC00238DF81830DDE90501CDE90254CD
:101AE0008DE8030096E80F00FAF7C4F905F0C6B9CF
:101AF000294B1B68DB68643307930AAE274B0893B6
:101B000007A9274B09933046FEF758FC00238DF8B0
:101B10001830DDE90501CDE902548DE8030096E8AF
:101B20000F00FAF7A7F905F0A9B91B4B1B68DB6892
:101B3000683307930AAE1B4B089307A91A4B099306
:101B40003046FEF745FCCDE901540023ADF80030E6
:101B5000ADF8143096E80F00FAF746F805F08EB9A4
:101B60000D4B1B68DB68693307930AAE0D4B089376
:101B700007A90D4B09933046FEF72AFCCDE9015425
:101B80000023ADF80030ADF8143096E80F00FAF7F6
:101B90002BF805F073B900BF1C1B002089B10108A8
:101BA00091B10108A9B10108ADB10108AB4B1B68A7
:101BB000DB686A3307930AAEA94B089307A9A94BC0
:101BC00009933046FEF704FCCDE901540023ADF83B
:101BD0000030ADF8143096E80F00FAF705F805F07C
:101BE0004DB99E4B1B68DB686C3307930AAE9E4B66
:101BF000089307A99D4B09933046FEF7F3FB00239A
:101C00008DF81830DDE90501CDE902548DE80300B7
:101C100096E80F00FAF7E8F805F030B98F4B1B682B
:101C2000DB68703307930AAE8D4B089307A98D4B81
:101C300009933046FEF7CCFBCDE901540023ADF803
:101C40000030ADF8143096E80F00F9F7CDFF05F03D
:101C500015B9824B1B68DB68743307930AAE824B5D
:101C6000089307A9814B09933046FEF7BBFB00237D
:101C70008DF81830DDE90501CDE902548DE8030047
:101C800096E80F00FAF7B0F805F0F8B8734B1B6848
:101C9000DB68783307930AAE734B089307A9734B3D
:101CA00009933046FEF79EFB00238DF81830DDE9DE
:101CB0000501CDE902548DE8030096E80F00FAF71C
:101CC00093F805F0DBB8654B1B68DB69203307939D
:101CD0000AAE674B089307A9664B09933046FEF797
:101CE0009FFBCDE901540023ADF80030ADF814306E
:101CF00096E80F00FAF71EFA05F0C0B8574B1B68BC
:101D000002F00ABE554B1B68DB699B6A07930AAE5B
:101D1000594B089307A9594B09933046FEF74EFBE0
:101D200000238DF81830DDE90501CDE902548DE876
:101D3000030096E80F00FAF79DF805F09FB8474BAF
:101D40001B68DB699B6A043307930AAE4A4B08930E
:101D500007A94A4B09933046FEF730FB00238DF864
:101D60001830DDE90501CDE902548DE8030096E85D
:101D70000F00FAF77FF805F081B8384B1B68DB6974
:101D80009B6A083307930AAE354B089307A9354B76
:101D900009933046FEF71CFBCDE901540023ADF852
:101DA0000030ADF8143096E80F00F9F71DFF05F08C
:101DB00065B82A4B1B681B6A203307930AAE2C4B6D
:101DC000089307A92B4B09933046FEF729FBCDE971
:101DD00001540023ADF80030ADF8143096E80F0040
:101DE000FAF7A8F905F04AB81C4B1B6802F00ABEC6
:101DF0001A4B1B681B6A9B6A07930AAE204B089319
:101E000007A9204B09933046FEF700FBCDE90154AA
:101E100000230093059396E80F00F9F791FF05F072
:101E20002DB80E4B1B681B6A9B6A07930AAE124BB8
:101E3000089307A9114B09933046FEF7BFFA002318
:101E40008DF81830DDE90501CDE902548DE8030075
:101E500096E80F00FAF70EF805F010B81C1B0020EA
:101E6000A9B10108ADB10108B5B10108B9B10108C6
:101E7000E5B10108E9B1010889B1010891B1010892
:101E80004DBB0108DDC90108B04B1B681B6A9B6A8A
:101E9000043307930AAEAE4B089307A9AD4B0993E1
:101EA0003046FEF78BFA00238DF81830DDE9050186
:101EB000CDE902548DE8030096E80F00F9F7DAFF48
:101EC00004F0DCBFA14B1B681B6A9B6A08330793B5
:101ED0000AAE9F4B089307A99E4B09933046FEF725
:101EE0006DFA00238DF81830DDE90501CDE90254C3
:101EF0008DE8030096E80F00F9F7BCFF04F0BEBFC1
:101F0000924B1B681B6A9B6A0C3307930AAE904B7B
:101F1000089307A98F4B09933046FEF74FFA002329
:101F20008DF81830DDE90501CDE902548DE8030094
:101F300096E80F00F9F79EFF04F0A0BF834B1B68E3
:101F40001B6A9B6A143307930AAE814B089307A957
:101F5000804B09933046FEF731FA00238DF8183094
:101F6000DDE90501CDE902548DE8030096E80F0094
:101F7000F9F780FF04F082BF744B1B681B6A9B6AF1
:101F8000183307930AAE724B089307A9714B099354
:101F90003046FEF713FA00238DF81830DDE905010D
:101FA000CDE902548DE8030096E80F00F9F762FFCF
:101FB00004F064BF654B1B681B6A9B6A1C33079364
:101FC0000AAE654B089307A9644B09933046FEF7A8
:101FD000FFF9CDE901540023ADF80030ADF814301D
:101FE00096E80F00F9F700FE04F048BF574B1B6856
:101FF0005B6A64330A935A4B0B935A4B0C93CDE9AB
:10200000011401238DF834300023009307930EABA5
:1020100013E90F00FAF722F904F030BF4B4B1B68AD
:10202000586A6630F9F7E6F862682146FDF7A8FEBF
:1020300004F024BF454B4C491B68586A01222346D3
:1020400067300EB0BDE8F041F9F79EBD3F4B1B680D
:1020500002F00FBE3D4B1B6802F014BE3B4B1B68E9
:102060005B6A703307930AAE394B089307A9394B63
:1020700009933046FEF7A2F900238DF81830DDE908
:102080000501CDE902548DE8030096E80F00F9F749
:10209000F1FE04F0F3BE2D4B1B685B6A74330793AB
:1020A0000AAE2B4B089307A92A4B09933046FEF73B
:1020B00085F900238DF81830DDE90501CDE90254DA
:1020C0008DE8030096E80F00F9F7D4FE04F0D6BEC1
:1020D0001E4B1B685B6A783307930AAE1C4B089350
:1020E00007A91C4B09933046FEF768F900238DF8C9
:1020F0001830DDE90501CDE902548DE8030096E8CA
:102100000F00F9F7B7FE04F0B9BE104B1B6802F0E0
:1021100019BE0E4B1B685B6A7C3307930AAE0C4BEF
:10212000089307A90B4B09933046FEF747F90023A4
:102130008DF81830DDE90501CDE902548DE8030082
:1021400096E80F00F9F796FE04F098BE1C1B0020DD
:1021500089B1010891B10108A9B10108ADB1010827
:10216000EDB10108F1B10108A5B10108BB4B1B6835
:102170005B6A803307930AAEB94B089307A9B94B42
:1021800009933046FEF71AF900238DF81830DDE97F
:102190000501CDE902548DE8030096E80F00F9F738
:1021A00069FE04F06BBEAD4B1B685B6A843307931A
:1021B0000AAEAB4B089307A9AA4B09933046FEF72A
:1021C000FDF800238DF81830DDE90501CDE9025452
:1021D0008DE8030096E80F00F9F74CFE04F04EBEC0
:1021E0009E4B1B685B6A883307930AAE9C4B08932F
:1021F00007A99C4B09933046FEF7E0F800238DF8C1
:102200001830DDE90501CDE902548DE8030096E8B8
:102210000F00F9F72FFE04F031BE904B1B685B6A8C
:102220008C3307930AAE8E4B089307A98D4B099305
:102230003046FEF7C3F800238DF81830DDE90501BC
:10224000CDE902548DE8030096E80F00F9F712FE7D
:1022500004F014BE814B1B685B6A903307930AAE8F
:102260007F4B089307A97F4B09933046FEF7A6F8EA
:1022700000238DF81830DDE90501CDE902548DE821
:10228000030096E80F00F9F7F5FD04F0F7BD734B76
:102290001B685B6A943307930AAE714B089307A9D6
:1022A000704B09933046FEF789F800238DF81830FB
:1022B000DDE90501CDE902548DE8030096E80F0041
:1022C000F9F7D8FD04F0DABD644B1B685B6A9833FC
:1022D00007930AAE624B089307A9624B09933046F5
:1022E000FEF76CF800238DF81830DDE90501CDE923
:1022F00002548DE8030096E80F00F9F7BBFD04F0E7
:10230000BDBD564B1B6802F01EBE544B1B685B6A7A
:10231000A03307930AAE524B089307A9514B099378
:102320003046FEF74BF800238DF81830DDE9050143
:10233000CDE902548DE8030096E80F00F9F79AFD05
:1023400004F09CBD454B1B685B6AA43307930AAE3F
:10235000434B089307A9434B09933046FEF72EF8E9
:1023600000238DF81830DDE90501CDE902548DE830
:10237000030096E80F00F9F77DFD04F07FBD374BB1
:102380001B685B6AA83307930AAE354B089307A90D
:10239000344B09933046FEF711F800238DF81830BE
:1023A000DDE90501CDE902548DE8030096E80F0050
:1023B000F9F760FD04F062BD284B1B6802F023BEF4
:1023C000264B1B6802F028BE244B1B685B6AB433A3
:1023D00007930AAE224B089307A9224B0993304674
:1023E000FDF7ECFF00238DF81830DDE90501CDE99C
:1023F00002548DE8030096E80F00F9F73BFD04F066
:102400003DBD164B1B6802F02DBE144B1B685B6A6A
:10241000BC3307930AAE124B089307A9114B0993DB
:102420003046FDF7CBFF00238DF81830DDE90501BC
:10243000CDE902548DE8030096E80F00F9F71AFD84
:1024400004F01CBD054B62681B685B6A2146B3F84B
:10245000C000FDF795FC04F011BD00BF1C1B00205F
:1024600089B1010891B10108B74B62681B685B6ACA
:102470002146B3F84C00FDF751FC04F0FFBCB24B11
:1024800062681B685B6A2146B3F84E00FDF746FCA4
:1024900004F0F4BCAC4B62681B685B6A2146B3F87D
:1024A0005000FDF73BFC04F0E9BCA74B62681B68D9
:1024B0005B6A2146B3F85200FDF730FC04F0DEBC45
:1024C000A14B62681B685B6A2146B3F85400FDF7B4
:1024D00025FC04F0D3BC9C4B62681B685B6A2146F8
:1024E000B3F85600FDF71AFC04F0C8BC964B6268BE
:1024F0001B685B6A2146B3F85800FDF70FFC04F037
:10250000BDBC914B62681B685B6A2146B3F85A00F8
:10251000FDF704FC04F0B2BC8B4B62681B685B6A7D
:102520002146B3F85C00FDF7F9FB04F0A7BC864B2D
:1025300062681B685B6A2146B3F85E00FDF7EEFB3C
:1025400004F09CBC804B62681B685B6A2146B3F850
:102550006000FDF7E3FB04F091BC7B4B62681B68F5
:102560005B6A2146B3F86200FDF7D8FB04F086BC35
:10257000754B1B685B6A1B6A07930AAE734B089323
:1025800007A9734B09933046FDF722FFCDE90154AB
:102590000023ADF80030ADF8143096E80F00F9F7DD
:1025A00023FB04F06BBC684B1B685B6A1B6A04333B
:1025B00007930AAE674B089307A9674B0993304608
:1025C000FDF738FF00238DF81830DDE90501CDE96E
:1025D00002548DE8030096E80F00F9F723FD04F09C
:1025E0004DBC594B1B685B6A1B6A083307930AAEE4
:1025F0005A4B089307A95A4B09933046FDF7DEFE64
:1026000000238DF81830DDE90501CDE902548DE88D
:10261000030096E80F00F9F72DFC04F02FBC4A4B9D
:102620001B685B6A1B6A0C3307930AAE4B4B08931B
:1026300007A94B4B09933046FDF7C0FE00238DF8E8
:102640001830DDE90501CDE902548DE8030096E874
:102650000F00F9F70FFC04F011BC3B4B1B685B6AE1
:102660001B6A07930AAE3F4B089307A93E4B099399
:102670003046FDF7A3FE00238DF81830DDE9050193
:10268000CDE902548DE8030096E80F00F9F7F2FB5C
:1026900004F0F4BB2C4B1B685B6A1B6A07930AAE01
:1026A000324B089307A9324B09933046FDF786FE5B
:1026B00000238DF81830DDE90501CDE902548DE8DD
:1026C000030096E80F00F9F7D5FB04F0D7BB1E4BCB
:1026D0001B685B6A1B6A183307930AAE1F4B08938B
:1026E00007A91F4B09933046FDF768FE00238DF8BC
:1026F0001830DDE90501CDE902548DE8030096E8C4
:102700000F00F9F7B7FB04F0B9BB0F4B1B685B6A0E
:102710001B6A1C3307930AAE0E4B089307A90E4B96
:1027200009933046FDF786FE00238DF81830DDE969
:102730000501CDE902548DE8030096E80F00F9F792
:1027400071FC04F09BBB00BF1C1B002045BB0108B3
:1027500001CA010801B2010805B2010889B10108E6
:1027600091B101083DBB01081DCA010831BB010838
:1027700035CA0108B04B1B685B6A1B6A20330A9399
:10278000AE4B0B93AE4B0C93CDE9011401238DF8A6
:1027900034300023ADF80030ADF81C300EAB13E937
:1027A0000F00F9F7E1FE04F069BBA34B1B685B6AFD
:1027B0001B6A243307930AAEA24B089307A9A24BC6
:1027C00009933046FDF7FAFD00238DF81830DDE956
:1027D0000501CDE902548DE8030096E80F00F9F7F2
:1027E00049FB04F04BBB944B1B685B6A1B6A2833A4
:1027F00007930AAE934B089307A9934B099330466E
:10280000FDF7DCFD00238DF81830DDE90501CDE989
:1028100002548DE8030096E80F00F9F72BFB04F053
:102820002DBB854B1B685B6A1B6A2C3307930AAE72
:10283000844B089307A9844B09933046FDF7BEFDEE
:1028400000238DF81830DDE90501CDE902548DE84B
:10285000030096E80F00F9F70DFB04F00FBB764B71
:102860001B685B6A1B6A383307930AAE754B089383
:1028700007A9754B09933046FDF7A0FD00238DF89D
:102880001830DDE90501CDE902548DE8030096E832
:102890000F00F9F7EFFA04F0F1BA674B1B685B6AB7
:1028A0001B6A3C3307930AAE664B089307A9664B35
:1028B00009933046FDF782FD00238DF81830DDE9DD
:1028C0000501CDE902548DE8030096E80F00F9F701
:1028D000D1FA04F0D3BA584B1B685B6A1B6A3033D9
:1028E00007930AAE574B089307A9574B09933046F5
:1028F000FDF764FD00238DF81830DDE90501CDE911
:1029000002548DE8030096E80F00F9F7B3FA04F0DB
:10291000B5BA494B1B685B6A1B6A07930AAE4B4BFF
:10292000089307A94A4B09933046FDF747FD00235A
:102930008DF81830DDE90501CDE902548DE803007A
:1029400096E80F00F9F796FA04F098BA3A4B1B682C
:102950005B6A1B6A403307930AAE3A4B089307A998
:10296000394B09933046FDF729FD00238DF81830C7
:10297000DDE90501CDE902548DE8030096E80F007A
:10298000F9F778FA04F07ABA2B4B1B685B6A1B6A7A
:10299000443307930AAE2B4B089307A92A4B09939C
:1029A0003046FDF70BFD00238DF81830DDE90501F9
:1029B000CDE902548DE8030096E80F00F9F75AFAC2
:1029C00004F05CBA1C4B1B685B6A1B6A48330793B4
:1029D0000AAE1C4B089307A91B4B09933046FDF721
:1029E000EDFC00238DF81830DDE90501CDE9025436
:1029F0008DE8030096E80F00F9F73CFA04F03EBAC0
:102A00000D4B1B685B6A1B6A4C3307930AAE114B74
:102A1000089307A9104B09933046FDF7D9FCCDE97F
:102A200001540023ADF80030ADF8143096E80F00E3
:102A3000F9F7DAF804F022BA1C1B002009B20108E9
:102A40000DB2010889B1010891B1010825BB010847
:102A50004DCA0108A9B10108ADB10108B94B1B6805
:102A60005B6A1B6A503307930AAEB74B089307A9FA
:102A7000B64B09933046FDF7A1FC00238DF81830C2
:102A8000DDE90501CDE902548DE8030096E80F0069
:102A9000F9F7F0F904F0F2B9AA4B1B685B6A1B6AFC
:102AA000543307930AAEA84B089307A9A74B099381
:102AB0003046FDF783FC00238DF81830DDE9050171
:102AC000CDE902548DE8030096E80F00F9F7D2F93A
:102AD00004F0D4B99B4B1B689B6914330A939C4B3D
:102AE0000B939C4B0C93CDE9011401238DF83430EA
:102AF0000023ADF80030ADF81C300EAB13E90F0029
:102B0000F9F7F2FB04F0BAB98E4B1B689B69079387
:102B10000AAE914B089307A9904B09933046FDF7F5
:102B20004DFC00238DF81830DDE90501CDE9025494
:102B30008DE8030096E80F00F9F79CF904F09EB9C0
:102B4000804B1B689B69443307930AAE7E4B089306
:102B500007A97E4B09933046FDF730FC00238DF822
:102B60001830DDE90501CDE902548DE8030096E84F
:102B70000F00F9F77FF904F081B9724B1B689B696C
:102B8000483307930AAE704B089307A96F4B09931C
:102B90003046FDF713FC00238DF81830DDE9050100
:102BA000CDE902548DE8030096E80F00F9F762F9C9
:102BB00004F064B9634B1B6802F034BE614B1B68C0
:102BC00002F035BE5F4B1B6802F03ABE5D4B1B68DE
:102BD0009B69214693F85500F9F79AFE04F04EB927
:102BE000584B1B689B69383307930AAE564B0893C2
:102BF00007A9564B09933046FDF7E0FB00238DF8FB
:102C00001830DDE90501CDE902548DE8030096E8AE
:102C10000F00F9F72FF904F031B94A4B1B689B6993
:102C2000563307930AAE4E4B089307A94D4B0993B1
:102C30003046FDF7CDFBCDE901540023ADF800305F
:102C4000ADF8143096E80F00F8F7CEFF04F016B98F
:102C50003C4B1B689B69DB6803F562530C3307939D
:102C60000AAE394B089307A9384B09933046FDF754
:102C7000A5FB00238DF81830DDE90501CDE90254EC
:102C80008DE8030096E80F00F9F7F4F804F0F6B8C1
:102C90002C4B1B689B69DB6803F562531133079368
:102CA0000AAE2F4B089307A92E4B09933046FDF728
:102CB0008FFBCDE901540023ADF80030ADF814309E
:102CC00096E80F00F8F790FF04F0D8B81D4B1B688A
:102CD0009B69DB6803F56253133307930AAE204BFD
:102CE000089307A91F4B09933046FDF771FBCDE907
:102CF00001540023ADF80030ADF8143096E80F0011
:102D0000F8F772FF04F0BAB80E4B1B689B69DB68DA
:102D100003F56253103307930AAE114B089307A9CA
:102D2000104B09933046FDF753FBCDE901540023C6
:102D3000ADF80030ADF8143096E80F00F8F754FF06
:102D400004F09CB81C1B002089B1010891B1010856
:102D500011B2010815B2010819BB010865CA0108C2
:102D6000A9B10108ADB10108AF4B1B689B69DB68D5
:102D700003F56253123307930AAEAC4B089307A9CD
:102D8000AB4B09933046FDF723FBCDE901540023FB
:102D9000ADF80030ADF8143096E80F00F8F724FFD6
:102DA00004F06CB8A04B1B689B69DB680A93A14BCD
:102DB0000B93A14B0C93CDE9011401238DF8343012
:102DC0000023ADF80030ADF81C300EAB13E90F0056
:102DD000F9F70AFB04F052B8934B1B689B69DB6858
:102DE00001330A93954B0B93954B0C93CDE901144A
:102DF00001238DF834300023ADF80030ADF81C30DD
:102E00000EAB13E90F00F9F76FFB04F037B8864BF0
:102E10001B689B69DB68043307930AAE894B0893F0
:102E200007A9894B09933046FDF7C8FA00238DF8AE
:102E30001830DDE90501CDE902548DE8030096E87C
:102E40000F00F9F717F804F019B8774B1B689B6966
:102E5000DB68083307930AAE7A4B089307A97A4BCD
:102E600009933046FDF7AAFA00238DF81830DDE902
:102E70000501CDE902548DE8030096E80F00F8F74C
:102E8000F9FF03F0FBBF684B1B689B69DB680C33E1
:102E900007930AAE6B4B089307A96B4B0993304617
:102EA000FDF78CFA00238DF81830DDE90501CDE936
:102EB00002548DE8030096E80F00F8F7DBFF03F0FB
:102EC000DDBF594B1B689B69DB68103307930AAE63
:102ED0005C4B089307A95C4B09933046FDF76EFAEB
:102EE00000238DF81830DDE90501CDE902548DE8A5
:102EF000030096E80F00F8F7BDFF03F0BFBF4A4B91
:102F00001B689B69DB68143307930AAE4D4B08932B
:102F100007A94D4B09933046FDF750FA00238DF871
:102F20001830DDE90501CDE902548DE8030096E88B
:102F30000F00F8F79FFF03F0A1BF3B4B1B689B6995
:102F4000DB68183307930AAE3E4B089307A93E4B44
:102F500009933046FDF732FA00238DF81830DDE989
:102F60000501CDE902548DE8030096E80F00F8F75B
:102F700081FF03F083BF2C4B1B689B69DB681C330C
:102F800007930AAE2F4B089307A92F4B099330469E
:102F9000FDF714FA00238DF81830DDE90501CDE9BD
:102FA00002548DE8030096E80F00F8F763FF03F082
:102FB00065BF1D4B1B689B69DB68203307930AAE16
:102FC0001A4B089307A91A4B09933046FDF700FAEC
:102FD000CDE901540023ADF80030ADF8143096E887
:102FE0000F00F8F701FE03F049BF0F4B1B689B6908
:102FF000DB68243307930AAE124B089307A9124BE0
:1030000009933046FDF7DAF900238DF81830DDE931
:103010000501CDE902548DE8030096E80F00F8F7AA
:1030200029FF03F02BBF00BF1C1B0020A9B1010822
:10303000ADB1010819B201081DB2010821B20108A1
:1030400025B2010889B1010891B10108AC4B1B6898
:103050009B69DB68303307930AAEAA4B089307A934
:10306000A94B09933046FDF7A9F900238DF81830D4
:10307000DDE90501CDE902548DE8030096E80F0073
:10308000F8F7F8FE03F0FABE9D4B1B689B69DB68FE
:10309000283307930AAE9B4B089307A99A4B0993D1
:1030A0003046FDF78BF900238DF81830DDE9050176
:1030B000CDE902548DE8030096E80F00F8F7DAFE38
:1030C00003F0DCBE8E4B1B689B69DB6803F5625323
:1030D000143307930AAE8D4B089307A98C4B0993C1
:1030E0003046FDF7B1F9CDE901540023ADF80030C9
:1030F000ADF8143096E80F00F8F7B2FD03F0BEBE4D
:103100007F4B1B689B69DB6803F562531833079399
:103110000AAE7C4B089307A97B4B09933046FDF719
:103120004DF900238DF81830DDE90501CDE9025491
:103130008DE8030096E80F00F8F79CFE03F09EBEB2
:103140006F4B1B689B69DB6803F562531C33079365
:103150000AAE6E4B089307A96D4B09933046FDF7F5
:1031600073F9CDE901540023ADF80030ADF8143007
:1031700096E80F00F8F774FD03F080BE604B1B6803
:103180009B69DB6807930AAE624B089307A9624B01
:1031900009933046FDF712F900238DF81830DDE968
:1031A0000501CDE902548DE8030096E80F00F8F719
:1031B00061FE03F063BE524B1B6802F03EBE504BF3
:1031C0001B689B69DB6803F56153383307930AAECC
:1031D000524B089307A9524B09933046FDF7F8F874
:1031E000CDE901540023ADF80030ADF8143096E875
:1031F0000F00F8F7F9FC03F041BE414B1B689B69D7
:10320000DB6803F54053214693F87908F9F780FB12
:1032100003F034BE3A4B1B689B69DB6803F56153CE
:103220003C3307930AAE374B089307A9364B0993F3
:103230003046FDF7C3F800238DF81830DDE90501AD
:10324000CDE902548DE8030096E80F00F8F712FE6E
:1032500003F014BE2A4B1B689B69DB6803F56253BD
:1032600007930AAE274B089307A9274B09933046CB
:10327000FDF7A4F800238DF81830DDE90501CDE94C
:1032800002548DE8030096E80F00F8F7F3FD03F011
:10329000F5BD1B4B1B6802F05CBE194B1B689B699C
:1032A000DB6803F56253083307930AAE1B4B0893A0
:1032B00007A91B4B09933046FDF78AF8CDE9015465
:1032C0000023ADF80030ADF8143096E80F00F8F7A1
:1032D0008BFC03F0D3BD0A4B1B6898694368027AE4
:1032E0000A9301238DF82C308DF81C208DF81D30A9
:1032F0000091079BDDE90A12F9F7F2FA03F0BEBD6F
:103300001C1B002089B1010891B1010829B20108F4
:103310002DB201080DBB010881CA0108A9B101083D
:10332000ADB10108AA4B1B689B69043307930AAE31
:10333000A84B089307A9A84B09933046FDF73EF820
:1033400000238DF81830DDE90501CDE902548DE840
:10335000030096E80F00F8F78DFD03F08FBD9C4B3E
:103360001B689B69083307930AAE9C4B089307A917
:103370009B4B09933046FDF72BF8CDE90154002310
:10338000ADF80030ADF8143096E80F00F8F72CFCDB
:1033900003F074BD8E4B1B68986903685B6898479F
:1033A000012003F06BBD8A4B1B681B6914330A9321
:1033B0008C4B0B938C4B0C93CDE9011401238DF8AE
:1033C00034300023009307930EAB13E90F00F8F796
:1033D000CBFF03F053BD7E4B1B681B692146D87D94
:1033E000F9F796FA03F04ABD794B1B681B69214631
:1033F000987DF9F78DFA03F041BD754B62681B6843
:103400001B6921469869FCF7BBFC03F037BD704B84
:1034100062681B681B692146D869FCF7B1FC03F0A0
:103420002DBD6B4B1B6802F04DBE694B1B6802F053
:1034300052BE674B1B6802F057BE654B1B6802F01B
:103440005CBE634B1B6802F061BE614B1B6802F0FF
:1034500066BE5F4B1B6802F06BBE5D4B1B681B6951
:10346000214693F85C00F9F761FA03F007BD584B69
:103470001B6802F070BE564B1B6802F075BE544BC1
:103480001B6802F07ABE524B1B681B6940330793DE
:103490000AAE564B089307A9554B09933046FCF7E3
:1034A000C9FF00238DF81830DDE90501CDE902548C
:1034B0008DE8030096E80F00F8F7B4FD03F0DEBCDA
:1034C000434B1B6802F07FBE414B1B681B69DB68E6
:1034D0000A93484B0B93484B0C93CDE901140123FD
:1034E0008DF834300023009307930EAB13E90F00DF
:1034F000F8F7BAFF03F0C2BC354B1B681B69DB68E9
:1035000007930AAE3D4B089307A93D4B09933046FC
:10351000FCF75EFFCDE901540023ADF80030ADF8B3
:10352000143096E80F00F8F75FFB03F0A7BC284BB8
:103530001B681B69DB6807930AAE324B089307A927
:10354000314B09933046FCF743FFCDE9015400238A
:10355000ADF80030ADF8143096E80F00F8F744FBF2
:1035600003F08CBC1A4B1B681B69DB6807930AAE1F
:10357000264B089307A9264B09933046FCF746FFD4
:10358000CDE9015400230093059396E80F00F8F766
:10359000D7FB03F073BC0E4B1B681B69DB6804335D
:1035A00007930AAE0D4B089307A90D4B09933046BC
:1035B000FCF70EFFCDE901540023ADF80030ADF863
:1035C000143096E80F00F8F70FFB03F057BC00BF6C
:1035D0001C1B002089B1010891B10108A9B10108A3
:1035E000ADB1010831B2010835B2010801B20108DC
:1035F00005B201083DB2010841B2010801BB010852
:1036000099CA0108F9BA0108B9CA0108EDBA010856
:10361000D1CA0108AC4B1B681B69DB6808330793F0
:103620000AAEAA4B089307A9A94B09933046FCF7A9
:1036300001FF00238DF81830DDE90501CDE90254C2
:103640008DE8030096E80F00F8F7ECFC03F016BCD9
:103650009D4B1B681B69DB680C3307930AAE9B4BC1
:10366000089307A99A4B09933046FCF7E3FE002321
:103670008DF81830DDE90501CDE902548DE803002D
:1036800096E80F00F8F7CEFC03F0F8BB8E4B1B68F2
:103690001B69DB6807930AAE8E4B089307A98E4B14
:1036A00009933046FCF794FECDE901540023ADF8B0
:1036B0000030ADF8143096E80F00F8F795FA03F0F3
:1036C000DDBB814B1B681B69DB68103307930AAEB7
:1036D000824B089307A9824B09933046FCF76EFE94
:1036E00000238DF81830DDE90501CDE902548DE89D
:1036F000030096E80F00F8F7BDFB03F0BFBB724B69
:103700001B681B69DB68143307930AAE754B08937B
:1037100007A9754B09933046FCF75AFECDE90154D1
:103720000023ADF80030ADF8143096E80F00F8F73C
:103730005BFA03F0A3BB644B1B681B69DB68079350
:103740000AAE6A4B089307A9694B09933046FCF708
:1037500035FE00238DF81830DDE90501CDE902546E
:103760008DE8030096E80F00F8F784FB03F086BBB2
:10377000554B1B681B69DB68183307930AAE574B20
:10378000089307A9564B09933046FCF717FE002310
:103790008DF81830DDE90501CDE902548DE803000C
:1037A00096E80F00F8F766FB03F068BB464B1B6812
:1037B0001B69DB681C3307930AAE484B089307A9C3
:1037C000474B09933046FCF7F9FD00238DF818307C
:1037D000DDE90501CDE902548DE8030096E80F000C
:1037E000F8F748FB03F04ABB374B1B681B69DB68E3
:1037F000203307930AAE394B089307A9384B099336
:103800003046FCF7DBFD00238DF81830DDE90501BB
:10381000CDE902548DE8030096E80F00F8F72AFB83
:1038200003F02CBB284B1B681B69DB68293307930B
:103830000AAE2C4B089307A92B4B09933046FCF793
:10384000C7FDCDE901540023ADF80030ADF81430C8
:1038500096E80F00F8F7C8F903F010BB1A4B1B6885
:103860001B69DB682A3307930AAE1E4B089307A92E
:103870001D4B09933046FCF7ABFDCDE90154002305
:10388000ADF80030ADF8143096E80F00F8F7ACF959
:1038900003F0F4BA0C4B1B681B69DB682E330793EB
:1038A0000AAE144B089307A9134B09933046FCF753
:1038B000ADFDCDE9015400230093059396E80F0078
:1038C000F8F73EFA03F0DABA1C1B002001B2010837
:1038D00005B20108E5BA0108E9CA010889B1010881
:1038E00091B10108A9B10108ADB10108DDBA010823
:1038F00005CB010845B2010849B20108B34B1B686A
:103900001B69DB68303307930AAEB14B089307A9F4
:10391000B04B09933046FCF779FDCDE90154002303
:103920000093059396E80F00F8F70AFA03F0A6BA99
:10393000A64B1B6802F082BEA44B1B681B690433B4
:1039400007930AAEA44B089307A9A44B09933046EA
:10395000FCF770FD00238DF81830DDE90501CDE995
:1039600002548DE8030096E80F00F8F75BFB03F0C4
:1039700085BA964B1B685B6908330A93984B0B9387
:10398000984B0C93CDE9011401238DF834300023BA
:10399000ADF80030ADF81C300EAB13E90F00F8F7AE
:1039A00023FE03F06BBA894B1B685B690C330793EA
:1039B0000AAE8D4B089307A98C4B09933046FCF750
:1039C000FDFC00238DF81830DDE90501CDE9025436
:1039D0008DE8030096E80F00F8F74CFA03F04EBAB2
:1039E0007A4B1B685B69103307930AAE7E4B0893D2
:1039F00007A97E4B09933046FCF7E0FC00238DF8C5
:103A00001830DDE90501CDE902548DE8030096E8A0
:103A10000F00F8F72FFA03F031BA6C4B1B685B69A3
:103A2000143307930AAE704B089307A96F4B0993A1
:103A30003046FCF7C3FC00238DF81830DDE90501A2
:103A4000CDE902548DE8030096E80F00F8F712FA6A
:103A500003F014BA5D4B1B685B695B6807930AAEA1
:103A6000614B089307A9614B09933046FCF7A6FC0C
:103A700000238DF81830DDE90501CDE902548DE809
:103A8000030096E80F00F8F7F5F903F0F7B94F4B8C
:103A90001B685B695B68043307930AAE524B08935B
:103AA00007A9524B09933046FCF788FC00238DF898
:103AB0001830DDE90501CDE902548DE8030096E8F0
:103AC0000F00F8F7D7F903F0D9B9404B1B685B69D1
:103AD0005B68083307930AAE434B089307A9434B2F
:103AE00009933046FCF76AFC00238DF81830DDE9B5
:103AF0000501CDE902548DE8030096E80F00F8F7C0
:103B0000B9F903F0BBB9314B1B689B6A5B6807933B
:103B10000AAE354B089307A9344B09933046FCF79E
:103B20004DFC00238DF81830DDE90501CDE9025484
:103B30008DE8030096E80F00F8F79CF903F09EB9B2
:103B4000224B1B689B6A5B68043307930AAE264BC3
:103B5000089307A9254B09933046FCF72FFC002357
:103B60008DF81830DDE90501CDE902548DE8030038
:103B700096E80F00F8F77EF903F080B9134B1B6845
:103B80009B6A5B68083307930AAE174B089307A933
:103B9000164B09933046FCF711FC00238DF81830C2
:103BA000DDE90501CDE902548DE8030096E80F0038
:103BB000F8F760F903F062B9044B1B68DB6A214631
:103BC000187AF8F7A5FE03F059B900BF1C1B0020B6
:103BD00045B2010849B2010801B2010805B2010865
:103BE0004DB2010851B2010889B1010891B1010833
:103BF000AE4B1B68DB6A1B6807930AAEAC4B08939D
:103C000007A9AC4B09933046FCF700FCCDE9015401
:103C100000230093059396E80F00F8F791F803F05E
:103C20002DB9A24B1B68DB6A1B6807930AAEA24B37
:103C3000089307A9A14B09933046FCF7C9FBCDE9CE
:103C400001540023ADF80030ADF8143096E80F00B1
:103C5000F7F7CAFF03F012B9944B1B68DB6A1B68C5
:103C600007930AAE964B089307A9964B09933046E3
:103C7000FCF7A4FB00238DF81830DDE90501CDE940
:103C800002548DE8030096E80F00F8F7F3F803F00C
:103C9000F5B8864B1B68DB6A1B680B3307930AAECB
:103CA000894B089307A9894B09933046FCF790FB91
:103CB000CDE901540023ADF80030ADF8143096E89A
:103CC0000F00F7F791FF03F0D9B8784B1B68DB6A58
:103CD0001B680C3307930AAE7B4B089307A97B4BF9
:103CE00009933046FCF774FBCDE901540023ADF88D
:103CF0000030ADF8143096E80F00F7F775FF03F0C9
:103D0000BDB86A4B1B68DB6A1B6807930AAE704B31
:103D1000089307A96F4B09933046FCF763FB002318
:103D20008DF81830DDE90501CDE902548DE8030076
:103D300096E80F00F8F758F803F0A0B85B4B1B6843
:103D40001B6B2146187AF8F7E3FD03F097B8574B41
:103D50001B681B6B1B6807930AAE554B089307A99A
:103D6000544B09933046FCF751FBCDE90154002335
:103D70000093059396E80F00F7F7E2FF03F07EB893
:103D80004A4B1B681B6B1B6807930AAE4A4B089390
:103D900007A94A4B09933046FCF71AFBCDE90154B9
:103DA0000023ADF80030ADF8143096E80F00F7F7B7
:103DB0001BFF03F063B83D4B1B681B6B1B6807932D
:103DC0000AAE3F4B089307A93E4B09933046FCF7D8
:103DD000F5FA00238DF81830DDE90501CDE902542C
:103DE0008DE8030096E80F00F8F744F803F046B8B2
:103DF0002E4B1B681B6B1B680B3307930AAE324BB1
:103E0000089307A9314B09933046FCF7E1FACDE955
:103E100001540023ADF80030ADF8143096E80F00DF
:103E2000F7F7E2FE03F02AB8204B1B681B6B1B68F8
:103E30000C3307930AAE244B089307A9234B09932D
:103E40003046FCF7C5FACDE901540023ADF8003047
:103E5000ADF8143096E80F00F7F7C6FE03F00EB881
:103E6000124B1B681B6B1B6807930AAE184B089319
:103E700007A9184B09933046FCF7B4FA00238DF8D4
:103E80001830DDE90501CDE902548DE8030096E81C
:103E90000F00F7F7A9FF02F0F1BF044B186802F01A
:103EA00089BE024B186802F08BBE00BF1C1B0020AD
:103EB000D1BA010819CB0108C9BA010831CB0108F0
:103EC00089B1010891B10108A9B10108ADB101089A
:103ED000C1BA010849CB0108B34B5B6850330A9360
:103EE000B24B0B93B24B0C9301238DF8343000236B
:103EF0008DF82030CDE90214DDE907018DE80300DB
:103F00000EAB13E90F00F8F7CDF802F0B7BFA64BE0
:103F10005B68214693F85400F8F7FAFC02F0AEBF54
:103F2000A14B62685B685B6F21461878FBF728FF3E
:103F300002F0A4BF9C4B5B6866330A939D4B0B93C6
:103F40009D4B0C93CDE9011401238DF834300023EF
:103F5000ADF80030ADF81C300EAB13E90F00F8F7E8
:103F600033F902F08BBF904B5868944923460122E5
:103F7000783001F068BF8C4B62685B68214693F82B
:103F80007C00FBF7FDFE02F079BF874B5B687D3359
:103F900007930AAE8A4B089307A98A4B09933046C8
:103FA000FCF716FACDE901540023ADF80030ADF866
:103FB000143096E80F00F7F717FE02F05FBF7A4B58
:103FC0005B68DB6807930AAE7D4B089307A97D4BBE
:103FD00009933046FCF7FCF9CDE901540023ADF814
:103FE0000030ADF8143096E80F00F7F7FDFD02F051
:103FF00045BF6D4B5B68DB68013307930AAE704BBE
:10400000089307A96F4B09933046FCF7E1F9CDE916
:1040100001540023ADF80030ADF8143096E80F00DD
:10402000F7F7E2FD02F02ABF5F4B5B68DB68023303
:1040300007930AAE624B089307A9624B0993304677
:10404000FCF7C6F9CDE901540023ADF80030ADF816
:10405000143096E80F00F7F7C7FD02F00FBF524B80
:104060005B68DB68033307930AAE554B089307A9D7
:10407000544B09933046FCF7ABF9CDE901540023CA
:10408000ADF80030ADF8143096E80F00F7F7ACFD4E
:1040900002F0F4BE444B5B68DB68043307930AAE5E
:1040A000474B089307A9474B09933046FCF790F913
:1040B000CDE901540023ADF80030ADF8143096E896
:1040C0000F00F7F791FD02F0D9BE374B5B68DB6854
:1040D000053307930AAE3A4B089307A9394B099366
:1040E0003046FCF775F9CDE901540023ADF80030F6
:1040F000ADF8143096E80F00F7F776FD02F0BEBE7B
:10410000294B5B68DB68063307930AAE2C4B089398
:1041100007A92C4B09933046FCF75AF9CDE9015415
:104120000023ADF80030ADF8143096E80F00F7F733
:104130005BFD02F0A3BE1C4B5B68DB680733079393
:104140000AAE1F4B089307A91E4B09933046FCF794
:104150003FF9CDE901540023ADF80030ADF814303B
:1041600096E80F00F7F740FD02F088BE0E4B5B6843
:10417000DB68083307930AAE134B089307A9134B68
:1041800009933046FCF71AF900238DF81830DDE961
:104190000501CDE902548DE8030096E80F00F7F71A
:1041A00069FE02F06BBE00BF1C1B0020CDB10108F0
:1041B000D1B10108D9B10108DDB10108B1B10108DF
:1041C000A9B10108ADB1010889B1010891B1010897
:1041D000B64B5B68DB680C3307930AAEB44B0893AD
:1041E00007A9B44B09933046FCF7E8F800238DF893
:1041F0001830DDE90501CDE902548DE8030096E8A9
:104200000F00F7F737FE02F039BEA84B5B68DB689A
:10421000103307930AAEA84B089307A9A74B09933D
:104220003046FCF7D5F8CDE901540023ADF8003055
:10423000ADF8143096E80F00F7F7D6FC02F01EBE7A
:104240009A4B5B68DB6807930AAE9D4B089307A9FE
:104250009C4B09933046FCF7D9F8CDE90154002373
:104260000093059396E80F00F7F76AFD02F006BE8B
:104270008E4B5B68DB6807930AAE934B089307A9E4
:10428000924B09933046FCF7C1F8CDE90154002365
:104290000093059396E80F00F7F752FD02F0EEBD8C
:1042A000824B5B68DB68183307930AAE804B089338
:1042B00007A9804B09933046FCF780F800238DF85E
:1042C0001830DDE90501CDE902548DE8030096E8D8
:1042D0000F00F7F7CFFD02F0D1BD744B5B68DB68D0
:1042E0001C3307930AAE724B089307A9714B0993CD
:1042F0003046FCF763F800238DF81830DDE905013E
:10430000CDE902548DE8030096E80F00F7F7B2FDFF
:1043100002F0B4BD654B5B68DB68203307930AAEDF
:10432000634B089307A9634B09933046FCF746F8A3
:1043300000238DF81830DDE90501CDE902548DE840
:10434000030096E80F00F7F795FD02F097BD574B75
:104350005B68DB68243307930AAE554B089307A9C3
:10436000544B09933046FCF729F800238DF8183098
:10437000DDE90501CDE902548DE8030096E80F0060
:10438000F7F778FD02F07ABD484B5B68DB682833AD
:1043900007930AAE464B089307A9464B099330464C
:1043A000FCF70CF800238DF81830DDE90501CDE9A4
:1043B00002548DE8030096E80F00F7F75BFD02F06A
:1043C0005DBD3A4B5B68DB68343307930AAE384B0C
:1043D000089307A9374B09933046FBF7EFFF0023FB
:1043E0008DF81830DDE90501CDE902548DE80300B0
:1043F00096E80F00F7F73EFD02F040BD2B4B5B68DF
:10440000DB68383307930AAE294B089307A9294B79
:1044100009933046FBF7D2FF00238DF81830DDE911
:104420000501CDE902548DE8030096E80F00F7F787
:1044300021FD02F023BD1D4B5B68DB683C33079315
:104440000AAE1B4B089307A91A4B09933046FBF79A
:10445000B5FF00238DF81830DDE90501CDE90254E0
:104460008DE8030096E80F00F7F704FD02F006BDA3
:104470000E4B5B68DB68403307930AAE0C4B089326
:1044800007A90C4B09933046FBF798FF00238DF8E2
:104490001830DDE90501CDE902548DE8030096E806
:1044A0000F00F7F7E7FC02F0E9BC00BF1C1B00207F
:1044B00089B1010891B10108A9B10108ADB10108A4
:1044C0005DBB0108ADC9010855BB0108C5C901089C
:1044D000B74B5B68DB68443307930AAEB54B089370
:1044E00007A9B54B09933046FBF768FF00238DF809
:1044F0001830DDE90501CDE902548DE8030096E8A6
:104500000F00F7F7B7FC02F0B9BCA94B5B68DB689A
:10451000483307930AAEA74B089307A9A64B099304
:104520003046FBF74BFF00238DF81830DDE905011D
:10453000CDE902548DE8030096E80F00F7F79AFCE6
:1045400002F09CBC9A4B5B68DB684C3307930AAE65
:104550009A4B089307A99A4B09933046FBF738FF0B
:10456000CDE901540023ADF80030ADF8143096E8E1
:104570000F00F7F739FB02F081BC8D4B5B68DB68FD
:104580004D3307930AAE8D4B089307A98C4B0993C3
:104590003046FBF71DFFCDE901540023ADF8003094
:1045A000ADF8143096E80F00F7F71EFB02F066BC7A
:1045B0007F4B5B68DB684E3307930AAE7F4B0893F3
:1045C00007A97F4B09933046FBF702FFCDE9015461
:1045D0000023ADF80030ADF8143096E80F00F7F77F
:1045E00003FB02F04BBC724B5B68DB6850330793F4
:1045F0000AAE704B089307A96F4B09933046FBF73F
:10460000DDFE00238DF81830DDE90501CDE9025407
:104610008DE8030096E80F00F7F72CFC02F02EBCA3
:10462000634B5B68DB68543307930AAE614B0893B6
:1046300007A9614B09933046FBF7C0FE00238DF8B4
:104640001830DDE90501CDE902548DE8030096E854
:104650000F00F7F70FFC02F011BC554B5B68DB68ED
:10466000583307930AAE534B089307A9524B09934B
:104670003046FBF7A3FE00238DF81830DDE9050175
:10468000CDE902548DE8030096E80F00F7F7F2FB3E
:1046900002F0F4BB464B5B68DB685C3307930AAE01
:1046A000444B089307A9444B09933046FBF786FE19
:1046B00000238DF81830DDE90501CDE902548DE8BD
:1046C000030096E80F00F7F7D5FB02F0D7BB384B95
:1046D0005B68DB68603307930AAE364B089307A923
:1046E000354B09933046FBF769FE00238DF81830EF
:1046F000DDE90501CDE902548DE8030096E80F00DD
:10470000F7F7B8FB02F0BABB294B5B68DB68643390
:1047100007930AAE274B089307A9274B0993304606
:10472000FBF74CFE00238DF81830DDE90501CDE9DB
:1047300002548DE8030096E80F00F7F79BFB02F0A8
:104740009DBB1B4B5B68DB68683307930AAE1B4B52
:10475000089307A91A4B09933046FBF739FECDE9B8
:1047600001540023ADF80030ADF8143096E80F0086
:10477000F7F73AFA02F082BB0D4B5B68DB686933EE
:1047800007930AAE0D4B089307A90D4B09933046CA
:10479000FBF71EFECDE901540023ADF80030ADF863
:1047A000143096E80F00F7F71FFA02F067BB00BF5E
:1047B0001C1B002089B1010891B10108A9B10108B1
:1047C000ADB10108AE4B5B68DB686A3307930AAE94
:1047D000AC4B089307A9AC4B09933046FBF7F8FDA7
:1047E000CDE901540023ADF80030ADF8143096E85F
:1047F0000F00F7F7F9F902F041BBA14B5B68DB68EA
:104800006C3307930AAEA14B089307A9A04B0993F9
:104810003046FBF7E7FD00238DF81830DDE9050190
:10482000CDE902548DE8030096E80F00F7F7DCFAB3
:1048300002F024BB924B5B68DB68703307930AAECF
:10484000904B089307A9904B09933046FBF7C0FDA6
:10485000CDE901540023ADF80030ADF8143096E8EE
:104860000F00F7F7C1F902F009BB854B5B68DB6805
:10487000743307930AAE854B089307A9844B0993B9
:104880003046FBF7AFFD00238DF81830DDE9050158
:10489000CDE902548DE8030096E80F00F7F7A4FA7B
:1048A00002F0ECBA764B5B68DB68783307930AAEAC
:1048B000764B089307A9764B09933046FBF792FD98
:1048C00000238DF81830DDE90501CDE902548DE8AB
:1048D000030096E80F00F7F787FA02F0CFBA684BAB
:1048E0005B68DB69203307930AAE6A4B089307A91C
:1048F000694B09933046FBF793FDCDE90154002342
:10490000ADF80030ADF8143096E80F00F7F712FC60
:1049100002F0B4BA5A4B5B68D86974E0584B5B68D4
:10492000DB699B6A07930AAE5C4B089307A95C4B53
:1049300009933046FBF742FD00238DF81830DDE97E
:104940000501CDE902548DE8030096E80F00F7F762
:1049500091FA02F093BA4A4B5B68DB699B6A0433B5
:1049600007930AAE4D4B089307A94D4B0993304668
:10497000FBF724FD00238DF81830DDE90501CDE9B2
:1049800002548DE8030096E80F00F7F773FA02F07F
:1049900075BA3B4B5B68DB699B6A083307930AAEC9
:1049A000384B089307A9384B09933046FBF710FDA5
:1049B000CDE901540023ADF80030ADF8143096E88D
:1049C0000F00F7F711F902F059BA2D4B5B681B6A1B
:1049D000203307930AAE2F4B089307A92E4B099358
:1049E0003046FBF71DFDCDE901540023ADF8003042
:1049F000ADF8143096E80F00F7F79CFB02F03EBAD2
:104A00001F4B5B68186A274923460122103002F0C9
:104A10001BBA1B4B5B681B6A9B6A07930AAE224B4F
:104A2000089307A9214B09933046FBF7EFFCCDE92A
:104A3000015400230093059396E80F00F7F780F9DF
:104A400002F01CBA0E4B5B681B6A9B6A07930AAEA6
:104A5000124B089307A9124B09933046FBF7AEFCA3
:104A600000238DF81830DDE90501CDE902548DE809
:104A7000030096E80F00F7F7FDF902F0FFB900BF59
:104A80001C1B0020A9B10108ADB10108B5B1010896
:104A9000B9B10108E5B10108E9B1010889B101081E
:104AA00091B1010881B101084DBB0108DDC90108C0
:104AB000B64B5B681B6A9B6A043307930AAEB44B20
:104AC000089307A9B34B09933046FBF777FC002303
:104AD0008DF81830DDE90501CDE902548DE80300B9
:104AE00096E80F00F7F7C6F902F0C8B9A74B5B6864
:104AF0001B6A9B6A083307930AAEA54B089307A964
:104B0000A44B09933046FBF759FC00238DF818306D
:104B1000DDE90501CDE902548DE8030096E80F00B8
:104B2000F7F7A8F902F0AAB9984B5B681B6A9B6A71
:104B30000C3307930AAE964B089307A9954B09933C
:104B40003046FBF73BFC00238DF81830DDE905010A
:104B5000CDE902548DE8030096E80F00F7F78AF9D3
:104B600002F08CB9894B5B681B6A9B6A143307930C
:104B70000AAE874B089307A9864B09933046FBF78B
:104B80001DFC00238DF81830DDE90501CDE9025444
:104B90008DE8030096E80F00F7F76CF902F06EB9A4
:104BA0007A4B5B681B6A9B6A183307930AAE784B93
:104BB000089307A9774B09933046FBF7FFFB0023C7
:104BC0008DF81830DDE90501CDE902548DE80300C8
:104BD00096E80F00F7F74EF902F050B96B4B5B689F
:104BE0001B6A9B6A1C3307930AAE6B4B089307A999
:104BF0006A4B09933046FBF7EBFBCDE901540023E8
:104C0000ADF80030ADF8143096E80F00F6F7ECFF81
:104C100002F034B95D4B5B685B6A64330A93604BA6
:104C20000B93604B0C93CDE9011401238DF83430C4
:104C30000023009307930EAB13E90F00F7F70EFB69
:104C400002F01CB9514B62685B685B6A214693F8BD
:104C50006600FBF795F802F011B94C4B5B685B6A94
:104C6000214693F86700F7F753FE02F007B9474B68
:104C70005B68586A4C4923460122683002F0E4B868
:104C8000424B5B68586A4849234601226C3002F067
:104C9000DBB83E4B5B685B6A703307930AAE3C4BF4
:104CA000089307A93B4B09933046FBF787FB00238A
:104CB0008DF81830DDE90501CDE902548DE80300D7
:104CC00096E80F00F7F7D6F802F0D8B82F4B5B68DC
:104CD0005B6A743307930AAE2D4B089307A92D4BDB
:104CE00009933046FBF76AFB00238DF81830DDE9A5
:104CF0000501CDE902548DE8030096E80F00F7F7AF
:104D0000B9F802F0BBB8214B5B685B6A7833079354
:104D10000AAE1F4B089307A91E4B09933046FBF7B9
:104D20004DFB00238DF81830DDE90501CDE9025473
:104D30008DE8030096E80F00F7F79CF802F09EB8A4
:104D4000124B5B68586A184923460122E83002F08A
:104D50007BB80E4B5B685B6A7C3307930AAE0C4BE7
:104D6000089307A90B4B09933046FBF727FB002359
:104D70008DF81830DDE90501CDE902548DE8030016
:104D800096E80F00F7F776F802F078B81C1B0020C1
:104D900089B1010891B10108A9B10108ADB10108BB
:104DA000EDB10108F1B1010881B10108B14B5B68B7
:104DB0005B6A803307930AAEAF4B089307A9AF4BEA
:104DC00009933046FBF7FAFA00238DF81830DDE935
:104DD0000501CDE902548DE8030096E80F00F7F7CE
:104DE00049F802F04BB8A34B5B685B6A84330793C6
:104DF0000AAEA14B089307A9A04B09933046FBF7D5
:104E0000DDFA00238DF81830DDE90501CDE9025403
:104E10008DE8030096E80F00F7F72CF802F02EB8A3
:104E2000944B5B685B6A883307930AAE924B089396
:104E300007A9924B09933046FBF7C0FA00238DF87F
:104E40001830DDE90501CDE902548DE8030096E84C
:104E50000F00F7F70FF802F011B8864B5B685B6A3A
:104E60008C3307930AAE844B089307A9834B0993AD
:104E70003046FBF7A3FA00238DF81830DDE9050171
:104E8000CDE902548DE8030096E80F00F6F7F2FF33
:104E900001F0F4BF774B5B685B6A903307930AAE0F
:104EA000754B089307A9754B09933046FBF786FAB3
:104EB00000238DF81830DDE90501CDE902548DE8B5
:104EC000030096E80F00F6F7D5FF01F0D7BF694B56
:104ED0005B685B6A943307930AAE674B089307A934
:104EE000664B09933046FBF769FA00238DF81830BA
:104EF000DDE90501CDE902548DE8030096E80F00D5
:104F0000F6F7B8FF01F0BABF5A4B5B685B6A98339B
:104F100007930AAE584B089307A9584B099330469C
:104F2000FBF74CFA00238DF81830DDE90501CDE9D7
:104F300002548DE8030096E80F00F6F79BFF01F09E
:104F40009DBF4C4B5B68586A4D49234601229C30FB
:104F500001F07ABF474B5B685B6AA03307930AAEE8
:104F6000454B089307A9454B09933046FBF726FAB2
:104F700000238DF81830DDE90501CDE902548DE8F4
:104F8000030096E80F00F6F775FF01F077BF394B85
:104F90005B685B6AA43307930AAE374B089307A993
:104FA000364B09933046FBF709FA00238DF8183089
:104FB000DDE90501CDE902548DE8030096E80F0014
:104FC000F6F758FF01F05ABF2A4B5B685B6AA833BB
:104FD00007930AAE284B089307A9284B099330463C
:104FE000FBF7ECF900238DF81830DDE90501CDE978
:104FF00002548DE8030096E80F00F6F73BFF01F03E
:105000003DBF1C4B5B68586A1D4923460122AC30EA
:1050100001F01ABF174B5B68586A194923460122F1
:10502000B03001F011BF134B5B685B6AB433079378
:105030000AAE114B089307A9104B09933046FBF7B2
:10504000BDF900238DF81830DDE90501CDE90254E2
:105050008DE8030096E80F00F6F70CFF01F00EBF95
:10506000044B5B68586A064923460122B83001F0B8
:10507000EBBE00BF1C1B002089B1010891B10108E3
:1050800081B10108AD4B5B685B6ABC3307930AAE24
:10509000AB4B089307A9AB4B09933046FBF78EF94E
:1050A00000238DF81830DDE90501CDE902548DE8C3
:1050B000030096E80F00F6F7DDFE01F0DFBE9F4B20
:1050C00062685B685B6A2146B3F8C000FAF758FE75
:1050D00001F0D4BE994B62685B685B6A2146B3F805
:1050E0004C00FAF71BFE01F0C9BE944B62685B6886
:1050F0005B6A2146B3F84E00FAF710FE01F0BEBE1F
:105100008E4B62685B685B6A2146B3F85000FAF721
:1051100005FE01F0B3BE894B62685B685B6A21469D
:10512000B3F85200FAF7FAFD01F0A8BE834B6268AB
:105130005B685B6A2146B3F85400FAF7EFFD01F0B3
:105140009DBE7E4B62685B685B6A2146B3F8560081
:10515000FAF7E4FD01F092BE784B62685B685B6A27
:105160002146B3F85800FAF7D9FD01F087BE734B1A
:1051700062685B685B6A2146B3F85A00FAF7CEFDB5
:1051800001F07CBE6D4B62685B685B6A2146B3F8D8
:105190005C00FAF7C3FD01F071BE684B62685B68A2
:1051A0005B6A2146B3F85E00FAF7B8FD01F066BE0F
:1051B000624B62685B685B6A2146B3F86000FAF78D
:1051C000ADFD01F05BBE5D4B62685B685B6A2146CA
:1051D000B3F86200FAF7A2FD01F050BE574B5B68CE
:1051E0005B6A1B6A07930AAE574B089307A9574B94
:1051F00009933046FBF7ECF8CDE901540023ADF8F4
:105200000030ADF8143096E80F00F6F7EDFC01F031
:1052100035BE4A4B5B685B6A1B6A043307930AAE70
:105220004B4B089307A94B4B09933046FBF702F908
:1052300000238DF81830DDE90501CDE902548DE831
:10524000030096E80F00F6F7EDFE01F017BE3B4BAA
:105250005B685B6A1B6A083307930AAE384B089396
:1052600007A9384B09933046FBF7A8F800238DF8BF
:105270001830DDE90501CDE902548DE8030096E818
:105280000F00F6F7F7FD01F0F9BD2C4B5B685B6A88
:105290001B6A0C3307930AAE294B089307A9294BC5
:1052A00009933046FBF78AF800238DF81830DDE9C2
:1052B0000501CDE902548DE8030096E80F00F6F7EA
:1052C000D9FD01F0DBBD1D4B5B685B6A1B6A079370
:1052D0000AAE214B089307A9204B09933046FBF7F0
:1052E0006DF800238DF81830DDE90501CDE9025491
:1052F0008DE8030096E80F00F6F7BCFD01F0BEBD97
:105300000E4B5B685B6A1B6A07930AAE144B0893EB
:1053100007A9144B09933046FBF750F800238DF88A
:105320001830DDE90501CDE902548DE8030096E867
:105330000F00F6F79FFD01F0A1BD00BF1C1B002070
:1053400089B1010891B1010845BB010801CA0108F2
:1053500001B2010805B201083DBB01081DCA0108E0
:1053600031BB010835CA0108B14B5B685B6A1B6A37
:10537000183307930AAEAF4B089307A9AE4B0993B6
:105380003046FBF71BF800238DF81830DDE90501E6
:10539000CDE902548DE8030096E80F00F6F76AFDA8
:1053A00001F06CBDA24B5B685B6A1B6A1C33079300
:1053B0000AAEA24B089307A9A14B09933046FBF70D
:1053C00039F800238DF81830DDE90501CDE90254E4
:1053D0008DE8030096E80F00F6F724FE01F04EBDBD
:1053E000934B5B685B6A1B6A20330A93954B0B9364
:1053F000954B0C93CDE9011401238DF83430002333
:10540000ADF80030ADF81C300EAB13E90F00F7F724
:10541000ABF801F033BD864B5B685B6A1B6A2433D3
:1054200007930AAE834B089307A9834B0993304631
:10543000FAF7C4FF00238DF81830DDE90501CDE946
:1054400002548DE8030096E80F00F6F713FD01F013
:1054500015BD774B5B685B6A1B6A283307930AAEFE
:10546000744B089307A9744B09933046FAF7A6FFCB
:1054700000238DF81830DDE90501CDE902548DE8EF
:10548000030096E80F00F6F7F5FC01F0F7BC684B57
:105490005B685B6A1B6A2C3307930AAE654B089303
:1054A00007A9654B09933046FAF788FF00238DF86A
:1054B0001830DDE90501CDE902548DE8030096E8D6
:1054C0000F00F6F7D7FC01F0D9BC594B5B685B6A5B
:1054D0001B6A383307930AAE564B089307A9564BFD
:1054E00009933046FAF76AFF00238DF81830DDE99A
:1054F0000501CDE902548DE8030096E80F00F6F7A8
:10550000B9FC01F0BBBC4A4B5B685B6A1B6A3C336D
:1055100007930AAE474B089307A9474B09933046B8
:10552000FAF74CFF00238DF81830DDE90501CDE9CD
:1055300002548DE8030096E80F00F6F79BFC01F09B
:105540009DBC3B4B5B685B6A1B6A303307930AAEBA
:10555000384B089307A9384B09933046FAF72EFFCA
:1055600000238DF81830DDE90501CDE902548DE8FE
:10557000030096E80F00F6F77DFC01F07FBC2C4B92
:105580005B685B6A1B6A07930AAE304B089307A9F6
:105590002F4B09933046FAF711FF00238DF818308E
:1055A000DDE90501CDE902548DE8030096E80F001E
:1055B000F6F760FC01F062BC1D4B5B685B6A1B6A1E
:1055C000403307930AAE1B4B089307A91A4B099364
:1055D0003046FAF7F3FE00238DF81830DDE90501B7
:1055E000CDE902548DE8030096E80F00F6F742FC7F
:1055F00001F044BC0E4B5B685B6A1B6A4433079343
:105600000AAE0C4B089307A90B4B09933046FAF7E7
:10561000D5FE00238DF81830DDE90501CDE90254EF
:105620008DE8030096E80F00F6F724FC01F026BC95
:105630001C1B002089B1010891B1010801B20108C9
:1056400005B2010809B201080DB2010825BB010825
:105650004DCA0108AD4B5B685B6A1B6A4833079310
:105660000AAEAB4B089307A9AA4B09933046FAF749
:10567000A5FE00238DF81830DDE90501CDE90254BF
:105680008DE8030096E80F00F6F7F4FB01F0F6BB97
:105690009E4B5B685B6A1B6A4C3307930AAE9E4B5A
:1056A000089307A99D4B09933046FAF791FECDE97F
:1056B00001540023ADF80030ADF8143096E80F0027
:1056C000F6F792FA01F0DABB904B5B685B6A1B6AF3
:1056D000503307930AAE8E4B089307A98D4B09935D
:1056E0003046FAF76BFE00238DF81830DDE905012E
:1056F000CDE902548DE8030096E80F00F6F7BAFBF7
:1057000001F0BCBB814B5B685B6A1B6A5433079337
:105710000AAE7F4B089307A97E4B09933046FAF7F0
:105720004DFE00238DF81830DDE90501CDE9025466
:105730008DE8030096E80F00F6F79CFB01F09EBB96
:10574000724B5B689B6914330A93754B0B93754BD3
:105750000C93CDE9011401238DF834300023ADF80A
:105760000030ADF81C300EAB13E90F00F6F7BCFDAE
:1057700001F084BB654B5B689B6907930AAE6A4B7B
:10578000089307A9694B09933046FAF717FE0023DF
:105790008DF81830DDE90501CDE902548DE80300EC
:1057A00096E80F00F6F766FB01F068BB574B5B68A5
:1057B0009B69443307930AAE554B089307A9554B91
:1057C00009933046FAF7FAFD00238DF81830DDE929
:1057D0000501CDE902548DE8030096E80F00F6F7C5
:1057E00049FB01F04BBB494B5B689B69483307930E
:1057F0000AAE474B089307A9464B09933046FAF780
:10580000DDFD00238DF81830DDE90501CDE90254F6
:105810008DE8030096E80F00F6F72CFB01F02EBB95
:105820003A4B5B68986900F0A0BC384B5B6898699C
:105830003F4923460122343001F006BB334B5B68FD
:10584000986900F09BBC314B5B689B69214693F8DB
:105850005500F7F75DF801F011BB2C4B5B689B69B5
:10586000383307930AAE2A4B089307A9294B0993AB
:105870003046FAF7A3FD00238DF81830DDE9050165
:10588000CDE902548DE8030096E80F00F6F7F2FA2E
:1058900001F0F4BA1D4B5B689B69563307930AAE5F
:1058A0001D4B089307A91D4B09933046FAF790FD4D
:1058B000CDE901540023ADF80030ADF8143096E87E
:1058C0000F00F6F791F901F0D9BA104B5B689B69AC
:1058D000DB6803F562530C3307930AAE0C4B089355
:1058E00007A90C4B09933046FAF768FD00238DF8A1
:1058F0001830DDE90501CDE902548DE8030096E892
:105900000F00F6F7B7FA01F0B9BA00BF1C1B002070
:1059100089B1010891B10108A9B10108ADB101082F
:1059200011B2010815B2010819BB010865CA0108C6
:1059300081B10108B04B5B689B69DB6803F562537A
:10594000113307930AAEAD4B089307A9AC4B0993EB
:105950003046FAF73DFDCDE901540023ADF80030A3
:10596000ADF8143096E80F00F6F73EF901F086BA6C
:10597000A14B5B689B69DB6803F5625313330793A4
:105980000AAE9E4B089307A99D4B09933046FAF740
:105990001FFDCDE901540023ADF80030ADF81430FF
:1059A00096E80F00F6F720F901F068BA924B5B68B1
:1059B0009B69DB6803F56253103307930AAE8F4B84
:1059C000089307A98E4B09933046FAF701FDCDE9FC
:1059D00001540023ADF80030ADF8143096E80F0004
:1059E000F6F702F901F04ABA834B5B689B69DB6802
:1059F00003F56253123307930AAE804B089307A94D
:105A00007F4B09933046FAF7E3FCCDE901540023BC
:105A1000ADF80030ADF8143096E80F00F6F7E4F872
:105A200001F02CBA744B5B689B69DB680A93754B79
:105A30000B93754B0C93CDE9011401238DF8343091
:105A40000023ADF80030ADF81C300EAB13E90F00A9
:105A5000F6F7CAFC01F012BA674B5B689B69DB681A
:105A600001330A93694B0B93694B0C93CDE90114F5
:105A700001238DF834300023ADF80030ADF81C3030
:105A80000EAB13E90F00F6F72FFD01F0F7B95A4BF3
:105A90005B689B69DB68043307930AAE5D4B089330
:105AA00007A95D4B09933046FAF788FC00238DF86F
:105AB0001830DDE90501CDE902548DE8030096E8D0
:105AC0000F00F6F7D7F901F0D9B94B4B5B689B692A
:105AD000DB68083307930AAE4E4B089307A94E4B79
:105AE00009933046FAF76AFC00238DF81830DDE997
:105AF0000501CDE902548DE8030096E80F00F6F7A2
:105B0000B9F901F0BBB93C4B5B689B69DB680C33AE
:105B100007930AAE3F4B089307A93F4B09933046C2
:105B2000FAF74CFC00238DF81830DDE90501CDE9CA
:105B300002548DE8030096E80F00F6F79BF901F098
:105B40009DB92D4B5B689B69DB68103307930AAEE8
:105B5000304B089307A9304B09933046FAF72EFCD7
:105B600000238DF81830DDE90501CDE902548DE8F8
:105B7000030096E80F00F6F77DF901F07FB91E4BA0
:105B80005B689B69DB68143307930AAE214B08936B
:105B900007A9214B09933046FAF710FC00238DF832
:105BA0001830DDE90501CDE902548DE8030096E8DF
:105BB0000F00F6F75FF901F061B90F4B5B689B6965
:105BC000DB68183307930AAE124B089307A9124BF0
:105BD00009933046FAF7F2FB00238DF81830DDE91F
:105BE0000501CDE902548DE8030096E80F00F6F7B1
:105BF00041F901F043B900BF1C1B0020A9B1010805
:105C0000ADB1010819B201081DB2010821B20108A5
:105C100025B2010889B1010891B10108B24B5B6856
:105C20009B69DB681C3307930AAEB04B089307A946
:105C3000AF4B09933046FAF7C1FB00238DF81830BB
:105C4000DDE90501CDE902548DE8030096E80F0077
:105C5000F6F710F901F012B9A34B5B689B69DB689A
:105C6000203307930AAEA34B089307A9A24B0993CD
:105C70003046FAF7ADFBCDE901540023ADF8003012
:105C8000ADF8143096E80F00F5F7AEFF01F0F6B866
:105C9000954B5B689B69DB68243307930AAE934B93
:105CA000089307A9924B09933046FAF787FB002324
:105CB0008DF81830DDE90501CDE902548DE80300C7
:105CC00096E80F00F6F7D6F801F0D8B8864B5B6877
:105CD0009B69DB68303307930AAE844B089307A9AE
:105CE000834B09933046FAF769FB00238DF818308F
:105CF000DDE90501CDE902548DE8030096E80F00C7
:105D0000F6F7B8F801F0BAB8774B5B689B69DB68C7
:105D1000283307930AAE754B089307A9744B099370
:105D20003046FAF74BFB00238DF81830DDE905010A
:105D3000CDE902548DE8030096E80F00F6F79AF8D3
:105D400001F09CB8684B5B689B69DB6803F56253A4
:105D5000143307930AAE694B089307A9684B09935C
:105D60003046FAF771FBCDE901540023ADF800305D
:105D7000ADF8143096E80F00F5F772FF01F07EB829
:105D8000594B5B689B69DB6803F5625318330793D3
:105D90000AAE564B089307A9554B09933046FAF7BC
:105DA0000DFB00238DF81830DDE90501CDE9025423
:105DB0008DE8030096E80F00F6F75CF801F05EB896
:105DC000494B5B689B69DB6803F562531C3307939F
:105DD0000AAE4A4B089307A9494B09933046FAF794
:105DE00033FBCDE901540023ADF80030ADF8143099
:105DF00096E80F00F5F734FF01F040B83A4B5B68C6
:105E00009B69DB6807930AAE3E4B089307A93E4B9C
:105E100009933046FAF7D2FA00238DF81830DDE9FD
:105E20000501CDE902548DE8030096E80F00F6F76E
:105E300021F801F023B82C4B5B689B693349D86883
:105E40000122234634300EB0BDE8F041F5F73ABFE9
:105E5000254B5B689B69DB6803F561533833079317
:105E60000AAE244B089307A9234B09933046FAF74F
:105E7000AFFACDE901540023ADF80030ADF814308D
:105E800096E80F00F5F7B0FE00F0F8BF164B5B6820
:105E90009B69DB6803F54053214693F87908F6F7D0
:105EA00037FD00F0EBBF104B5B689B69DB6803F5C7
:105EB00061533C3307930AAE0C4B089307A90C4B74
:105EC00009933046FAF77AFA00238DF81830DDE9A5
:105ED0000501CDE902548DE8030096E80F00F5F7BF
:105EE000C9FF00F0CBBF00BF1C1B002089B1010817
:105EF00091B10108A9B10108ADB1010829B20108A9
:105F00002DB201080DBB010881CA0108B1B1010819
:105F1000B04B5B689B69DB6803F5625307930AAE7D
:105F2000AD4B089307A9AD4B09933046FAF746FAF3
:105F300000238DF81830DDE90501CDE902548DE824
:105F4000030096E80F00F5F795FF00F097BFA14B0F
:105F50005B689B69A249D86800F56250234601221C
:105F6000043000F071BF9B4B5B689B69DB6803F5F5
:105F70006253083307930AAE9A4B089307A99A4BCA
:105F800009933046FAF724FACDE901540023ADF81D
:105F90000030ADF8143096E80F00F5F725FE00F05C
:105FA0006DBF8C4B5B6898694368027A0A93012342
:105FB0008DF82C308DF81C208DF81D300091079B3A
:105FC000DDE90A12F6F78CFC00F058BF814B5B68E4
:105FD0009B69043307930AAE7F4B089307A97F4B55
:105FE00009933046FAF7EAF900238DF81830DDE915
:105FF0000501CDE902548DE8030096E80F00F5F79E
:1060000039FF00F03BBF734B5B689B690833079314
:106010000AAE744B089307A9734B09933046FAF7FD
:10602000D7F9CDE901540023ADF80030ADF81430B4
:1060300096E80F00F5F7D8FD00F020BF654B5B68D0
:10604000FDF7AAB9634B5B681B6914330A93674B6E
:106050000B93674B0C93CDE9011401238DF8343079
:106060000023009307930EAB13E90F00F6F77CF9BA
:1060700000F004BF574B5B681B692146D87DF6F7DB
:1060800047FC00F0FBBE534B5B681B692146987DC3
:10609000F6F73EFC00F0F2BE4E4B62685B681B698F
:1060A00021469869F9F76CFE00F0E8BE494B62683A
:1060B0005B681B692146D869F9F762FE00F0DEBE15
:1060C000444B5B681869464923460122203000F0A2
:1060D000BBBE404B5B68186941492346012224300E
:1060E00000F0B2BE3B4B5B6818693D492346012274
:1060F000483000F0A9BE374B5B6818693849234621
:106100000122283000F0A0BE324B5B681869344988
:1061100023460122503000F097BE2E4B5B68186971
:106120002F49234601222C3000F08EBE294B5B689C
:1061300018692B4923460122543000F085BE254BB7
:106140005B681B69214693F85C00F6F7EFFB00F0F3
:1061500095BE204B5B6818692149234601224C30CB
:1061600000F072BE1B4B5B6818691D492346012273
:10617000303000F069BE174B5B6818691849234638
:1061800001223C3000F060BE124B5B681B6940335B
:1061900007930AAE174B089307A9174B099330468C
:1061A000FAF748F900238DF81830DDE90501CDE94B
:1061B00002548DE8030096E80F00F5F733FF00F076
:1061C0005DBE044B5B6818690549234601224430D3
:1061D00000F03ABE1C1B002089B1010891B10108F2
:1061E00081B10108A9B10108ADB1010831B20108BE
:1061F00035B2010801B2010805B20108A74B5B687E
:106200001B69DB680A93A64B0B93A64B0C93CDE955
:10621000011401238DF834300023009307930EAB53
:1062200013E90F00F6F720F900F028BE9B4B5B68DE
:106230001B69DB6807930AAE9B4B089307A99B4B2E
:1062400009933046FAF7C4F8CDE901540023ADF8BC
:106250000030ADF8143096E80F00F5F7C5FC00F0FB
:106260000DBE8E4B5B681B69DB6807930AAE904BD3
:10627000089307A98F4B09933046FAF7A9F8CDE99F
:1062800001540023ADF80030ADF8143096E80F004B
:10629000F5F7AAFC00F0F2BD804B5B681B69DB6878
:1062A00007930AAE844B089307A9844B09933046A1
:1062B000FAF7ACF8CDE9015400230093059396E872
:1062C0000F00F5F73DFD00F0D9BD744B5B681B690D
:1062D000DB68043307930AAE794B089307A9794B1F
:1062E00009933046FAF774F8CDE901540023ADF86C
:1062F0000030ADF8143096E80F00F5F775FC00F0AB
:10630000BDBD664B5B681B69DB68083307930AAE4B
:106310006D4B089307A96D4B09933046FAF78AF83D
:1063200000238DF81830DDE90501CDE902548DE830
:10633000030096E80F00F5F775FE00F09FBD574B80
:106340005B681B69DB680C3307930AAE5E4B0893EE
:1063500007A95E4B09933046FAF76CF800238DF8D5
:106360001830DDE90501CDE902548DE8030096E817
:106370000F00F5F757FE00F081BD484B5B681B69C5
:10638000DB6807930AAE524B089307A9514B099358
:106390003046FAF71DF8CDE901540023ADF800307E
:1063A000ADF8143096E80F00F5F71EFC00F066BD5E
:1063B0003A4B5B681B69DB68103307930AAE464BA8
:1063C000089307A9454B09933046F9F7F7FF0023D7
:1063D0008DF81830DDE90501CDE902548DE80300A0
:1063E00096E80F00F5F746FD00F048BD2B4B5B68C3
:1063F0001B69DB68143307930AAE314B089307A976
:10640000304B09933046F9F7E3FFCDE901540023FF
:10641000ADF80030ADF8143096E80F00F5F7E4FB66
:1064200000F02CBD1D4B5B681B69DB6807930AAE4F
:106430002B4B089307A92B4B09933046F9F7BEFF66
:1064400000238DF81830DDE90501CDE902548DE80F
:10645000030096E80F00F5F70DFD00F00FBD0F4BA0
:106460005B681B69DB68183307930AAE1A4B089305
:1064700007A91A4B09933046F9F7A0FF00238DF8BE
:106480001830DDE90501CDE902548DE8030096E8F6
:106490000F00F5F7EFFC00F0F1BC00BF1C1B002063
:1064A0003DB2010841B2010801BB010899CA0108C7
:1064B000F9BA0108B9CA0108EDBA0108D1CA010840
:1064C000A9B10108ADB1010801B2010805B2010886
:1064D000E5BA0108E9CA010889B1010891B10108CA
:1064E000DDBA010805CB0108AB4B5B681B69DB68B3
:1064F0001C3307930AAEA94B089307A9A84B09932D
:106500003046F9F75BFF00238DF81830DDE905010F
:10651000CDE902548DE8030096E80F00F5F7AAFCD8
:1065200000F0ACBC9C4B5B681B69DB6820330793B5
:106530000AAE9A4B089307A9994B09933046F9F78D
:106540003DFF00238DF81830DDE90501CDE9025447
:106550008DE8030096E80F00F5F78CFC00F08EBC88
:106560008D4B5B681B69DB68293307930AAE8D4B43
:10657000089307A98C4B09933046F9F729FFCDE919
:1065800001540023ADF80030ADF8143096E80F0048
:10659000F5F72AFB00F072BC7F4B5B681B69DB6878
:1065A0002A3307930AAE7F4B089307A97E4B0993C2
:1065B0003046F9F70DFFCDE901540023ADF8003066
:1065C000ADF8143096E80F00F5F70EFB00F056BC5E
:1065D000714B5B681B69DB682E3307930AAE734B04
:1065E000089307A9724B09933046F9F70FFFCDE9DD
:1065F000015400230093059396E80F00F5F7A0FBE4
:1066000000F03CBC644B5B681B69DB68303307936C
:106610000AAE664B089307A9654B09933046F9F714
:10662000F5FECDE9015400230093059396E80F0091
:10663000F5F786FB00F022BC574B5B681869416890
:106640002A460EB0BDE8F041F6F75CB9524B5B68E4
:106650001B69043307930AAE564B089307A9564BA0
:1066600009933046F9F7E6FE00238DF81830DDE98E
:106670000501CDE902548DE8030096E80F00F5F717
:10668000D1FCFBE3444B5B685B6908330A934B4BDB
:106690000B934B4B0C93CDE9011401238DF834304F
:1066A0000023ADF80030ADF81C300EAB13E90F003D
:1066B000F5F79AFFE2E3384B5B685B690C330793AD
:1066C0000AAE364B089307A9354B09933046F9F7C4
:1066D00075FE00238DF81830DDE90501CDE902547F
:1066E0008DE8030096E80F00F5F7C4FBC6E32A4BDC
:1066F0005B685B69103307930AAE284B089307A9C0
:10670000274B09933046F9F759FE00238DF81830CE
:10671000DDE90501CDE902548DE8030096E80F009C
:10672000F5F7A8FBAAE31C4B5B685B69143307937E
:106730000AAE1A4B089307A9194B09933046F9F78B
:106740003DFE00238DF81830DDE90501CDE9025446
:106750008DE8030096E80F00F5F78CFB8EE30E4BF7
:106760005B685B695B6807930AAE0C4B089307A9EB
:106770000B4B09933046F9F721FE00238DF81830B2
:10678000DDE90501CDE902548DE8030096E80F002C
:10679000F5F770FB72E300BF1C1B002089B10108F4
:1067A00091B10108A9B10108ADB1010845B20108D4
:1067B00049B2010801B2010805B201084DB2010851
:1067C00051B20108AB4B5B685B695B6804330793AC
:1067D0000AAEA94B089307A9A84B09933046F9F7CD
:1067E000EDFD00238DF81830DDE90501CDE90254F7
:1067F0008DE8030096E80F00F5F73CFB3EE39D4B68
:106800005B685B695B68083307930AAE9A4B089331
:1068100007A99A4B09933046F9F7D0FD00238DF86C
:106820001830DDE90501CDE902548DE8030096E852
:106830000F00F5F71FFB21E38E4B5B689B6A5B68DB
:1068400007930AAE8C4B089307A98C4B09933046EB
:10685000F9F7B4FD00238DF81830DDE90501CDE925
:1068600002548DE8030096E80F00F5F703FB05E3FB
:10687000804B5B689B6A5B68043307930AAE7E4B70
:10688000089307A97D4B09933046F9F797FD00233C
:106890008DF81830DDE90501CDE902548DE80300DB
:1068A00096E80F00F5F7E6FAE8E2724B5B689B6A40
:1068B0005B68083307930AAE6F4B089307A96F4BC9
:1068C00009933046F9F77AFD00238DF81830DDE999
:1068D0000501CDE902548DE8030096E80F00F5F7B5
:1068E000C9FACBE2634B5B68DB6A2146187AF6F79C
:1068F0000FF8C3E25F4B5B68DB6A1B6807930AAE65
:106900005F4B089307A95F4B09933046F9F77EFD6B
:10691000CDE9015400230093059396E80F00F5F7A5
:106920000FFAABE2534B5B68DB6A1B6807930AAE56
:10693000554B089307A9554B09933046F9F748FD85
:10694000CDE901540023ADF80030ADF8143096E8DD
:106950000F00F5F749F991E2464B5B68DB6A1B686B
:1069600007930AAE444B089307A9444B099330465A
:10697000F9F724FD00238DF81830DDE90501CDE994
:1069800002548DE8030096E80F00F5F773FA75E2FC
:10699000384B5B68DB6A1B680B3307930AAE3C4BD2
:1069A000089307A93B4B09933046F9F711FDCDE950
:1069B00001540023ADF80030ADF8143096E80F0014
:1069C000F5F712F95AE22B4B5B68DB6A1B680C3354
:1069D00007930AAE2E4B089307A92E4B0993304616
:1069E000F9F7F6FCCDE901540023ADF80030ADF81D
:1069F000143096E80F00F5F7F7F83FE21D4B5B689F
:106A0000DB6A1B6807930AAE234B089307A9234B45
:106A100009933046F9F7E6FC00238DF81830DDE9DC
:106A20000501CDE902548DE8030096E80F00F5F763
:106A3000DBF923E20F4B5B681B6B2146187AF5F7F5
:106A400067FF1BE20B4B5B681B6B1B6807930AAE6F
:106A50000B4B089307A90B4B09933046F9F7D6FC6B
:106A6000CDE9015400230093059396E80F00F5F754
:106A700067F903E21C1B002089B1010891B10108EC
:106A8000D1BA010819CB0108C9BA010831CB0108F4
:106A9000A9B10108ADB10108C1BA010849CB01088B
:106AA000AB4B5B681B6B1B6807930AAEA94B089343
:106AB00007A9A94B09933046F9F78AFCCDE901549F
:106AC0000023ADF80030ADF8143096E80F00F5F76C
:106AD0008BF8D3E19E4B5B681B6B1B6807930AAE78
:106AE0009E4B089307A99E4B09933046F9F766FC25
:106AF00000238DF81830DDE90501CDE902548DE859
:106B0000030096E80F00F5F7B5F9B7E1904B5B6825
:106B10001B6B1B680B3307930AAE924B089307A9B4
:106B2000914B09933046F9F753FCCDE9015400230A
:106B3000ADF80030ADF8143096E80F00F5F754F8D2
:106B40009CE1834B5B681B6B1B680C3307930AAE9D
:106B5000844B089307A9844B09933046F9F738FC16
:106B6000CDE901540023ADF80030ADF8143096E8BB
:106B70000F00F5F739F881E1754B5B681B6B1B68FB
:106B800007930AAE794B089307A9794B09933046CE
:106B9000F9F728FC00238DF81830DDE90501CDE96F
:106BA00002548DE8030096E80F00F5F71DF965E142
:106BB000674B586803681B68FCF7F1BB644B586867
:106BC0000EB0BDE8F041F4F7F3BF6A4B4A681E68A7
:106BD0000AA8F9F7BBF89DF82C5015B19DF828705C
:106BE000012510363046F4F735FB80461DB1394695
:106BF0003046F4F731FB626821464046F9F7C0F8A9
:106C00003CE15C4B1B685B6907930AAE5A4B0893E7
:106C100007A95A4B09933046F9F7E4FB00238DF896
:106C20001830DDE90501CDE902548DE8030096E84E
:106C30000F00F5F7D9F821E14E4B4A681B680AA806
:106C40005E69F9F783F89DF82C50B84615B19DF8A8
:106C50002880012504363046F4F700FB07461DB1B5
:106C600041463046F4F7FCFA626821463846F9F7A7
:106C700087F803E13F4B1868036841681B68984731
:106C8000FCF78EBB3B4B1B68043307930AAE3A4BB1
:106C9000089307A9394B09933046F9F7A3FB002362
:106CA0008DF81830DDE90501CDE902548DE80300C7
:106CB00096E80F00F5F798F8E0E0314B07930AAE3D
:106CC0002D4B089307A92D4B09933046F9F78AFB02
:106CD00000238DF81830DDE90501CDE902548DE877
:106CE000030096E80F00F5F77FF8C7E0254A26492C
:106CF0005368086803440B609360FCF751BB234B57
:106D000007930AAE224B089307A9224B09933046FA
:106D1000F9F790FB00238DF81830DDE90501CDE986
:106D200002548DE8030096E80F00F5F77BF9A5E023
:106D3000144B626898682146F9F722F89EE0114AE0
:106D4000154BD16803EB81031B681361FCF728BB6B
:106D50001C1B0020C9BA010831CB010889B1010808
:106D600091B10108A9B10108ADB10108C1BA01088A
:106D700049CB0108181B0020B5B10108B9B10108C1
:106D8000141B002090190020B48D002094190020BD
:106D900001B2010805B20108A48F0020394B079306
:106DA0000AAE394B089307A9384B09933046F9F7D7
:106DB00019FB00238DF81830DDE90501CDE90254F7
:106DC0008DE8030096E80F00F5F70EF856E030491D
:106DD00030482346012237E02F4CA38A062B07D0E8
:106DE000082B05D02D482E4A052B18BF104600E071
:106DF0002C48023B9BB2062B96BF2B4A012132F84E
:106E00001310EDF769FE84ED060AFCF7C9BA274BAB
:106E100007930AAE1C4B089307A91C4B09933046F5
:106E2000F9F7E0FA00238DF81830DDE90501CDE926
:106E300002548DE8030096E80F00F4F7D5FF1DE03B
:106E400013491B48234601220EB0BDE8F041F4F778
:106E500055BF1148F3F7B6F8FCF7A2BA0E48F2F79F
:106E60000FFCFCF79DBA0C4803685B69FCF797BA06
:106E70000948F2F733FCFCF793BA00200EB0BDE8E6
:106E8000F08100BF9C190020B5B10108B9B101081B
:106E900081B10108A01900209019002000080240CB
:106EA0000000024000040240FCDC0208A41900209B
:106EB000A819002010B50446D9F7A8FAFCEEC07A4C
:106EC000012017EE903A237010BD00BF37B50DF1C9
:106ED00003000D46FFF7EEFF044650B19DF8033066
:106EE0008DF8043001238DF8053001992846F9F713
:106EF0009BF8204603B030BD37B50DF103000D46B9
:106F0000FFF7D8FF044650B19DF803308DF80430E8
:106F100001238DF8053001992846F8F795FF2046A2
:106F200003B030BD37B50DF103000D46FFF7C2FFCA
:106F3000044650B19DF803308DF8043001238DF8DC
:106F4000053001992846F9F73FF8204603B030BDD7
:106F500037B50DF103000D46FFF7ACFF044650B105
:106F60009DF803308DF8043001238DF80530019928
:106F70002846F9F719F9204603B030BD37B50DF1B1
:106F800003000D46FFF796FF044650B19DF803300D
:106F90008DF8043001238DF8053001992846F9F762
:106FA000D3F8204603B030BD37B50DF103000D46D0
:106FB000FFF780FF044650B19DF803308DF8043090
:106FC00001238DF8053001992846F9F78DF8204600
:106FD00003B030BD37B50DF103000D46FFF76AFF72
:106FE000044650B19DF803308DF8043001238DF82C
:106FF000053001992846F8F7B7FF204603B030BDA9
:1070000037B50DF103000D46FFF754FF044650B1AC
:107010009DF803308DF8043001238DF80530019977
:107020002846F9F731F8204603B030BD37B50DF1E9
:1070300003000D46FFF73EFF044650B19DF80330B4
:107040008DF8043001238DF8053001992846F8F7B2
:107050005BFF204603B030BD37B50DF103000D4690
:10706000FFF728FF044650B19DF803308DF8043037
:1070700001238DF8053001992846F8F715FF2046C1
:1070800003B030BD38B50120F4F7B4FAA74B04467D
:107090001880F4F7AFFAA64BA6491A6840EA0440F4
:1070A00012F00102086000F06A82A34B1A6812F025
:1070B000010200F04F82A14B1A6812F0010200F0A9
:1070C00034829F4B1A6812F0010200F019829D4B26
:1070D0001A6812F0010200F0FE819B4B1A6812F050
:1070E000010200F0E381994B1A6812F0010200F0EE
:1070F000C881974B1A6812F0010200F0AD81954BE0
:107100001A6812F0010200F09281934B1A6812F093
:10711000010200F07781914B1A6812F0010200F031
:10712000EF808F4B1A6812F0010200F0D4808D4B73
:107130001A6812F0010200F0B9808B4B1A6812F045
:10714000010200F09E80894B1A6812F0010200F0E3
:107150008380874B1A6812F0010268D0854B1A6849
:1071600012F001024ED0844B1A6812F0010234D0A2
:10717000824B1A6812F001021AD0814B1A6812F081
:10718000010200D038BD7F4C7F48804D012119603D
:10719000C4E900507E4904F10800F5F7FBFB7D4B84
:1071A00003F1180103F12802C4E90031A26038BDDF
:1071B000794C7548754D01211960C4E90050774933
:1071C00004F10800F5F7E6FB754B03F1180103F134
:1071D0002802C4E90031A260CFE7724C6A486B4DC7
:1071E00001211960C4E900506F4904F10800F5F766
:1071F000D1FB6E4B03F1180103F12802C4E9003101
:10720000A260B5E76A4C6048604D01211960C4E98D
:107210000050684904F10800F5F7BCFB664B03F128
:10722000180103F12802C4E90031A2609BE7634C16
:107230005548564D01211960C4E90050604904F1D8
:107240000800F5F7A7FB5F4B03F1180103F12802D3
:10725000C4E90031A26081E75B4C4B484B4D0121F2
:107260001960C4E90050594904F10800F5F792FB90
:10727000574B03F1180103F12802C4E90031A26061
:1072800067E7544C4048414D01211960C4E9005062
:10729000514904F10800F5F77DFB504B03F118014B
:1072A00003F12802C4E90031A2604CE74C4C364897
:1072B000364D01211960C4E900504A4904F1080023
:1072C000F5F768FB484B03F1180103F12802C4E904
:1072D0000031A26031E7454C2B482C4D012119604B
:1072E000C4E90050424904F10800F5F753FB414B53
:1072F00003F1180103F12802C4E90031A26016E786
:107300003D4C2148214D01211960C4E900503B4901
:1073100004F10800F5F73EFB394B03F1180103F1C6
:107320002802C4E90031A260FBE600BF9C8F002068
:10733000048E0020988F0020008E0020FC8D0020FD
:10734000F88D0020F48D0020F08D0020EC8D0020C1
:10735000E88D0020E48D0020E08D0020DC8D0020F1
:10736000D88D0020D48D0020D08D0020CC8D002021
:10737000C88D0020C48D0020C08D0020BC8D002051
:10738000B88D0020088E002088E5020898E50208E4
:107390000CDD020880E902081C8E00200CDD0208CA
:1073A0004CE90208308E00200CDD020818E90208C2
:1073B000448E00200CDD0208E4E80208588E00200C
:1073C0000CDD0208B0E802086C8E00200CDD02081B
:1073D0007CE80208808E00200CDD020848E80208E4
:1073E000948E00200CDD020814E80208A88E00200C
:1073F0000CDD0208E0E70208BC8E00200CDD02086C
:10740000ACE70208684C6948694D01211960C4E97C
:107410000050684904F10800F5F7BCFA664B03F127
:10742000180103F12802C4E90031A26073E6634C3D
:107430005E485F4D01211960C4E90050604904F1C4
:107440000800F5F7A7FA5F4B03F1180103F12802D2
:10745000C4E90031A26058E65B4C5448544D012108
:107460001960C4E90050594904F10800F5F792FA8F
:10747000574B03F1180103F12802C4E90031A2605F
:107480003DE6544C49484A4D01211960C4E9005079
:10749000514904F10800F5F77DFA504B03F118014A
:1074A00003F12802C4E90031A26022E64C4C3F48B7
:1074B0003F4D01211960C4E900504A4904F1080018
:1074C000F5F768FA484B03F1180103F12802C4E903
:1074D0000031A26007E6454C3448354D0121196062
:1074E000C4E90050424904F10800F5F753FA414B52
:1074F00003F1180103F12802C4E90031A260ECE5B0
:107500003D4C2A482A4D01211960C4E900503B49ED
:1075100004F10800F5F73EFA394B03F1180103F1C5
:107520002802C4E90031A260D1E5364C1F48204D45
:1075300001211960C4E90050334904F10800F5F74E
:1075400029FA324B03F1180103F12802C4E9003192
:10755000A260B6E52E4C1548154D01211960C4E90D
:1075600000502C4904F10800F5F714FA2A4B03F1F6
:10757000180103F12802C4E90031A2609BE5274C01
:107580000A480B4D01211960C4E90050244904F157
:107590000800F5F7FFF9234B03F1180103F1280266
:1075A000C4E90031A26080E5D08E002088E50208A1
:1075B00098E502080CDD020878E70208E48E002056
:1075C0000CDD020844E70208F88E00200CDD0208FA
:1075D00010E702080C8F00200CDD0208DCE6020830
:1075E000208F00200CDD0208A8E60208348F00205E
:1075F0000CDD020874E60208488F00200CDD02084A
:1076000040E602085C8F00200CDD02080CE6020850
:10761000708F00200CDD0208D8E50208848F00205E
:107620000CDD0208A4E5020882B08DE80C00049B82
:107630003BB1012B0AD1064B43600432054B02607B
:1076400003E0054B4360054B0260836002B0704766
:107650005DB2010861B20108B5B10108B9B1010814
:1076600082B08DE80C00049B23B1012B08D1536933
:10767000036005E0034B43601032034B02608360FC
:1076800002B0704755B2010859B2010882B08DE8C6
:107690000C00049B052B20D8DFE803F003080D1233
:1076A000141A0F4B436002600E4B15E00E4B436003
:1076B00002600E4B10E00E4B436002600D4B0BE07E
:1076C0000B3200E00C320C4B436002600B4B03E0CA
:1076D0000B4B43600B4B0260836002B0704700BFEE
:1076E000D1BA010819CB0108C9BA010831CB010888
:1076F00089B1010891B10108A9B10108ADB1010832
:10770000C1BA010849CB010882B08DE80C00049B86
:1077100023B1012B06D11368036003E0024B4360E1
:107720000832026002B07047A5B1010882B08DE84E
:107730000C00049B012B03D0022B03D043B902E0C1
:10774000043200E00832034B4360034B0260836065
:1077500002B0704789B1010891B1010882B08DE88B
:107760000C00049B0BB95368036002B07047000023
:1077700082B08DE80C00049B012B03D0022B03D0B8
:1077800043B902E0043200E00832034B4360034B8C
:107790000260836002B0704789B1010891B10108AD
:1077A00082B08DE80C00049B042B17D8DFE803F0AF
:1077B00003090B0D14000A4B43600832094B0260A9
:1077C00008E00C3202E0103200E01432064B436055
:1077D000064B0260836001E05368036002B07047AB
:1077E0004DB2010851B2010889B1010891B10108F7
:1077F00082B08DE80C00049B112B50D8DFE803F019
:10780000090E13181D1F21272C2E303537393F4103
:107810004749244B43600260234B3FE0234B4360C6
:107820000260234B3AE0234B43600260224B35E079
:10783000224B43600260224B30E0043222E00832E7
:1078400000E00C321F4B436002601F4B26E01F4BD1
:10785000436002601E4B21E010320BE0143211E055
:107860001C4B436002601C4B18E0183202E01C32D3
:1078700000E02032194B43600260194B0EE02932C0
:1078800000E02A32174B43600260174B06E02E32AD
:1078900000E03032154B4360154B0260836002B04C
:1078A000704700BF3DB2010841B2010801BB0108A9
:1078B00099CA0108F9BA0108B9CA0108EDBA010864
:1078C000D1CA010801B2010805B20108E5BA0108F0
:1078D000E9CA0108DDBA010805CB010889B1010830
:1078E00091B10108A9B10108ADB1010845B2010883
:1078F00049B2010882B010B502A981E80C00044623
:1079000010220021D9F7C8F92046BDE8104002B086
:10791000704700BFA1F10401ECE700BF82B08DE821
:107920000C00049B122B43D8DFE803F00A10121658
:10793000181C1E20222426282A2E3032343B4000D8
:107940001C4B436014321C4B026028E0173200E0ED
:1079500016321A4B026027E0183200E01C32184B36
:10796000026021E020321DE024321BE0483219E0A1
:10797000283217E0503215E02C3213E0543211E077
:107980005C32104B02600FE04C320BE0303209E009
:107990003C3207E00C4B436040320C4B026083608A
:1079A00006E044320A4B0260436001E0D3680360A2
:1079B00002B0704731B2010835B20108A5B1010823
:1079C00039B20108A1B1010801B2010805B20108EC
:1079D00081B1010882B08DE80C00049B062B2DD8E4
:1079E000DFE803F004070B11151D2400144B02609F
:1079F0001AE002F5615204321BE002F561520532D1
:107A0000104B026010E002F56152083202E002F50C
:107A100061520C320C4B436002600C4B0DE002F5DE
:107A2000615210320A4B0260436007E002F5615276
:107A30001432084B4360084B0260836002B0704709
:107A4000B1B10108A5B1010889B1010891B10108DE
:107A500081B10108A9B10108ADB1010882B08DE87A
:107A60000C00049B162B5FD8DFE803F00C0F1317F4
:107A70001B1F242A2C2E30324834363C3E404246CE
:107A80004E565C0002F562521EE002F5625211325F
:107A900023E002F5625213321FE002F56252103207
:107AA0001BE002F56252123217E0204B4360026085
:107AB0001F4B35E01F4B436001321F4B02602FE02C
:107AC00004321CE008321AE00C3218E0103216E0E2
:107AD000143214E01C3212E02032184B4360026072
:107AE000174B1DE024320AE0303208E0283206E06D
:107AF00002F5625214320AE002F562521832114B5A
:107B000043600260104B0BE002F562521C320F4BD7
:107B1000436002600E4B03E00E4B43600E4B02606D
:107B2000836001E03432026002B0704719B201088C
:107B30001DB2010821B2010825B20108A9B101084E
:107B4000ADB1010889B1010891B1010829B201085C
:107B50002DB201080DBB010881CA010882B08DE871
:107B60000C00049B0A2B32D8DFE803F0060C11133B
:107B70001517191D22282F00164B43601432164B7F
:107B8000026020E0154B43600260154B1BE044325D
:107B90000FE048320DE0303202E0343200E03C3297
:107BA000104B026002E055320F4B026043600EE062
:107BB00038320E4B436002600D4B04E00D4B4360C6
:107BC00056320D4B0260836001E0D368036002B05F
:107BD000704700BF11B2010815B2010819BB0108B6
:107BE00065CA010881B10108A5B1010889B1010880
:107BF00091B10108A9B10108ADB1010882B08DE8C9
:107C00000C00049B152B54D8DFE803F00B10121462
:107C1000161B2022282E30323436383A3F41434555
:107C20004B4D254B43600260244B41E0043210E091
:107C3000083239E00C3237E0214B43600260214BBF
:107C400036E0214B43600260204B31E018322BE0DC
:107C50001C321F4B436002601E4B29E01E4B4360E9
:107C600020321E4B026023E024321DE028321BE04C
:107C70002C3219E0383217E03C3215E0303213E094
:107C8000174B43600260174B12E040320CE0443265
:107C90000AE0483208E0144B43604C32134B026058
:107CA00006E0503200E05432114B4360114B026049
:107CB000836002B0704700BF45BB010801CA0108DC
:107CC0003DBB01081DCA010831BB010835CA0108C6
:107CD00001B2010805B2010809B201080DB201089C
:107CE00025BB01084DCA0108A9B10108ADB10108C1
:107CF00089B1010891B1010882B010B502A981E8EB
:107D00000C00044610220021D8F7C6FF2046BDE82B
:107D1000104002B0704700BFA1F10401ECE700BFC2
:107D200082B08DE80C00049B0B2B1FD8DFE803F01A
:107D30001B06080A0C0E10121416181A023212E052
:107D4000043210E006320EE008320CE00A320AE09B
:107D50000C3208E00E3206E0103204E0123202E08B
:107D6000143200E01632024B0260436002B07047EA
:107D7000FDB1010882B010B502A981E80C000446EB
:107D800010220021D8F788FF2046BDE8104002B03D
:107D9000704700BFA1F10401ECE700BF82B08DE89D
:107DA0000C00049B13B9024B0260436002B07047A1
:107DB000F9B1010882B08DE80C00049B102B31D87A
:107DC000DFE803F02B090B0D0F11131517191B1DFD
:107DD0001F2123252A0004321FE008321DE00C3247
:107DE0001BE0103219E0143217E0183215E01C3293
:107DF00013E020320CE024320FE028320DE02C3268
:107E00000BE0303204E0343202E0383205E03C323C
:107E1000054B0260436005E04032044B4360044B75
:107E20000260836002B0704781B1010889B1010826
:107E300091B1010882B010B502A981E80C00044696
:107E400010220021D8F728FF2046BDE8104002B0DC
:107E5000704700BFA1F10401ECE700BF82B08DE8DC
:107E60000C00049B0C2B33D8DFE803F0070D111531
:107E70001719202224292B2D3000164B4360643221
:107E8000154B026010E06632144B026015E0673259
:107E9000134B026011E068320DE06C320BE070327F
:107EA000104B4360104B0260836011E07432F7E7BF
:107EB0007832F5E7E8320D4B0260436008E07C322F
:107EC00002E0C03200E04C32026001E0136A03605D
:107ED00002B07047EDB10108F1B10108F5B1010838
:107EE000A5B1010889B1010891B1010881B101086A
:107EF00082B08DE80C00049B072B1ED8DFE803F04E
:107F00000412090B0D0F11170D4B436002600D4B4E
:107F100012E0043206E0083204E00C3202E01432CF
:107F200000E01832084B43600260084B04E0084B45
:107F300043601C32074B0260836002B0704700BF91
:107F40004DBB0108DDC9010889B1010891B10108E3
:107F5000A9B10108ADB1010882B08DE80C00049B05
:107F6000012B09D0022B0CD06BB9084B4360203297
:107F7000074B0260836006E0064B436010320260EC
:107F800001E0936A036002B0704700BFE5B10108E9
:107F9000E9B1010881B1010882B08DE80C00049BB1
:107FA000012B03D0022B07D063B900E00432064B4B
:107FB00043600260054B04E0054B43600832054B0B
:107FC0000260836002B0704789B1010891B1010875
:107FD000A9B10108ADB1010882B08DE80C00049B85
:107FE000012B09D0022B0CD06BB9084B4360203217
:107FF000074B0260836006E0064B4360103202606C
:1080000001E0936A036002B0704700BFE5B1010868
:10801000E9B1010881B1010882B08DE80C00049B30
:10802000082B1ED8DFE803F00E0507090B0D13150A
:108030001700043206E0083204E00C3202E010328D
:1080400000E01432084B43600260084B08E018322D
:1080500002E0193200E01A32054B4360054B026022
:10806000836002B0704700BF89B1010891B1010877
:10807000A9B10108ADB1010882B08DE80C00049BE4
:10808000042B10D8DFE803F00A03050709000432C7
:1080900004E0083202E00C3200E01032034B43608F
:1080A000034B0260836002B0704700BF89B10108D2
:1080B00091B1010882B08DE80C00049B132B44D8C9
:1080C000DFE803F0360A0C0E10121416181A2022DC
:1080D000272C2E3033353B3D013229E0023227E098
:1080E000033225E0043223E0053221E006321FE0AE
:1080F00007321DE0083200E00C32154B436002608D
:10810000144B21E0103213E0134B43600260134B19
:108110001AE0134B43600260124B15E0183202E084
:10812000343200E0503202600FE06C3208E070320E
:108130000D4B436002600D4B06E0743200E0783274
:108140000B4B43600B4B0260836002B0704700BF73
:1081500089B1010891B101085DBB0108ADC90108F1
:1081600055BB0108C5C90108A9B10108ADB1010895
:10817000B5B10108B9B1010882B010B502A981E812
:108180000C00044610220021D8F786FD2046BDE8E9
:10819000104002B0704700BFA1F10401ECE700BF3E
:1081A00082B010B502A981E80C000446102200211B
:1081B000D8F772FD2046BDE8104002B0704700BFFE
:1081C000A1F10401ECE700BF82B08DE80C00049B34
:1081D000102B42D8DFE803F0090F13171D21262DBD
:1081E0002F31333537393B3D3F001D4B4360503213
:1081F0001C4B02601BE054321B4B026010E0536FBB
:1082000003601A4B0CE01A4B43606632194B026054
:108210000DE07832184B026002E07C32174B0260AE
:1082200043601AE0164B43607D32164B0260836058
:1082300013E0D36810E0D3690EE0136A0CE0536AD0
:108240000AE0936908E0136906E0536904E0936A61
:1082500002E0D36A00E0136B036002B0704700BF16
:10826000CDB10108D1B10108A5B10108D5B101080E
:10827000D9B10108DDB10108B1B10108E1B10108CE
:10828000A9B10108ADB1010882B08DE80C00049BD2
:10829000012B07D0022B07D063B9074B4360026064
:1082A000064B06E0043200E00832054B4360054B04
:1082B0000260836002B07047BDB10108C5B101081A
:1082C00089B1010891B1010882B08DE80C00049BCE
:1082D000122B3CD8DFE803F01D0A10121416181AEE
:1082E0001C222426282F313335373900194B43609F
:1082F000E832194B02601CE001320AE0023208E069
:10830000043212E0083210E00C320EE010320CE0C1
:108310001432124B43600260114B0AE0183204E041
:108320001C3202E0203200E024320E4B43600E4B40
:10833000026083600BE0283208E0343206E040320D
:1083400004E04C3202E0A03200E0AC32026002B045
:10835000704700BFB5B10108B9B10108A9B1010862
:10836000ADB1010889B1010891B1010882B08DE871
:108370000C00049B032B0ED8DFE803F0020507096D
:10838000064B026006E0043202E0083200E00C32E4
:10839000034B0260436002B0704700BFA1B1010807
:1083A000B1B1010882B08DE80C00049B012B03D011
:1083B000022B03D033B902E0043200E00832024B52
:1083C0000260436002B07047B1B1010882B010B5DD
:1083D00002A981E80C00044610220021D8F75CFCB9
:1083E0002046BDE8104002B0704700BFA1F1040173
:1083F000ECE700BF82B08DE80C00049B132B36D84D
:10840000DFE803F00A0C0E10121416181A1C1E20B6
:10841000222426282A2C3133043220E008321EE0A0
:108420000C321CE010321AE0143218E0183216E058
:108430001C3214E0283212E0203210E024320EE028
:108440002C320CE030320AE0343208E0383206E0F8
:108450003C3204E0403202E0443200E04832054B56
:108460000260436003E0D36C00E0136D036002B070
:10847000704700BFB1B1010882B010B502A981E810
:108480000C00044610220021D8F706FC2046BDE867
:10849000104002B0704700BFA1F10401ECE700BF3B
:1084A00082B010B502A981E80C0004461022002118
:1084B000D8F7F2FB2046BDE8104002B0704700BF7D
:1084C000A1F10401ECE700BF82B010B502A981E878
:1084D0000C00044610220021D8F7DEFB2046BDE840
:1084E000104002B0704700BFA1F10401ECE700BFEB
:1084F00082B010B502A981E80C00044610220021C8
:10850000D8F7CAFB2046BDE8104002B0704700BF54
:10851000A1F10401ECE700BF82B08DE80C00049BE0
:10852000132B4FD8DFE803F00A0C11171B1D1F2176
:108530002325272B2E3436393E404347D36900E0AC
:10854000136A0360204B43603CE0204B43602432BD
:108550001F4B026035E0936A03601E4BF3E7303235
:108560000AE0313208E0323206E0333204E03432DD
:1085700002E0353200E03632174B0260E3E7936BDE
:1085800003600DE0D36B0360144B4360144B18E0A1
:10859000403200E09432026014E002F5C0720260E2
:1085A000104BD0E7104B03E00F4B5B6801E00F4B23
:1085B0001B68036006E00E4B436002F5C2720D4B70
:1085C0000260836002B0704781B1010889B101087F
:1085D00091B1010899B10108A1B10108A9B101083F
:1085E000ADB10108A5B101081C1B0020181B00201B
:1085F000B5B10108B9B1010837B51D46D1E900038D
:108600001446984710EE100ADFF7CEFB044ACDE976
:10861000000129462046DBF775F9012003B030BD83
:108620005CDC020837B51D46D1E9000314469847C3
:10863000044ACDE9000129462046DBF763F9012011
:1086400003B030BD75DC020870B51E46D1E90003E9
:1086500015469847034A034631462846DBF752F948
:10866000012070BD67DC020810B5D1E90003144693
:1086700098470023303020706370012010BD000047
:1086800070B51E46D1E9000315469847034A0346D4
:1086900031462846DBF736F9012070BD5FDC020861
:1086A00070B51E46D1E9000315469847034A0346B4
:1086B00031462846DBF726F9012070BD67DC020849
:1086C00070B51E46D1E9000315469847034A034694
:1086D00031462846DBF716F9012070BD67DC020839
:1086E00070B51E46D1E9000315469847034A034674
:1086F00031462846DBF706F9012070BD67DC020829
:1087000070B51E46D1E9000315469847034A034653
:1087100031462846DBF7F6F8012070BD6ADC020816
:1087200070B51E46D1E9000315469847034A034633
:1087300031462846DBF7E6F8012070BD6ADC020806
:1087400070B51E46D1E9000315469847034A034613
:1087500031462846DBF7D6F8012070BD6EDC0208F2
:108760002DE9F04192B005469DF860409DF8640007
:1087700000940F460190402102A8DBF7C3F82B6854
:108780004028064628BF4026D3F800800446002330
:10879000324602A92846C047C7B154B1002302ACF3
:1087A000194614F801CB0131B1428CEA0303F8D326
:1087B0001C4623460A4A402102A8DBF7A3F8296891
:1087C00002460C68002302A92846A0472B680549E9
:1087D0001C68022200232846A04712B0BDE8F081A1
:1087E000E4C10208E8C102082DE9F04190B0054655
:1087F0000F4668464021DBF785F82B68402806467F
:1088000028BF4026D3F8008004460023324669463C
:108810002846C047C7B154B100236C46194614F826
:1088200001CB0131B1428CEA0303F8D31C46234645
:108830000A4A40216846DBF765F8296802460C6859
:10884000002369462846A0472B6805491C68022278
:1088500000232846A04710B0BDE8F081E4C102081B
:10886000E8C10208704700000B1A00B54FEAA30EDA
:10887000BEF1000F19DD137800EB8E0E0EE090F8BC
:1088800001C09C4524D090F802C09C4523D090F8AC
:1088900003C09C4522D00430864505D090F800C026
:1088A0009C45ECD15DF804FB0B1A022B05D0032B81
:1088B00019D0012B15D00846F4E7137802789A42B4
:1088C000F0D0013002789A4218BF08465DF804FBE8
:1088D00001305DF804FB02305DF804FB03305DF805
:1088E00004FB1378EEE7137802789A42DAD001306D
:1088F000E4E700BF2DE9F04F0D4614469C460746BD
:1089000006460FCD0FC793B02B683B600DAA00231E
:1089100004EB0C0120468DF83430FFF7A5FF4FF033
:108920002E0B8046444556D23569002D53D00DAAF2
:10893000414620468DF834B0FFF796FFAB680596A8
:1089400007462E46A0EB040A06934FF00009254681
:10895000069B99452ED0726852F839404FEAC903F8
:108960005246214628460793DAF740FDF8B92046DB
:10897000D8F726F982451AD13546059E2C68CDF8E0
:108980000890D6E902018DE80300294696E80C001C
:10899000246808A8A0476B68079A134408ADD3F869
:1089A00004C0CDF830C00FCD0DAC0FC405E009F107
:1089B0000109CDE7059E4FF0000CCDF844C00DAD88
:1089C0000FCD34460FC401374745C4F800C03C46BC
:1089D00028BF4446A6E7304613B0BDE8F08F00003C
:1089E000014A01600261704774D000202DE9F04116
:1089F00090B005460F4668464021DAF783FF2B68A2
:108A00004028064628BF4026D3F8008004460023AD
:108A1000324669462846C047C7B154B100216C466A
:108A20000B4614F801CB01318E428CEA0303F8D8CF
:108A30001C4623460A4A40216846DAF763FF296844
:108A400002460C68002369462846A0472B68054962
:108A50001C68022200232846A04710B0BDE8F08120
:108A6000E4C10208E8C102082DE9F04190B00546D2
:108A70000F4668464021DAF745FF2B684028064636
:108A800028BF4026D3F800800446002332466946BA
:108A90002846C047C7B154B100216C460B4614F8B4
:108AA00001CB01318E428CEA0303F8D81C462346E1
:108AB0000A4A40216846DAF725FF296802460C6811
:108AC000002369462846A0472B6805491C680222F6
:108AD00000232846A04710B0BDE8F081E4C1020899
:108AE000E8C1020838B59C499C48FFF779FF9C4BC8
:108AF0001A6812F0010200F09D869A4B1A6812F073
:108B0000010200F08186984B1A6812F0010200F011
:108B10006A86964B1A6812F0010200F05386944B55
:108B20001A6812F0010200F03C86924B1A6812F0AB
:108B3000010200F02086904B1A6812F0010200F04A
:108B400009868E4B1A68D10740F1F8858C4B1A685C
:108B5000D20740F1E7858B4B1A68D50740F1D685DF
:108B6000894B1A6812F0010200F0BA85874B1A6827
:108B700012F0010200F09E85854B1A68D40740F17F
:108B80008D85844B1A68D00740F17C85824B1A682A
:108B900012F0010200F06085804B1A6812F00102A9
:108BA00000F049857E4B1A6812F0010200F02D8515
:108BB0007C4B1A6812F0010200F016857A4B1A6895
:108BC00012F0010200F0FA84784B1A68D10740F1E4
:108BD0005A84774B1A68D20740F14984754B1A685A
:108BE000D50740F13884744B1A6812F0010200F086
:108BF0001C84724B1A68D40740F10B84704B1A68BE
:108C0000D00740F1FA836F4B1A68D10740F1EA832D
:108C10006D4B1A68D20740F1DA836C4B1A6812F078
:108C2000010200F0BF836A4B1A6812F0010200F0E3
:108C3000A983684B1A68D50740F19983664B1A6877
:108C400012F0010200F08383644B1A68D40740F1EC
:108C50007483634B1A6812F0010200F05E83614B6B
:108C60001A68D00740F14E835F4B1A6812F0010278
:108C700000F033835D4B1A6812F0010200F0188394
:108C80005B4B1A68D10740F108835A4B1A68D20728
:108C900040F1F882584B1A6812F0010200F0DD82B0
:108CA000564B1A6812F0010200F0C282544B1A6847
:108CB00012F0010200F0A782524B1A6812F0010272
:108CC00000F08C82504B1A68D50740F1EB814F4B76
:108CD0001A68D40740F1DB814D4B1A68D00740F188
:108CE000CB814C4B1A6812F0010200F0B0814A4B64
:108CF0001A6812F0010200F09A81484B1A6812F0CB
:108D0000010200F07F81464B1A68D10740F16F8164
:108D1000444B1A68D20740F15F81434B1A6812F046
:108D2000010200F04481414B1A68D50740F13481BB
:108D30003F4B1A68D40740F124813E4B1A68D00794
:108D400040F114813C4B1A68D10740F105813B4B3F
:108D50001A68D20774E000BF90190020A8D3002041
:108D600070D00020048E00206CD0002068D000203D
:108D700064D00020008E002060D000205CD0002055
:108D800058D0002054D00020FC8D0020F88D002009
:108D900050D000204CD00020F48D002048D000207E
:108DA000F08D002044D00020EC8D002040D0002029
:108DB0003CD0002038D00020E88D002034D00020A6
:108DC00030D000202CD0002028D00020E48D0020BE
:108DD00024D0002020D000201CD0002018D000205B
:108DE00014D0002010D00020E08D0020DC8D002069
:108DF0000CD0002008D00020D88D0020D48D002079
:108E0000D08D0020CC8D002004D0002000D0002088
:108E1000FCCF0020C88D0020F8CF0020C48D00209A
:108E2000F4CF0020F0CF0020C08D0020ECCF002038
:108E3000E8CF0020E4CF0020E0CF0020DCCF0020EE
:108E40007FD59E4B1A68D50770D59D4B1A68D407FD
:108E500061D59C4B1A6812F0010247D09A4B1A68F0
:108E600012F001022DD0994B1A68D0071ED5984BED
:108E70001A68D1070FD5974B1A68D20700D538BDAD
:108E8000954C96490120186014222046F3F782FD84
:108E9000934B236038BD934C934901201860022204
:108EA0002046F3F777FD914B2360E4E7904C91491E
:108EB0000120186002222046F3F76CFD8E4B2360E0
:108EC000D5E78E4C8E488F4D01211960C4E90050C2
:108ED0008D4904F10800F3F75DFD8C4B03F1180197
:108EE00003F12802C4E90031A260BCE7884C844841
:108EF000844D01211960C4E90050864904F108003D
:108F0000F3F748FD844B03F1180103F12802C4E98B
:108F10000031A260A2E7814C814901201860112232
:108F20002046F3F737FD7F4B236092E77E4C7F4965
:108F30000120186002222046F3F72CFD7C4B2360B1
:108F400083E77C4C7C490120186006222046F3F719
:108F500021FD7A4B236074E7794C7A49012220463F
:108F60001A60F3F717FD784B2360F0E6774C7849E9
:108F70000120186003222046F3F70CFD754B236097
:108F8000E0E6754C75490120186005222046F3F78C
:108F900001FD734B2360D0E6724C734901201860C9
:108FA00003222046F3F7F6FC704B2360C0E6704CBA
:108FB0005348544D01211960C4E900506D4904F132
:108FC0000800F3F7E7FC6C4B03F1180103F12802EA
:108FD000C4E90031A260A6E6684C69490120186026
:108FE00013222046F3F7D6FC664B236095E6664CC9
:108FF00066490120186012222046F3F7CBFC644B2F
:10900000236085E6634C3E483E4D01211960C4E96A
:109010000050614904F10800F3F7BCFC5F4B03F119
:10902000180103F12802C4E90031A2606BE65C4C30
:10903000334D20460121196040F8045B5949F3F78C
:10904000A9FC594B03F11402C4E9003255E6574C10
:109050002B482C4D01211960C4E90050544904F1FA
:109060000800F3F797FC534B03F1180103F12802B2
:10907000C4E90031A2603AE64F4C50490120186023
:109080000B222046F3F786FC4D4B236029E64D4C1E
:109090004D490120186017222046F3F77BFC4B4B0B
:1090A000236019E64A4C4B490120186007222046EC
:1090B000F3F770FC484B236009E600BFD8CF0020CF
:1090C000D4CF0020BC8D0020B88D0020D0CF002050
:1090D000CCCF0020C8CF002074D0002030880308F7
:1090E0000C95030880D00020607F0308D497030804
:1090F0008CD00020507F0308E0970308088E0020E2
:1091000088E5020898E502080CDD020880E90208FB
:109110001C8E00200CDD02084CE9020898D00020CB
:1091200020860308F4950308A4D00020A07F03083C
:10913000BC970308B0D00020707F0308C8970308CD
:10914000BCD00020C87F0308A4970308C8D0002023
:10915000B07F0308B0970308D4D00020E87F03084D
:109160008C970308E0D00020D07F0308989703086D
:10917000308E00200CDD020818E90208ECD0002037
:10918000A080030854970308F8D00020108003083B
:1091900080970308448E00200CDD0208E4E80208F2
:1091A00004D10020A080030860970308588E002097
:1091B0000CDD0208B0E8020814D100202882030860
:1091C0003097030820D10020708103083C970308E2
:1091D0002CD100203881030848970308B04CB148CF
:1091E000B14D01211960C4E90050B04904F10800F3
:1091F000F3F7D0FBAE4B03F1180103F12802C4E9E9
:109200000031A2605EE5AB4CA648A74D0121196074
:10921000C4E90050A84904F10800F3F7BBFBA74BD1
:1092200003F1180103F12802C4E90031A26043E50B
:10923000A34C9C489C4D01211960C4E90050A149F0
:1092400004F10800F3F7A6FB9F4B03F1180103F1AB
:109250002802C4E90031A26028E59C4C9148924D57
:1092600001211960C4E90050994904F10800F3F79D
:1092700091FB984B03F1180103F12802C4E9003176
:10928000A2600DE5944C9549012018600D222046FE
:10929000F3F780FB924B2360FCE4924C924901204F
:1092A000186016222046F3F775FB904B2360ECE420
:1092B0008F4C7C487C4D01211960C4E900508D49D8
:1092C00004F10800F3F766FB8B4B03F1180103F17F
:1092D0002802C4E90031A260D2E4884C7148724D82
:1092E00001211960C4E90050854904F10800F3F731
:1092F00051FB844B03F1180103F12802C4E900314A
:10930000A260B7E4804C8149012018600C222046FD
:10931000F3F740FB7E4B2360A6E47E4C614D204674
:109320000121196040F8045B7B49F3F733FB7B4B69
:1093300003F11402C4E9003291E4794C7949012225
:1093400020461A60F3F726FB774B236081E4774CC5
:10935000544D20460121196040F8045B7449F3F72D
:1093600019FB744B03F11402C4E900326CE4724C33
:1093700072490120186011222046F3F70BFB704B55
:1093800023605BE46F4C474D20460121196040F893
:10939000045B6D49F3F7FEFA6C4B03F11402C4E968
:1093A000003246E46A4C3F483F4D01211960C4E950
:1093B0000050684904F10800F3F7ECFA664B03F13A
:1093C000180103F12802C4E90031A2602BE4634CC8
:1093D00063490120186003222046F3F7DBFA614B52
:1093E00023601AE4604C614901201860082220467D
:1093F000F3F7D0FA5E4B23600AE45E4C5E4901202D
:10940000186003222046F3F7C5FA5C4B2360FFF790
:10941000FABB5B4C5B490120186003222046F3F73E
:10942000B9FA594B2360FFF7E9BB584C1D481E4D54
:1094300001211960C4E90050554904F10800F3F70F
:10944000A9FA544B03F1180103F12802C4E90031D1
:10945000A260FFF7CEBB504C504901201860142287
:109460002046F3F797FA4E4B2360FFF7BCBB4D4CF9
:109470004D490120186009222046F3F78BFA4B4B27
:109480002360FFF7ABBB4A4C4A4901201860052214
:109490002046F3F77FFA484B2360FFF79ABB00BFE3
:1094A0006C8E002088E5020898E502080CDD0208B1
:1094B0007CE80208808E00200CDD020848E80208E3
:1094C000948E00200CDD020814E80208A88E00200B
:1094D0000CDD0208E0E7020838D1002020840308F0
:1094E0009496030844D1002080820308249703083F
:1094F000BC8E00200CDD0208ACE70208D08E0020F4
:109500000CDD020878E7020850D100203083030800
:10951000F89603085CD10020308303080497030801
:109520006CD1002090830308CC96030878D10020EA
:1095300090830308D896030888D1002098830308F5
:10954000C096030894D1002020840308A096030845
:10955000E48E00200CDD020844E70208A4D10020BC
:10956000C88403087C960308B0D1002088840308CF
:1095700088960308BCD10020F88403086496030889
:10958000C8D10020E084030870960308F88E0020FC
:109590000CDD020810E70208D4D100208085030802
:1095A00040960308E0D10020108503085896030870
:1095B000ECD10020588503084C960308A64CA74818
:1095C000A74D01211960C4E90050A64904F1080023
:1095D000F3F7E0F9A44B03F1180103F12802C4E901
:1095E0000031A260FFF7F0BAA04C9C4D204601214B
:1095F000196040F8045B9E49F3F7CCF99D4B03F1E9
:109600001402C4E90032FFF7D9BA9B4C9348944D39
:1096100001211960C4E90050984904F10800F3F7EA
:10962000B9F9974B03F1180103F12802C4E900319D
:10963000A260FFF7BDBA934C884D20460121196006
:1096400040F8045B9049F3F7A5F9904B03F114023D
:10965000C4E90032FFF7A6BA8D4C8048804D012145
:109660001960C4E900508B4904F10800F3F792F93E
:10967000894B03F1180103F12802C4E90031A2600B
:10968000FFF78ABA854C86490120186013222046CC
:10969000F3F780F9834B2360FFF778BA824C834954
:1096A0000120186003222046F3F774F9804B2360F1
:1096B000FFF767BA7F4C6948694D01211960C4E919
:1096C00000507D4904F10800F3F764F97B4B03F186
:1096D000180103F12802C4E90031A260FFF74CBA77
:1096E000774C5E485E4D01211960C4E90050754910
:1096F00004F10800F3F74EF9734B03F1180103F17D
:109700002802C4E90031A260FFF730BA6F4C7049FB
:109710000120186014222046F3F73CF96D4B2360BA
:10972000FFF71EBA6C4C6D490120186004222046D8
:10973000F3F730F96A4B2360FFF70DBA694C6A49B9
:109740000120186003222046F3F724F9674B2360B9
:10975000FFF7FCB9664C414D20460121196040F8E5
:10976000045B6449F3F716F9634B03F11402C4E98F
:109770000032FFF7E6B9614C3848394D01211960D4
:10978000C4E900505E4904F10800F3F703F95D4BAA
:1097900003F1180103F12802C4E90031A260FFF7C8
:1097A000CAB9594C2D4D20460121196040F8045B7F
:1097B0005649F3F7EFF8564B03F11402C4E90032AF
:1097C000FFF7B3B9534C254D20460121196040F8ED
:1097D000045B5149F3F7DEF8504B03F11402C4E97E
:1097E0000032FFF79CB94E4C1C4D204601211960F8
:1097F00040F8045B4B49F3F7CDF84B4B03F11402EF
:10980000C4E90032FFF785B9484C1448144D0121D2
:109810001960C4E90050464904F10800F3F7BAF8AA
:10982000444B03F1180103F12802C4E90031A2609E
:10983000FFF769B9404C094D20460121196040F8F5
:10984000045B3E49F3F7A6F83D4B03F11402C4E96B
:109850000032FFF752B900BF0C8F002088E50208E4
:1098600098E502080CDD0208DCE60208F8D10020C9
:109870002086030820960308208F00200CDD0208B4
:10988000A8E6020808D200202086030800960308F4
:10989000348F00200CDD020874E6020818D2002084
:1098A000C0860308DC95030824D20020A88603089C
:1098B000E8950308488F00200CDD020840E6020806
:1098C0005C8F00200CDD02080CE6020830D200207C
:1098D00090870308989503083CD200205887030816
:1098E000D095030848D2002078870308C495030860
:1098F00054D2002090870308A4950308708F00209D
:109900000CDD0208D8E5020864D200203088030884
:109910007895030874D2002030880308589503080E
:1099200084D200203088030838950308848F0020F3
:109930000CDD0208A4E5020894D200203088030858
:10994000189503082DE9F0438E46ADF54D7D0029AD
:1099500054D015460022014600F1FF3C4FF0FF367F
:10996000174608E0B24203D22A2C14BF67401E46B5
:109970009E4547D01A461CF8014F3B2C02F10103CB
:10998000F0D1B2F5807F28BF4FF480720DF50B79CE
:1099900014464846D8F7F8FF4FF00008B44209F8DB
:1099A000048031D899F80020A2F16303142B00F24F
:1099B000FE81DFE813F03B00FC01FC015300FC01D9
:1099C0006700B300FC01FC01FC01FC01FC01FC018F
:1099D000D500F90025015201AD01CB01DB011500D5
:1099E000AA4948464BAB0BAAD6F720FF002800F344
:1099F000E781A74A41462846FEF7F8FF0DF54D7D61
:109A0000BDE8F0837246BCE74E44A2494BAA3046FB
:109A1000D6F70CFF0028F1DD4B9B9F42EED106F8F4
:109A2000018C99F800204FF00108BDE79A4948469B
:109A30004BAB0BAAD6F7FAFE0128DADD0B9B012B04
:109A400017D8964A4B9952F823008369DA680124A3
:109A500014700268996413689847CFE790490BAA7D
:109A60004846D6F7E3FE0028C3DD0B9B012B40F2EE
:109A7000D3818C4A41462846FEF7B6FE0DF54D7D52
:109A8000BDE8F08341462846874AFEF7AFFF4146CE
:109A90002846864AFEF7AAFF41462846844AFEF732
:109AA000A5FF41462846834AFEF7A0FF41462846C7
:109AB000814AFEF79BFF41462846804AFEF796FF03
:109AC000414628467E4AFEF791FF41462846774A9E
:109AD000FEF78CFF414628467A4AFEF787FF41464B
:109AE0002846794AFEF782FF41462846774AFEF724
:109AF0007DFF414628466D4AFEF778FF41462846DD
:109B0000734AFEF773FF41462846724AFEF76EFF1E
:109B1000714A41462846FEF769FF6FE76F4C704A6D
:109B200094F83230019394F83130009394F8303047
:109B300041462846FEF714FE94F83530019394F818
:109B4000341094F83330674A009128464146FEF7B6
:109B500007FE654B654A41462846FEF785FF4DE7FF
:109B60004BAC0BAE05AA624901944846009606AB81
:109B7000D6F75CFE012802467FF73BAF059B012B21
:109B80003FF677AF4548069950F823008369DD68B2
:109B90000327022A2F7019642BD031685964BA4206
:109BA00027D022689A6424E04BAC0BAE05AA514939
:109BB00001944846009606ABD6F738FE01280246C7
:109BC0007FF717AF059B012B3FF653AF3349069D37
:109BD00051F823008369D9680327022A0F701D6496
:109BE00007D035680D61BA4203D0426A2168126A13
:109BF000D16202680121126883F854109047FDE693
:109C00003D494BAA4846D6F711FE00287FF7F1AE32
:109C10000BA83A494FF480734BAAFEF76BFE0F98DE
:109C2000FEF720FE002800F0F180354A35496FF03C
:109C3000010301F007F8002800F0E88003680BA991
:109C40001C6806AA0A23A047002800F0D58006AAAF
:109C500041462846FEF7CAFED0E699F80130732B3C
:109C600000F0D080652B00F01681722B7FF4C6AE19
:109C7000BFF34F8F2449254BCA6802F4E0621343B7
:109C8000CB60BFF34F8F00BFFDE700BF3CC40208AD
:109C9000FCC1020867DC020844C202081C1B002049
:109CA00054C2020814C202085CC20208D0C10208F1
:109CB00088C20208B0C20208D4C20208F8C2020870
:109CC00014C3020828C3020868C302087CC3020840
:109CD00094C30208A4C30208B8C302089019002064
:109CE000C4C30208E0C30208ACCF0020FCC30208D2
:109CF000ECC1020828C2020810C40208A8D3002040
:109D00003CDD020818DD020800ED00E00400FA0561
:109D1000634948464BAB0BAAD6F788FD01287FF76D
:109D200068AE0B9B012B3FF6A4AE5E4A52F82300AF
:109D30008369DA6840F20354148002684B9C12680D
:109D40001C64012183F85410904757E656494BAAEA
:109D50004846D6F76BFD00287FF74BAE4B9B012B97
:109D60003FF687AE4F4A52F823001CE04BAC06AAE0
:109D70004E49009448460BABD6F758FD01280246E1
:109D80007FF737AE069B012B3FF673AE45480B9924
:109D900050F8230083690226DD68B2422E705964B0
:109DA00001D022689A6403681B68984726E6002A57
:109DB0003FF424AE3E4A41462846FEF717FE1DE614
:109DC00006A83C490BAA4FF48073FEF793FD0A984E
:109DD000FEF748FDD0B1384A38496FF0010300F072
:109DE00031FF98B103684BAA5C6806A94FF48073F1
:109DF000A04700287FF402AE314A41462846FEF7CC
:109E0000F5FDFBE52F48F0F7DDF8F7E52E4A414672
:109E10002846FEF7EBFDF1E5224A52F823301C6993
:109E2000E06CDDF7C1FFCDE90201A06CDDF7BCFFFE
:109E3000264ACDE9000140214BA8D9F763FD2B68E4
:109E4000402828BF40201C680646024600234BA934
:109E50002846A047B8F1000F15D000234BAC194697
:109E600014F8012B01318E4283EA0203F8D8184A14
:109E700040214BA8D9F746FD296802460C6800230B
:109E80004BA92846A0472B6812491C6802220023D0
:109E90002846A047B2E50B48EFF7F2FBAEE500BF5E
:109EA0004CC202081C1B00204CC4020838C2020825
:109EB00054C40208A8D300203CDD020818DD0208C3
:109EC0002CC402089019002018C40208F4C102082A
:109ED000E4C10208E8C10208002940D02DE9F84F8A
:109EE0001F4DDFF88080DFF880B0DFF880A00446E7
:109EF00091464618002710E00A3BDBB2172B88F882
:109F000000702F6007D82AFA03F3D90703D501237D
:109F10002F6088F80030B4421FD0296814F8013B44
:109F2000FF29E9D8A3F10A02D2B2172A98F8000053
:109F30000AD82AFA02F2D20706D50028E7D04A4604
:109F40005846FFF7FFFCE2E70028E4D00BF80130A9
:109F5000B44201F101012960DFD1BDE8F88F7047FB
:109F6000A4D20020C8050020A8D20020090080004B
:109F70004FF0FF30704700BF2DE9F843214D224ECE
:109F8000224FDFF890904FF000080120E6F7A2F989
:109F900095F83A30222B284608D0E5F79BFB402263
:109FA00039462846E5F74AFB002333606B6B1B6894
:109FB0005C68D4F14004E8D33168A1420FD88C42E8
:109FC000E1D9621A00233944484600F065FC306844
:109FD0000F4A211A3844FFF77FFF3460D3E7C1F1FD
:109FE000400200233944484600F056FC3068084AD5
:109FF000C0F140013844FFF76FFF0021C6F8008030
:10A00000DDE700BF300F0020D0D40020D4D40020E2
:10A0100088D40020C0D300207AB32DE9F047DFF8C0
:10A020006090DFF860A00E461F46154600F1040858
:10A03000402DD9F800004FF00A012C4628BF4024DB
:10A04000E6F7B4F9A8B9224631464046D8F79CFC59
:10A05000A2B241465046E5F7B5FA50B92D1B264449
:10A0600017B13A6822443A60002DE1D10020BDE8E2
:10A07000F0874FF0FF30BDE8F0870020704700BF49
:10A0800058090020300F002030B50D4C0D490E4806
:10A0900087B04022E5F7D2FA0FCC0DF1040CACE802
:10A0A0000F000025094A2368CCF80030294601A892
:10A0B0001560E6F7F3F8064B186007B030BD00BF37
:10A0C00054BC0208D4D40020300F0020D0D400208B
:10A0D000CCD40020014B1868E6F794B95809002049
:10A0E0001249134B1348144A70B5144E144C0860AF
:10A0F00014481A60596020223060002106F10800DF
:10A100007360D6F7C9FD23460F4A43F8042B002598
:10A110008022294604F10C00A580A5609D70D6F729
:10A12000BBFDC4E92355C4F8946070BD88D40020F9
:10A1300080D4002020980308A499030858D4002054
:10A14000C0D30020B09903089499030802B32DE905
:10A15000F04180460E461F461546D8F80400402DB3
:10A1600003682C4628BF40241B6822463146984786
:10A1700050B92D1B264417B13A6822443A60002D8D
:10A18000EBD10020BDE8F0814FF0FF30BDE8F08159
:10A19000002070474FF0FF30704700BF2DE9F84FA7
:10A1A0001E4C1F4F1F4DDFF888A01F4EDFF8849014
:10A1B000DFF8848020684FF0FF31E6F7F7F80346B8
:10A1C0000028F7D13A68297A01323A6091B1D5E98D
:10A1D00000CB9AF896E0154A2B7240466146BEF1D4
:10A1E000000F16D059466046FFF776FE697A48465A
:10A1F000E6F7C0FA337A002BDCD0D6E90012002350
:10A200004046337200F0FAFA717A4846E6F7B2FA3D
:10A21000D0E75A4600F0F2FAE8E700BF5409002000
:10A220005CD50020DC050020CC0500203CD50020BA
:10A2300090190020C813002014D50020402A20D8EF
:10A24000836870B506460D4618680A211446E6F77D
:10A25000ADF850B93279A1B22846E3F79DF848B974
:10A26000094A53680133536070BD074A936801334C
:10A270009360EFE7B3681868E6F7C4F84FF0FF3073
:10A2800070BD4FF0FF3070475CD5002010B40B4B11
:10A2900093F809C09445044603D0094B587A90427C
:10A2A00009D108480122C3E9004100685DF8044B68
:10A2B0001A72E6F7A7B85DF8044B7047DC0500207A
:10A2C000CC0500205409002010B5094C0FCC86B0F5
:10A2D0000DF1040CACE80F002368CCF8003000212D
:10A2E00001A8E5F7DBFF034B186006B010BD00BF07
:10A2F00068BC020868D5002038B50D4B0D4C0E49DE
:10A300000E4A1960216003210D4821710D490E4D3F
:10A3100011600E49536001604460A5602022012451
:10A32000002108309D601C71D6F7B6FC38BD00BF17
:10A3300050D5002044D50020909803083CD500203B
:10A3400014D500209C98030850090020B0990308F8
:10A35000037819430170704738B5184B9942044689
:10A3600027D00AD8164B99421FD0164B994215D1C7
:10A37000D0E905300822426006E0134B99420DD126
:10A38000D0E90530022545601960DFF70DFDA069B1
:10A39000DFF7CAFBA069DFF7D9FC00B138BDA069BF
:10A3A0000221BDE83840DFF739BED0E90530102280
:10A3B000E1E7D0E905300422DDE700BF20A1070076
:10A3C00048E8010090D0030040420F0010B4084C50
:10A3D00004604FF0000C4FF48064C460C0E90512C3
:10A3E0005DF8044B80F810C080F811C0704700BFC2
:10A3F000E898030830B54269036811681B68044691
:10A4000091B09847A069DFF78FFB00220023CDE9C8
:10A410000623CDE90823CDE90A23A0690022012300
:10A42000012506A9CDE90C230E95DFF7FDFBA069F8
:10A43000DFF78CFCB8B105460022CDE90322E368C2
:10A440000C4A0D499B08CDE9011201A8214605934C
:10A45000E5F724FFA060281E4FF0010318BF01207C
:10A46000637411B030BDA0690221DFF7D7FD054646
:10A47000E2E700BFC1A5020848D6020830B505468C
:10A4800089B080690C46DFF73DFFD0B92279216899
:10A4900092000492A2790346A8698DF81C30CDE998
:10A4A0000211CDE905320193DFF708FD10B90198DB
:10A4B00009B030BDA86901ABE21D02A9DFF7A4FC19
:10A4C000F5E74FF0FF3009B030BD00BF30B50546AD
:10A4D00089B00C4680690021DFF78CFDD0B1A869F6
:10A4E000E31D01AA0021DFF701FD01200399DDE949
:10A4F0000123002918BF1A46DDE9043514BF0121E4
:10A500000021003B18BF0123A571217122606371F6
:10A5100009B030BDA8690121DFF76CFD0028E5D046
:10A52000A869E31D01AA0121DFF7E0FCDDE700BF18
:10A530002DE9F041044684B01F4F8069DFF87C802C
:10A540006E46DFF7DFFE034630BB97E80F0086E874
:10A550000F00D8F800000A21E5F728FF04E0FFF714
:10A56000B5FF63691B791BB30021A069DFF742FDCA
:10A5700001210546A069DFF73DFD0346DD42314676
:10A580002046ECD1A0690221DFF748FDA069DFF782
:10A59000B9FE03460028D8D0B3F5003FA069D0D15A
:10A5A000DFF7B2FEA069DFF7D1FB0028EED1E9E7C3
:10A5B0003046F0F789FCD7E77CBC02084C09002044
:10A5C00008B5FFF7B5FF00BF1030FFF7C1BE00BFF1
:10A5D000CB685B6F03B9704770B50C460546E5F76D
:10A5E00055FEE268D4F88030526FC31A9342064693
:10A5F00004D36B691B7913B1C4F8806070BD204629
:10A60000F0F790FDF8E700BFCB689B6F03B9704788
:10A6100070B50C460546E5F739FEE268D4F884309B
:10A62000926FC31A9342064604D36B691B7913B128
:10A63000C4F8846070BD2046F0F7DEFBF8E700BF89
:10A64000704700BF704700BF704700BF704700BF32
:10A65000704700BF704700BF08B50221DFF7F4FC68
:10A66000024B1868BDE80840E5F7CCBE4C09002055
:10A67000704700BF704700BF704700BF704700BF02
:10A68000704700BFDFF740BE023A802A01D90020A0
:10A69000704708B502310248D8F776F9002008BDA6
:10A6A00094D500200148E8F753BC00BFC81800202B
:10A6B000428D92B2C2F18402042A38B5044607D80A
:10A6C00094F83D302A2B04BF282384F83D3038BD50
:10A6D0000B490C4D8B6801338B606B792979A9701C
:10A6E000002063F07F032880EB7029461E23064874
:10A6F000AB8000F083F80435802365626385DFE773
:10A7000098D6002014D600206CD50020428D92B23D
:10A71000C2F18402042A38B504460BD894F83D30BF
:10A720002A2B04BF282384F83D302046BDE838405A
:10A73000E8F70EBC0B490C4D8B6801338B606B79CD
:10A740002979A970002063F07F032880EB702946E7
:10A750001E230648AB8000F051F804358023656263
:10A760006385DBE798D6002014D600206CD5002046
:10A770000D4A536870B501330D4604465360FFF728
:10A7800097FF012D07D020460849BDE870400423FB
:10A790008022E8F75DBB20460549BDE870400423F0
:10A7A0008022E8F795BB00BF98D6002094D5002002
:10A7B00018D60020036C33F0040300D17047034A1D
:10A7C000D3680133D360E8F7C3BB00BF98D600203D
:10A7D00010B50548054C064B2022C0E90043002176
:10A7E0000830D6F759FA10BD6CD50020B09903088F
:10A7F000EC0500204FF0FF30704700BF032A45D919
:10A80000F0B50D882B0485B036D44E880446C6F3C7
:10A810000E000B1D36B290BB4FF0010C134413F821
:10A82000057C13F8063C43EA07239C452BD18F880F
:10A83000083A06311E2F28BF1E270A4404F10A03D6
:10A84000CDE90012029302AA3B4469460393F5F74F
:10A8500005FE002E10DADDE902326FEA4545606838
:10A860006FEA55452581D21A0368C2F102021B68BE
:10A870003A4404F108019847002005B0F0BD054FA7
:10A88000B7F800C0CAE74FF0FF30F6E74FF0FF30EF
:10A89000704700BF9C8F00202DE9F84F002A00F080
:10A8A0008E804FF000081E4604460D468F18434622
:10A8B000A268022A38D8A11801322878A260012A99
:10A8C000087173D0022A75D004F1040C04F1070E4C
:10A8D00042221CF8010B0821424050B252000028CD
:10A8E00001F1FF31D2B2B8BF82F0370211F0FF019F
:10A8F000F3D1E645EDD152B1A360013516B132680E
:10A9000001323260BD42D3D14046BDE8F88F94F8A1
:10A9100005A0D4F88C200AF1020A9245C4F890A050
:10A92000EBD104F10C0B15E0D4F88C107F2906D87C
:10A9300001F1010C21442878C4F88CC00873032A63
:10A94000DBD1D4E9232A5245D7D104F10C0BBAF15B
:10A95000000F28D00AF10C09A144DE4641F237323B
:10A9600043F665501EF8011B4FF0080C82EA0122E5
:10A9700011B2520000290CF1FF3C92B2B8BF424024
:10A980001CF0FF0CF4D1CE45ECD162B9D4F89400A0
:10A99000D0F800C0AAF10202DCF800905946C8477E
:10A9A000002348EA0008C4E92333A5E72279AA2A4C
:10A9B000A2D1A2E794F90520002A9EDA9CE79046EE
:10A9C0004046BDE8F88F00BF7F2A74D82DE9F041DA
:10A9D00082B0AA235FFA82FC16468DF80430044642
:10A9E0000D468DF805C00822E82359B25B00002906
:10A9F00002F1FF32DBB2B8BF83F0370312F0FF027F
:10AA0000F3D18CEA030C08274FFA8CF24FEA4C0C76
:10AA1000002A07F1FF335FFA8CFCB8BF8CF0370CCB
:10AA200013F0FF07F0D160688DF806C002683B465E
:10AA3000D2F8008001A90322C047002838D16068FD
:10AA400002683B46294617683246B84780BB66B362
:10AA50002E4441F2373343F6655115F8010B0822B5
:10AA600083EA00230FFA83FC5B00BCF1000F02F1C4
:10AA7000FF329BB2B8BF4B4012F0FF02F2D1B54299
:10AA8000EBD11A0ADBB260688DF8002002688DF8FD
:10AA900001301468002302226946A047003818BF1D
:10AAA0000120404202B0BDE8F08137231322EAE7DB
:10AAB0004FF0FF30F6E74FF0FF30704738B5D0E980
:10AAC000002400230D469E460CB194423CD912F856
:10AAD00001CB02600CFA03FC0833202B4EEA0C0E6B
:10AAE000F2D1BEF1FF3F1CD0184B1B68734501D853
:10AAF000012038BDD5E90004A3EB0E03241A9C42C3
:10AB0000134928BF1C4622467144D7F73DFFD5E9BB
:10AB10000032D21AA24294BF9B181B192B6001204D
:10AB2000E7E70C4B69681C682B68002224FA02F0E6
:10AB3000083209B1994207D918702B68202A03F10D
:10AB400001032B60F2D1D3E7002038BDACE9020845
:10AB5000B0E90208988F00207FB500241023CDE9CA
:10AB60000234036815469E6912686B46CDE90044BD
:10AB7000B0479DF8043003F00603062B03BF009B8B
:10AB80002B600120204604B070BD009890420CBF9D
:10AB9000062001207047000010B5034B03600446F7
:10ABA00000F035FD204610BDF8A1030810B504469D
:10ABB000FFF7F2FF2046082100F042F8204610BDC2
:10ABC0002DE9F0411F46DDE90834DDF8188098458D
:10ABD0000646154607D1079900F01CFD18B16571AE
:10ABE0000020BDE8F0813946304600F013FD002812
:10ABF000F6D00123C4F800802571A371F0E738B5C1
:10AC000015461C4600F006FD20B10823E36006232C
:10AC10002560237138BD2DE9F04105460C461646E6
:10AC20001F4600F0F7FC48B9032F07D823683246C7
:10AC3000294620465B69BDE8F0411847BDE8F08130
:10AC400000F022BF2DE9F043884689B017461D4623
:10AC5000064620B90024204609B0BDE8F08302680A
:10AC600052F8083C52F8049C0022CDE9052210223B
:10AC70000792C25852F8042C4A4500EB0304E9D16C
:10AC8000002D2BDA05AAD9F80030CDE90262CDE912
:10AC900000480622DC6929463B464846A047059CF9
:10ACA000002CD7D09DF81A1001F00603062BD2D045
:10ACB0009DF819309DF818201A4002F00602062A65
:10ACC000C9D003F00503042BC4D00029C2D1002D44
:10ACD0000DDB2C44A642BDD1059CBCE7DD42D1D1A1
:10ACE0003946484600F096FC0028CBD0B3E7AB1CB1
:10ACF000B0D03B6800961E6A224643462946384635
:10AD0000B04700F006000628E5E7000070B50D46E4
:10AD100019460368049E9D4204D90A490A482A46F6
:10AD200000F0AEFE5C1B944228BF1446A642324699
:10AD300028BF224622B140682844D8F72BFE00B92C
:10AD4000A01B70BD7ADC020894DC02082DE9F047F4
:10AD5000394E3A488CB00025C6E90155F560D5F763
:10AD6000EDFB374B044693E8030008230693354B6D
:10AD70000DF11008CDE907350923099388E8030090
:10AD8000314B0A9304230B934FF00F09B4B90B9B7B
:10AD9000089D402BA8BF4023002D08BF06253E3547
:10ADA0005D43AD00F56035B12846D7F787FEB0604A
:10ADB00000283CD1F4600CB0BDE8F0872378CDF8D2
:10ADC00000903A2B08BF013423460F220021404651
:10ADD000FFF79CFF28BBE37B2E2B22D110344FF0D2
:10ADE000030A06AFBAF1010A1BD03D6800952A4656
:10ADF000234600213846FFF789FF024610B9635DFC
:10AE00003D2B01D00C37EDE70135601903A9D5F7CB
:10AE1000D9FC039C23783A2B00D013B9002800DB1F
:10AE2000B86020463A21D5F797FB0446AEE7C0E963
:10AE300000547060BFE700BFA8D60020C5DC020840
:10AE40008CBC0208D6DC0208DFDC02081EB400F06D
:10AE50009CF81EBCDEF7FCFA0378472B17D1437829
:10AE60004E2B14D18378552B11D1C378432B0ED19F
:10AE70000379432B0BD143792B2B08D183792B2BCF
:10AE800005D1C07901288CBF002001207047002027
:10AE9000704700002DE9F3411D460378472B0E460D
:10AEA0000246C17913D143784E2B10D18378552BAC
:10AEB0000DD1C378432B0AD10379462B07D14379AF
:10AEC0004F2B04D18379522B01D1002931D0104668
:10AED000FFF7C2FF80F00104E4B2002300200190DC
:10AEE00053BB5CBB01290ABF52F8203CA2F12003EE
:10AEF000783B012908BF52F8202C1C6818BF583233
:10AF00000192236820469B689847C8B1019B1B6843
:10AF100001930227336801AAD3F810802146012348
:10AF20003046C04770B1019B2B60384602B0BDE887
:10AF3000F08101230C46D1E7034CE2E7034CE0E744
:10AF40000127E7E70746F0E73CA2030868A20308E9
:10AF500010B5044600F032F802462046A4F1200164
:10AF6000FFF77AFF60B154F8043C0133012B44F839
:10AF7000043C03D1936844F8083C9160012010BD63
:10AF80009368002BF9D000F099FA10B500F016F88C
:10AF9000826801460AB900F091FA02F120042046C5
:10AFA000FFF75AFF40B1D369013BD36113B99069F0
:10AFB00088609361204610BD8860FBE700487047B9
:10AFC000B8D6002030B500231A4610F8015B05F012
:10AFD0007F04944023432C0602F10702F5D40B6052
:10AFE00030BD30B500231A4610F8014B04F07F0540
:10AFF00095402B43250602F10702F5D41F2A06D8F7
:10B00000640642BF4FF0FF3404FA02F213430B60B0
:10B0100030BD50282DE9F3410646884615461F46A7
:10B0200008D1D01C20F0030050F8044B3C6002B063
:10B03000BDE8F08100F00F030C2B2ED8DFE803F001
:10B0400025071D25292D2D2D2D182125290001A984
:10B050002846FFF7B7FF019C002CE7D006F07003ED
:10B06000102B08BFA8464444330648BF2468DDE7D8
:10B0700001A92846FFF7B5FFEDE7284630F8024B57
:10B08000EAE7284630F9024BE6E7284650F8044B39
:10B09000E2E7284650F8084BDEE7D5F781FD08B512
:10B0A0000346FF2B08460DD003F07003302B0FD062
:10B0B00004D8202B08D005D9D5F772FD402B0BD032
:10B0C000502BF9D1002008BDBDE8084000F06FBD4D
:10B0D000BDE8084000F068BDBDE80840DEF7C0BB31
:10B0E00070B50C460146204615461E46FFF7D7FFB1
:10B0F000334601462A462046BDE87040FFF789BF27
:10B1000073B50C461546064608B1DEF7A9FB224684
:10B11000286012F8011BFF291CD02B1D3046FFF7B9
:10B12000DFFF0246104610F8013BFF2B14D010231E
:10B130002B7501A9FFF746FF019B0344EB6010F854
:10B14000013B6B7501A9FFF73DFF019B03442B6198
:10B1500002B070BD6860E5E72B750023EEE71FB510
:10B1600003AB009300230A461946DDF783FD0398DD
:10B1700005B05DF804FB00002DE9F04F93B000230B
:10B18000079300F00303012B05460C46164610D02A
:10B19000022B03D0002B3BD101073BD53146204683
:10B1A000DEF748FB18B1092013B0BDE8F08F082086
:10B1B000FAE7020723D5022305F008051D430CAB6F
:10B1C000009300230C22194630460C94DDF77AFDDB
:10B1D000062D21D1D4F83080D4E90A79B8F1000FD6
:10B1E0000CBF4FF0010A4FF0030A15F0080500F0FC
:10B1F0000981BAF1010F40F0018100F05FF90F6A97
:10B2000030460D21FFF7ABFF8742D4D10623D3E7A9
:10B21000D5F7C6FC0123CFE73046DEF727FB814692
:10B220000028BBD00CAA01463046FFF769FF9DF805
:10B2300044B0039031465846FFF731FF0F2102908A
:10B240000E903046FFF78BFF039A20F0010808F1BB
:10B25000FF38109F974215D80027B8464FF0010AD3
:10B26000EB07C2D5BAF1020F98D00D213046079DE9
:10B27000FFF775FFC4E90A79C4E90805C4F830800E
:10B28000062091E79DF845A008AB51460020FFF746
:10B2900027FF09AB024651460020FFF721FF0AAB0A
:10B2A000024651460020FFF71BFF0BA9FFF78AFE5D
:10B2B0000C9B08990B444345024651D809990B440D
:10B2C0004345C6D9DDF82880B8F1000F01D00D9BA9
:10B2D00098440B9B002B3BD0B8F1000F3FF45EAFBE
:10B2E00015F0080204923DD0472222704E2262706F
:10B2F0005522A2704322E270462222714F226271CF
:10B300005222A2710022E271013BF818002303933C
:10B3100009A9FFF766FE0AA90590FFF762FE099FDB
:10B32000002F68D042DDBBF1FF0F3BD00BF00703CD
:10B33000042B3FF66DAF01A252F823F077B3020859
:10B3400011B20208A9B3020877B30208A1B3020838
:10B35000B8F1000F3FF422AF00274FF0020A7FE759
:10B360003A4676E7E279012A0CBF54F8202C04F122
:10B3700058020792C8E704220F990BAB02FB171281
:10B3800058460299FFF745FE0B9931B13CB307AB24
:10B3900000222046FFF77EFD08B34FF0030A5FE767
:10B3A0000822E9E70022E7E70222E5E70F9B6FF0BA
:10B3B0004042D21B03EB820AC4B10499B1B9079B86
:10B3C0000B93AAF1040A5AF8041F0029E5D00BAB2D
:10B3D000002251442046FFF75DFD0028F3D00A9873
:10B3E000002859D0059B0344184691E753F82230B2
:10B3F000002BF4D1D1E701230393F0E7002F1FDAEC
:10B4000000F06EF8BAF1010F02D1204600F05BFBAC
:10B41000002F15DA0CAA49463046FFF771FE9DF859
:10B4200044003146FFF73BFE0F9BFA4303EB8203D8
:10B4300053F8252052BB0422C4E90A50C4E90C2366
:10B4400000230BAD1A461946009530460B94DDF7E4
:10B4500039FC002319460122009530460B97DDF791
:10B4600031FC0F213046FFF77AFE00F0010040EA80
:10B47000080000230B9000950F2219463046DDF797
:10B4800021FCBAF1020F03D007208DE60135CFE78A
:10B490002046FFF75DFDF7E7039B002B3FF47EAEF0
:10B4A0005AE700BF08B58047D5F77AFB024B18680A
:10B4B000BFF35B8F704700BFF405002008B5FFF7AE
:10B4C000F5FFFFF7EFFF08B58047FFF7F7FF000034
:10B4D000024B1868BFF35B8F704700BFF005002078
:10B4E00008B5FFF7F5FFFFF7EEFF012838BF012091
:10B4F00010B504462046D7F7E1FA00B110BD00F0C0
:10B500004BFB08B9D5F74CFB8047F3E710B5034B6D
:10B5100003600446FFF740FB204610BDACA20308C1
:10B5200010B50446FFF7F2FF20460C21FFF788FB19
:10B53000204610BD2DE9F041DDF818809045064603
:10B540000F4615461C460BD0B0680368CDF818802E
:10B550001E6A2A4623463946B446BDE8F041604794
:10B56000194600F057F80028EED00620BDE8F0811B
:10B570002DE9F14F0D461946DDE90A4BDDE90CA630
:10B5800081461746984600F045F890B1002D34608A
:10B59000377109DB2C44A24514BF01240624B47181
:10B5A000002001B0BDE8F08F0235F9D10123B3715D
:10B5B000F6E7544506D15946484600F02BF808B145
:10B5C0007771EDE7D9F808000368CDE90CA6CDE95D
:10B5D0000A4BDC693A4643462946A44601B0BDE819
:10B5E000F04F60472DE9F04107460C4615461E46D0
:10B5F000FFF705FB48B9B86803689F692A463346D8
:10B600002146BC46BDE8F0416047BDE8F081704787
:10B6100000207047814208B50ED0406803782A2B7D
:10B620000CD049680B782A2B08BF0131D7F7B8FF37
:10B63000B0FA80F0400908BD0120FCE70020FAE7DD
:10B6400010B5034B03600446FFF7A6FA204610BD71
:10B6500024A3030810B50446FFF7F2FF2046182183
:10B66000FFF7EEFA204610BD2DE9F74FDDF830A0C8
:10B670005245054688461646994605D0EF6805EBC3
:10B68000C70547B9012020E01946FFF7C3FF00288E
:10B69000F4D0062019E0EC68A30719D5221214F0A3
:10B6A000010404D018F1030F12D033689A58A86827
:10B6B0000368CDF800A0D3F820B032444B46414691
:10B6C000D847032804D92043C0B203B0BDE8F08FA7
:10B6D000013F083DD5E7F0B40D1E049C164606DB7D
:10B6E0002E44B4420CBF06200120F0BC7047023546
:10B6F00005D0056804942C6AA446F0BC604701207C
:10B70000F3E72DE9F04F91B0CDE905231D9C1C9A7C
:10B71000A368DB0644BF8368A3601A9B93428146FB
:10B720000F4608D11B99FFF775FF20B1059B637188
:10B730004FF0000882E006994846FFF76BFF98B18A
:10B740001A9B2360002F059B237108DB1A9B1F4463
:10B750001C9BBB4214BF01270627A771E8E70237ED
:10B76000E6D10123A371E3E7002FA9BF1C9B07903B
:10B77000DB1B07934FF0020C0123CDE908C3059BA7
:10B780004FF0000843F00103CDF828800B93D9F85F
:10B790000CA009EBCA0BBAF1000F09D10A9B002BD0
:10B7A0004CD0089B012B49D00123CDE9083AEEE7A4
:10B7B0000023CDE90D33DBF80C30A5680F95DE07CB
:10B7C00043BF1A980B9A0068059A4FEA232148BF95
:10B7D00041581A980144079838B18842099E2CBFF5
:10B7E00000200120B04200F0B380980706D4BB1CB3
:10B7F00002D1AE0700F0AE8002F0FD02DBF80800D7
:10B800000DAD036803951C9D02951B9DCDE90015A8
:10B810003946DD69069BA84763799DF839209DF874
:10B820003A500D991343062D637101D0022D09D1B1
:10B830009DF8383021602371A5718046404611B0D3
:10B84000BDE8F08F2268B8F1000F13D1A2B99DF8BE
:10B8500038202160227121B11BB1D9F80830DD07F1
:10B86000EBD56379042BE8D00AF1FF3AABF1080B72
:10B87000804690E7002A37D0914206D123799DF87F
:10B880003820134323714046EBE709B90028FAD06A
:10B89000032BA67904D9D90729D5A3689B0726D5F8
:10B8A0007EB9032D05D9EE0741D5D9F808309807A0
:10B8B0003DD51C9B009306981B9B3946FFF70BFF59
:10B8C0000646E5B9032E05D9F10732D5D9F8083077
:10B8D0009A072ED51C9B00930D9A1B9B0698394600
:10B8E000FFF7F9FE05460AE00029D1D1CBE7012E8A
:10B8F00038BF0126012D38BF0125F6B2EDB285EA29
:10B900000603DBB2032B16D9032D81BF0D9B2360E9
:10B910002E469DF8383086BF237100204046B3077D
:10B92000A67102D416F001069BD1002085E70126FE
:10B93000E5E70125E3E73540EDB20023032D236061
:10B9400003D90223A371012077E70120A07188E7C2
:10B9500001230A93404687E72DE9F04F8BB0054657
:10B96000049101921C46FFF74AF9002862D1D4F8ED
:10B970000890D5F80C8019F0100F18BFD5F8089072
:10B9800009F0010305EBC8074FF0000A05930DF11C
:10B99000180BB8F1000F04D12079003818BF01202E
:10B9A00049E0FA68CDF818A002F00103029302F012
:10B9B000020303930399059B8DF81CA00B43CDE96B
:10B9C000089A03D108F1FF38083FE2E7019B002BFA
:10B9D00034D0029B121213B1019B1B689A58019B31
:10B9E0001A44B868049903689B691E465B46B047D1
:10B9F0000028E7D0099B082B03D1029B0BB1BB6841
:10BA000009939DF81C30032B05D9039A1AB923F02A
:10BA100002038DF81C30E168C1B99BE80F0084E88F
:10BA20000F002379032B05D99A0709D5AB6813F0CA
:10BA3000010FC7D101200BB0BDE8F08F019AD0E70C
:10BA4000DB07F7D5AB6813F0020FF2E72368069A1D
:10BA5000934204D00023236002232371EAE72BB131
:10BA600023799DF81C2013432371ABE7099808281C
:10BA7000F2D00829F0D0FFF7CDFD0028F0D1EBE798
:10BA80000FB408B5D5F78CF8D7F720B80378472B53
:10BA900017D143784E2B14D18378552B11D1C3780D
:10BAA000432B0ED10379432B0BD143792B2B08D198
:10BAB00083792B2B05D1C07901288CBF0020012070
:10BAC00070470020704710B5044648B100F03BF8BD
:10BAD0002046FFF7DBFF18B154F8140CFFF7E2FC27
:10BAE000FFF7ECFC38B50246FFF7D0FF044640B143
:10BAF00052F8184C0025104600F025F81DB1FFF74C
:10BB0000EFFC0125F7E72046FFF7DDFC0378472B24
:10BB100017D143784E2B14D18378552B11D1C3788C
:10BB2000432B0ED10379432B0BD143792B2B08D117
:10BB300083792B2B05D1C07901288CBF00200120EF
:10BB400070470020704738B50446FFF737FA05689C
:10BB500002462046A4F12001FFF7D8FF28B90DB115
:10BB6000FFF7ACFC1160284638BD54F80C3C002BA4
:10BB7000B4BFC3F10103013344F80C3C53688D4258
:10BB800003F1FF33536020461CBF44F8105C116082
:10BB9000656ADDF767F8E6E7024B1868BFF35B8F6D
:10BBA000704700BFC4D6002008B5D4F7F9FF08B528
:10BBB000FFF7FAFFF8B500BFF8BC08BC9E46704717
:0CBBC000F8B500BFF8BC08BC9E467047FA
:10BBD00044C00208C9BD00080100000000000000C8
:10BBE0000002000038C00208F5BD00080000000097
:10BBF000000000000002000024D602080D4B0108DE
:10BC0000FEFF000000000000800000000000204156
:10BC1000CDCCCC3EDB0F49400000A04100002042CB
:10BC20000000C84200000000D606D606D606000076
:10BC300000000000000008000000000000000000FC
:10BC4000D4C1020895B50108000000000000000002
:10BC50000004000018D60208799F020800000000C6
:10BC6000000000000004000030D602089DA1020878
:10BC700000000000000000000004000000000000C0
:10BC80000000080000000000000000000F0000009D
:10BC9000E9DC0208000000000000008000202020F5
:10BCA000202020202020282828282820202020206C
:10BCB000202020202020202020202020208810103C
:10BCC0001010101010101010101010101004040498
:10BCD0000404040404040410101010101010414156
:10BCE0004141414101010101010101010101010144
:10BCF0000101010101010101101010101010424258
:10BD00004242424202020202020202020202020213
:10BD100002020202020202021010101020000000B3
:10BD20000000000000000000000000000000000013
:10BD30000000000000000000000000000000000003
:10BD400000000000000000000000000000000000F3
:10BD500000000000000000000000000000000000E3
:10BD600000000000000000000000000000000000D3
:10BD700000000000000000000000000000000000C3
:10BD800000000000000000000000000000000000B3
:10BD900000000000000000000000000000000000A3
:10BDA00005000000190000007D00000000000000F8
:10BDB000000000000000F03F0000000000002440F0
:10BDC00000000000000059400000000000408F40CB
:10BDD000000000000088C34000000000006AF84036
:10BDE0000000000080842E4100000000D01263415A
:10BDF0000000000084D797410000000065CDCD41D0
:10BE0000000000205FA00242000000E876483742B0
:10BE1000000000A2941A6D42000040E59C30A2424E
:10BE20000000901EC4BCD64200003426F56B0C43C3
:10BE30000080E03779C3414300A0D885573476436A
:10BE400000C84E676DC1AB43003D9160E458E143CB
:10BE5000408CB5781DAF154450EFE2D6E41A4B4440
:10BE600092D54D06CFF08044F64AE1C7022DB54485
:10BE7000B49DD9794378EA44BC89D897B2D29C3C26
:10BE800033A7A8D523F649393DA7F444FD0FA532C1
:10BE90009D978CCF08BA5B25436FAC642806C80A0F
:10BEA0000080E03779C34143176E05B5B5B89346B6
:10BEB000F5F93FE9034F384D321D30F94877825A82
:10BEC0003CBF737FDD4F157535000000CEFBFFFFD3
:10BED000CB0300000100000000000000340000005F
:10BEE000CEFBFFFFCB0300000100000000000000BC
:10BEF000BC89D897B2D29C3C33A7A8D523F6493940
:10BF00003DA7F444FD0FA5329D978CCF08BA5B2561
:10BF1000436FAC64280668110000000000000000B8
:10BF20000000000000000000000000000000000011
:10BF30000000000000000000000000000000000001
:10BF40000000000000000000101112131415161755
:10BF50001819000000000000001A1B1C1D1E1F0005
:10BF600000000000000000000000000000000000D1
:10BF70000000000000000000001A1B1C1D1E1F0016
:10BF800000000000000000000000000000000000B1
:10BF900000000000000000000000000000000000A1
:10BFA0000000000000000000000000000000000091
:10BFB0000000000000000000000000000000000081
:10BFC0000000000000000000000000000000000071
:10BFD0000000000000000000000000000000000061
:10BFE0000000000000000000000000000000000051
:10BFF0000000000000000000000000000000000041
:10C000000000000000000000000000000000000030
:10C010000000000000000000D4D70208D8D70208B2
:10C02000DCD70208426F6172642F76332F5372633C
:10C030002F74696D2E63000064656661756C7454BD
:10C0400061736B007461736B5F7573625F70756DA4
:10C0500070000000303132333435363738394142E0
:10C060004344454600000000426F6172642F7633FE
:10C070002F5372632F757362645F636F6E662E63F6
:10C0800000000000426F6172642F76332F53726399
:10C090002F7370692E630000426F6172642F7633D4
:10C0A0002F5372632F75736172742E63000000004A
:10C0B000426F6172642F76332F5372632F61646312
:10C0C0002E6300004F447269766520526F626F7470
:10C0D000696373004F447269766520332E362043BE
:10C0E000444320496E746572666163650000000018
:10C0F00043444320436F6E66696700004344432016
:10C10000496E746572666163650000004F44726930
:10C11000766520332E36204E617469766520496E2F
:10C120007465726661636500426F6172642F763375
:10C130002F5372632F63616E2E63000049444C4598
:10C1400000000000426F6172642F76332F537263D8
:10C150002F6932632E630000726563627566662024
:10C16000213D203078626565660000004472697682
:10C170006572732F445256383330312F64727638DB
:10C180003330312E630000004D6F746F72436F6E59
:10C1900074726F6C2F6C6F775F6C6576656C2E6355
:10C1A00070700000736176696E6720636F6E6669F8
:10C1B0006775726174696F6E206661696C65640D84
:10C1C0000000000025686875000000006869210D06
:10C1D000000000007461736B5F636D645F70617277
:10C1E000736500002A2575000D0A00007020257572
:10C1F000202566202566202566000000696E766190
:10C200006C696420636F6D6D616E6420666F726D22
:10C2100061740000696E76616C6964206D6F746F83
:10C2200072202575000000007120257520256620EC
:10C2300025662025660000007620257520256620CD
:10C24000256600006320257520256600742025756D
:10C25000202566006620257500000000506C656191
:10C2600073652073656520646F63756D656E7461B9
:10C2700074696F6E20666F72206D6F7265206465E1
:10C280007461696C73000000417661696C61626C75
:10C290006520636F6D6D616E64732073796E746178
:10C2A00078207265666572656E63653A000000000D
:10C2B000506F736974696F6E3A2071206178697389
:10C2C00020706F732076656C2D6C696D20492D6C24
:10C2D000696D0000506F736974696F6E3A20702049
:10C2E0006178697320706F732076656C2D666620A7
:10C2F000492D66660000000056656C6F63697479AD
:10C300003A207620617869732076656C20492D6625
:10C3100066000000546F727175653A206320617881
:10C32000697320540000000050726F706572746968
:10C330006573207374617274206174206F64726914
:10C34000766520726F6F742C20737563682061733B
:10C350002061786973302E726571756573746564D8
:10C360005F73746174650000526561643A207220E5
:10C3700070726F7065727479000000005772697492
:10C38000653A20772070726F7065727479207661DB
:10C390006C7565005361766520636F6E6669673AF8
:10C3A00020737300457261736520636F6E66696701
:10C3B0003A207365000000005265626F6F743A2086
:10C3C00073720000486172647761726520766572ED
:10C3D00073696F6E3A2025642E25642D25645600FE
:10C3E0004669726D776172652076657273696F6EEA
:10C3F0003A2025642E25642E256400005365726959
:10C40000616C206E756D6265723A202573000000C4
:10C410007220253235357300696E76616C6964204F
:10C4200070726F7065727479000000006E6F742016
:10C43000696D706C656D656E74656400772025327A
:10C44000353573202532353573000000752025758C
:10C4500000000000756E6B6E6F776E20636F6D6D00
:10C46000616E6400626175645F72617465000000F2
:10C4700070726F746F636F6C000000006572726F92
:10C4800072000000636F6E66696700006770696F15
:10C490005F6E756D0000000069735F61637469769B
:10C4A000655F68696768000070756C6C7570000086
:10C4B0006465626F756E63655F6D7300656E64734E
:10C4C000746F705F7374617465000000616363650D
:10C4D0006C5F6C696D697400646563656C5F6C6941
:10C4E0006D6974006F627365727665725F6761690A
:10C4F0006E000000706C6C5F62616E6477696474DA
:10C5000068000000706D5F666C75785F6C696E6BBB
:10C51000616765007068617365000000706C6C5F36
:10C52000706F730076656C5F657374696D617465B7
:10C53000000000007573655F696E64657800000037
:10C5400066696E645F6964785F6F6E5F6C6F636B62
:10C55000696E5F6F6E6C79006162735F7370695FA3
:10C5600063735F6770696F5F70696E007A65726F81
:10C570005F636F756E745F6F6E5F66696E645F692F
:10C58000647800007072655F63616C6962726174E7
:10C59000656400006F66667365745F666C6F6174D6
:10C5A00000000000656E61626C655F7068617365B4
:10C5B0005F696E746572706F6C6174696F6E000094
:10C5C00063616C69625F72616E67650063616C696B
:10C5D000625F7363616E5F64697374616E6365004B
:10C5E00063616C69625F7363616E5F6F6D656761E4
:10C5F000000000006964785F7365617263685F754D
:10C600006E69646972656374696F6E616C000000C5
:10C6100069676E6F72655F696C6C6567616C5F6896
:10C62000616C6C5F737461746500000073696E63A4
:10C630006F735F6770696F5F70696E5F73696E00BB
:10C6400073696E636F735F6770696F5F70696E5F48
:10C65000636F730069735F72656164790000000045
:10C66000696E6465785F666F756E64007368616497
:10C670006F775F636F756E7400000000636F756E97
:10C68000745F696E5F63707200000000696E7465AC
:10C6900072706F6C6174696F6E000000706F735F11
:10C6A000657374696D61746500000000706F735F7D
:10C6B000657374696D6174655F636F756E74730023
:10C6C000706F735F63707200706F735F6370725F1F
:10C6D000636F756E74730000706F735F636972636C
:10C6E000756C61720000000068616C6C5F7374614E
:10C6F0007465000076656C5F657374696D6174655F
:10C700005F636F756E74730063616C69625F7363FE
:10C71000616E5F726573706F6E736500706F735FCB
:10C72000616273007370695F6572726F725F7261CC
:10C730007465000063616C69625F616E7469636F48
:10C740006767696E6700000063616C69625F706FA4
:10C75000735F7468726573686F6C640063616C69A1
:10C76000625F76656C5F7468726573686F6C640095
:10C77000636F6767696E675F726174696F0000005D
:10C78000616E7469636F6767696E675F656E61622A
:10C790006C6564006761696E5F7363686564756C7E
:10C7A000696E675F7769647468000000656E616236
:10C7B0006C655F76656C5F6C696D69740000000084
:10C7C000656E61626C655F63757272656E745F6DD4
:10C7D0006F64655F76656C5F6C696D6974000000FD
:10C7E000656E61626C655F6761696E5F73636865E2
:10C7F00064756C696E670000656E61626C655F6F81
:10C8000076657273706565645F6572726F72000041
:10C81000636F6E74726F6C5F6D6F64650000000013
:10C82000696E7075745F6D6F64650000706F735F23
:10C830006761696E0000000076656C5F6761696E14
:10C840000000000076656C5F696E746567726174E4
:10C850006F725F6761696E0076656C5F6C696D69A8
:10C86000745F746F6C6572616E63650076656C5F92
:10C8700072616D705F72617465000000746F727137
:10C8800075655F72616D705F7261746500000000B4
:10C8900063697263756C61725F736574706F696EE2
:10C8A0007473000063697263756C61725F736574A1
:10C8B000706F696E745F72616E676500686F6D6935
:10C8C0006E675F737065656400000000696E657275
:10C8D00074696100617869735F746F5F6D6972720A
:10C8E0006F7200006D6972726F725F726174696F4E
:10C8F000000000006C6F61645F656E636F64657259
:10C900005F61786973000000696E7075745F6669B5
:10C910006C7465725F62616E64776964746800004C
:10C92000616E7469636F6767696E6700696E7075C1
:10C93000745F706F73000000696E7075745F766568
:10C940006C000000696E7075745F746F727175654C
:10C9500000000000706F735F736574706F696E74B0
:10C960000000000076656C5F736574706F696E74AB
:10C9700000000000746F727175655F736574706F8D
:10C98000696E74007472616A6563746F72795F6452
:10C990006F6E650076656C5F696E74656772617451
:10C9A0006F725F746F72717565000000616E7469FB
:10C9B000636F6767696E675F76616C69640000002A
:10C9C000706F6C655F7061697273000063616C69A0
:10C9D00062726174696F6E5F63757272656E740006
:10C9E000726573697374616E63655F63616C6962BC
:10C9F0005F6D61785F766F6C746167650000000041
:10CA000070686173655F696E64756374616E636598
:10CA10000000000070686173655F7265736973740C
:10CA2000616E636500000000746F727175655F630D
:10CA30006F6E7374616E7400646972656374696F9C
:10CA40006E0000006D6F746F725F74797065000026
:10CA500063757272656E745F6C696D006375727276
:10CA6000656E745F6C696D5F6D617267696E000001
:10CA7000746F727175655F6C696D0000696E7665C3
:10CA8000727465725F74656D705F6C696D69745FF7
:10CA90006C6F776572000000696E766572746572FE
:10CAA0005F74656D705F6C696D69745F75707065DA
:10CAB000720000007265717565737465645F6375FB
:10CAC0007272656E745F72616E6765006375727213
:10CAD000656E745F636F6E74726F6C5F62616E64BB
:10CAE00077696474680000006163696D5F736C69E5
:10CAF000705F76656C6F6369747900006163696D5E
:10CB00005F6761696E5F6D696E5F666C7578000066
:10CB10006163696D5F6175746F666C75785F6D696F
:10CB20006E5F4964000000006163696D5F61757448
:10CB30006F666C75785F656E61626C650000000001
:10CB40006163696D5F6175746F666C75785F617440
:10CB50007461636B5F6761696E0000006163696D9A
:10CB60005F6175746F666C75785F64656361795F2A
:10CB70006761696E0000000067656E6572616C0038
:10CB80006164635F63625F69000000006164635F0A
:10CB900063625F64630000006D6561735F72000033
:10CBA0006D6561735F6C0000656E635F63616C69E6
:10CBB000620000006964785F7365617263680000F9
:10CBC000666F635F766F6C7461676500666F635F45
:10CBD00063757272656E74007370695F73746172ED
:10CBE0007400000073616D706C655F6E6F7700009C
:10CBF0007370695F656E64006472765F6661756C00
:10CC000074000000705F6761696E0000695F6761B2
:10CC1000696E0000765F63757272656E745F636F34
:10CC20006E74726F6C5F696E74656772616C5F645D
:10CC300000000000765F63757272656E745F636FEB
:10CC40006E74726F6C5F696E74656772616C5F7130
:10CC500000000000496275730000000066696E61A3
:10CC60006C5F765F616C70686100000066696E6180
:10CC70006C5F765F626574610000000049645F73F9
:10CC80006574706F696E740049715F736574706F5D
:10CC9000696E740049715F6D6561737572656400DA
:10CCA00049645F6D6561737572656400495F6D65A8
:10CCB0006173757265645F7265706F72745F6669C7
:10CCC0006C7465725F6B00006D61785F616C6C6F96
:10CCD0007765645F63757272656E74006F766572F6
:10CCE00063757272656E745F747269705F6C65767D
:10CCF000656C00006163696D5F726F746F725F666F
:10CD00006C7578006173796E635F70686173655FDD
:10CD100076656C006173796E635F70686173655FDF
:10CD20006F6666736574000061726D65645F73742D
:10CD30006174650069735F63616C696272617465D7
:10CD40006400000063757272656E745F6D65617377
:10CD50005F7068420000000063757272656E745FF8
:10CD60006D6561735F7068430000000044435F635A
:10CD7000616C69625F7068420000000044435F6359
:10CD8000616C69625F7068430000000070686173E5
:10CD9000655F63757272656E745F7265765F6761F9
:10CDA000696E00006566666563746976655F6375C4
:10CDB0007272656E745F6C696D00000063757272EB
:10CDC000656E745F636F6E74726F6C00676174651B
:10CDD0005F6472697665720074696D696E675F6C15
:10CDE0006F670000706F6C795F636F65666669637B
:10CDF00069656E745F300000706F6C795F636F659A
:10CE00006666696369656E745F310000706F6C7986
:10CE10005F636F656666696369656E745F320000A3
:10CE2000706F6C795F636F656666696369656E7460
:10CE30005F33000074656D705F6C696D69745F6C61
:10CE40006F7765720000000074656D705F6C696DCE
:10CE500069745F75707065720000000074656D70B4
:10CE6000657261747572650072616D705F74696D71
:10CE70006500000072616D705F64697374616E6358
:10CE800065000000616363656C00000066696E699F
:10CE900073685F64697374616E63650066696E6967
:10CEA00073685F6F6E5F76656C00000066696E691F
:10CEB00073685F6F6E5F64697374616E63650000B1
:10CEC00066696E6973685F6F6E5F656E635F6964E4
:10CED00078000000737461727475705F6D6F746FA9
:10CEE000725F63616C6962726174696F6E000000E9
:10CEF000737461727475705F656E636F6465725F81
:10CF0000696E6465785F7365617263680000000034
:10CF1000737461727475705F656E636F6465725F60
:10CF20006F66667365745F63616C69627261746970
:10CF30006F6E0000737461727475705F636C6F73F1
:10CF400065645F6C6F6F705F636F6E74726F6C009F
:10CF5000737461727475705F73656E736F726C65F4
:10CF600073735F636F6E74726F6C000073746172C1
:10CF70007475705F686F6D696E670000656E6162E1
:10CF80006C655F737465705F64697200737465705B
:10CF90005F6469725F616C776179735F6F6E0000C7
:10CFA0007475726E735F7065725F73746570000084
:10CFB0007761746368646F675F74696D656F7574BA
:10CFC00000000000656E61626C655F776174636884
:10CFD000646F6700737465705F6770696F5F706915
:10CFE0006E0000006469725F6770696F5F70696EE0
:10CFF0000000000063616C6962726174696F6E5F4A
:10D000006C6F636B696E000073656E736F726C6535
:10D0100073735F72616D700067656E6572616C5FDE
:10D020006C6F636B696E000063616E5F6E6F646549
:10D030005F69640063616E5F6E6F64655F69645F02
:10D04000657874656E6465640000000063616E5FFE
:10D050006865617274626561745F726174655F6D49
:10D060007300000063616E5F656E636F6465725F7D
:10D07000726174655F6D7300737465705F6469726B
:10D080005F6163746976650063757272656E745F63
:10D090007374617465000000726571756573746501
:10D0A000645F7374617465006C6F6F705F636F753C
:10D0B0006E746572000000006C6F636B696E5F7365
:10D0C000746174650000000069735F686F6D65646A
:10D0D000000000006665745F746865726D69737442
:10D0E0006F7200006D6F746F725F746865726D6946
:10D0F00073746F72000000006D6F746F7200000037
:10D10000636F6E74726F6C6C65720000656E636F36
:10D110006465720073656E736F726C6573735F65BF
:10D120007374696D61746F720000000074726170D5
:10D130005F7472616A0000006D696E5F656E647392
:10D14000746F70006D61785F656E6473746F7000EA
:10D15000656E64706F696E74000000006D696E002A
:10D160006D617800656E61626C655F7561727400F7
:10D17000756172745F62617564726174650000004C
:10D18000656E61626C655F6932635F696E73746559
:10D1900061645F6F665F63616E000000656E61626F
:10D1A0006C655F61736369695F70726F746F636FE1
:10D1B0006C5F6F6E5F757362000000006D61785F79
:10D1C000726567656E5F63757272656E74000000EC
:10D1D0006272616B655F726573697374616E6365BA
:10D1E0000000000064635F6275735F756E64657252
:10D1F000766F6C746167655F747269705F6C657679
:10D20000656C000064635F6275735F6F766572764C
:10D210006F6C746167655F747269705F6C65766569
:10D220006C000000656E61626C655F64635F6275CF
:10D23000735F6F766572766F6C746167655F72613C
:10D240006D70000064635F6275735F6F7665727600
:10D250006F6C746167655F72616D705F737461722A
:10D260007400000064635F6275735F6F7665727649
:10D270006F6C746167655F72616D705F656E64008D
:10D2800064635F6D61785F706F7369746976655F01
:10D2900063757272656E740064635F6D61785F6E52
:10D2A000656761746976655F63757272656E740037
:10D2B0006770696F315F70776D5F6D617070696EF7
:10D2C000670000006770696F325F70776D5F6D6136
:10D2D0007070696E670000006770696F335F707708
:10D2E0006D5F6D617070696E670000006770696FD7
:10D2F000345F70776D5F6D617070696E67000000FC
:10D300006770696F335F616E616C6F675F6D6170CD
:10D3100070696E67000000006770696F345F616E4E
:10D32000616C6F675F6D617070696E67000000000F
:10D330006164647200000000616464725F6D617416
:10D3400063685F636E74000072785F636E740000E0
:10D350006572726F725F636E7400000074785F6351
:10D360006E74000074785F6F76657272756E5F63BD
:10D370006E740000757074696D6500006D696E5F94
:10D38000686561705F737061636500006D696E5FF1
:10D39000737461636B5F73706163655F61786973F8
:10D3A000300000006D696E5F737461636B5F737052
:10D3B0006163655F61786973310000006D696E5F5C
:10D3C000737461636B5F73706163655F636F6D6DD1
:10D3D000730000006D696E5F737461636B5F7370DF
:10D3E0006163655F757362006D696E5F737461631D
:10D3F0006B5F73706163655F75617274000000003C
:10D400006D696E5F737461636B5F73706163655F99
:10D4100063616E006D696E5F737461636B5F7370DF
:10D420006163655F7573625F697271006D696E5FDC
:10D43000737461636B5F73706163655F7374617252
:10D4400074757000737461636B5F75736167655F9A
:10D450006178697330000000737461636B5F75738A
:10D460006167655F6178697331000000737461639F
:10D470006B5F75736167655F636F6D6D730000004F
:10D48000737461636B5F75736167655F7573620069
:10D49000737461636B5F75736167655F75617274E7
:10D4A00000000000737461636B5F75736167655F93
:10D4B0007573625F69727100737461636B5F75731A
:10D4C0006167655F73746172747570007374616312
:10D4D0006B5F75736167655F63616E0069326300DE
:10D4E000766275735F766F6C74616765000000002B
:10D4F0006962757300000000696275735F72657020
:10D500006F72745F66696C7465725F6B0000000017
:10D5100073657269616C5F6E756D626572000000A3
:10D5200068775F76657273696F6E5F6D616A6F723F
:10D530000000000068775F76657273696F6E5F6DDB
:10D54000696E6F720000000068775F7665727369BC
:10D550006F6E5F76617269616E74000066775F76E8
:10D56000657273696F6E5F6D616A6F7200000000B3
:10D5700066775F76657273696F6E5F6D696E6F72E5
:10D580000000000066775F76657273696F6E5F7288
:10D5900065766973696F6E0066775F766572736929
:10D5A0006F6E5F756E72656C656173656400000017
:10D5B0006272616B655F7265736973746F725F61CC
:10D5C000726D6564000000006272616B655F726578
:10D5D000736973746F725F7361747572617465647B
:10D5E0000000000073797374656D5F737461747308
:10D5F00000000000757365725F636F6E6669675F38
:10D600006C6F616465640000746573745F70726F41
:10D610007065727479000000756172745F73657271
:10D620007665725F7468726561645F646566000048
:10D630007573625F7365727665725F746872656137
:10D64000645F64656600000063616E5F7365727697
:10D6500065725F7468726561645F6465660000008E
:10D660002C2066756E6374696F6E3A2000000000AE
:10D67000617373657274696F6E2022257322206650
:10D6800061696C65643A2066696C652022257322A5
:10D690002C206C696E65202564257325730A0000B3
:10D6A000494E4600696E66004E414E006E616E0046
:10D6B000496E66696E697479000000004E614E0023
:10D6C0005245454E54206D616C6C6F6320737563D9
:10D6D00063656564656400002E2E2F2E2E2F2E2E7E
:10D6E0002F2E2E2F2E2E2F2E2E2F6E65776C6962E9
:10D6F0002F6C6962632F7374646C69622F64746F3A
:10D70000612E630042616C6C6F63207375636365A7
:10D71000656465640000000065256C64000000001D
:10D720003031323334353637383961626364656697
:10D7300000000000232D302B20000000686C4C00FE
:10D7400065666745464700002E2E2F2E2E2F2E2E63
:10D750002F2E2E2F2E2E2F2E2E2F6E65776C696278
:10D760002F6C6962632F7374646C69622F6D7072C1
:10D7700065632E63000000002E0000006E6600004E
:10D78000696E697479000000616E00002E2E2F2EE4
:10D790002E2F2E2E2F2E2E2F2E2E2F2E2E2F6E652D
:10D7A000776C69622F6C6962632F7374646C696251
:10D7B0002F6764746F612D6765746865782E6300E8
:10D7C000412D46612D6638393031323334353637A4
:10D7D0005D0000002B2D0000303000007858000064
:10D7E00043000000504F534958000000000800005B
:10D7F00000080000000610160006101600000000C9
:10D800000102030400000000000000000102030404
:10D8100006070809060708090A17171717172828FF
:10D8200028282828445256383330315F72656164A5
:10D83000537069000200040008001000040000801A
:10D8400008000000333353400200040008001000B9
:10D8500004000080080000004E31304F44726976A9
:10D8600065496E74663841786973496E746645001F
:10D87000F8A1030858D80208344178697300000001
:10D88000ACA2030878D8020870D802080000000093
:10D8900080D802083D5701080D5701080200040016
:10D8A0000800100004000080080000004E31304FD6
:10D8B0004472697665496E74663238546865726D73
:10D8C0006973746F7243757272656E744C696D69B9
:10D8D000746572496E74664500000000F8A1030883
:10D8E000ACD802084E31304F4472697665496E7487
:10D8F0006633354F6E626F617264546865726D692C
:10D9000073746F7243757272656E744C696D69746D
:10D910006572496E74664500F8A10308E4D80208F0
:10D920004E31304F4472697665496E746633364FB6
:10D930006666626F617264546865726D6973746F54
:10D940007243757272656E744C696D697465724963
:10D950006E74664500000000F8A1030820D9020893
:10D96000313443757272656E744C696D6974657299
:10D9700000000000F8A1030860D90208323454689E
:10D9800065726D6973746F7243757272656E744CF3
:10D99000696D69746572000024A303087CD90208CC
:10D9A000000000000200000074D90208020000001C
:10D9B000DCD802080200000033314F6E626F6172E2
:10D9C00064546865726D6973746F724375727265C1
:10D9D0006E744C696D6974657200000024A30308BD
:10D9E000B8D90208000000000200000098D902081F
:10D9F0000200000018D902080200000033324F660E
:10DA000066626F617264546865726D6973746F7277
:10DA100043757272656E744C696D6974657200004D
:10DA200024A30308FCD90208000000000200000043
:10DA300098D902080200000058D90208020000002C
:10DA400000000000DCD90208BD770108C177010899
:10DA5000717701080000000020DA0208B977010898
:10DA6000D177010871770108020004000800100056
:10DA700004000080080000004E31304F4472697687
:10DA800065496E74663131456E636F646572496EC7
:10DA900074664500F8A1030878DA020837456E631A
:10DAA0006F64657200000000ACA203089CDA0208F3
:10DAB00094DA020800000000A8DA02083D790108A3
:10DAC00002000400080010000400008008000000AC
:10DAD0004E31304F4472697665496E746631344315
:10DAE0006F6E74726F6C6C6572496E74664500007F
:10DAF000F8A10308D0DA02083130436F6E74726FF8
:10DB00006C6C657200000000ACA20308F8DA020831
:10DB1000F0DA02080000000008DB02085189010861
:10DB20007D89010802000400080010000400008044
:10DB30000800000031304F4472697665496E7466A2
:10DB400000000000F8A1030834DB0208364F4472DD
:10DB500069766500ACA203084CDB020844DB0208CE
:10DB60000000000054DB020871960108619601086C
:10DB70008D960108C59F01088196010859960108F4
:10DB8000DD9601080100020003000000900800205B
:10DB900000080240000200000004024010000000E3
:10DBA00000040240200000000008024000020000C3
:10DBB000100E002008090020AC0D0000FFFFF94402
:10DBC0004CDC0208040000000F000000100E0020D2
:10DBD0000004024000100000000802400020000085
:10DBE000000C0240040000000700080002000000D2
:10DBF0005408002000080240008000000004024099
:10DC000040000000000402408000000000080240C4
:10DC100000800000100E0020DC07002082140000AD
:10DC2000FFFFF9444CDC020804000000040000007F
:10DC3000100E002000040240001000000008024006
:10DC400000400000000C02400400000034F8B5431E
:10DC5000AC13E7C391C6994339CEDDC125660025D3
:10DC60006C75002575640025750025687500256CA8
:10DC70006400256400256C6C750062617369635FE4
:10DC8000737472696E675F766965773A3A73756225
:10DC90007374720025733A205F5F706F732028776A
:10DCA0006869636820697320257A7529203E205FA2
:10DCB0005F73697A652028776869636820697320D3
:10DCC000257A752900474C49424358585F54554EB0
:10DCD00041424C4553006F626A5F73697A65006F19
:10DCE000626A5F636F756E7400676C6962637878EF
:10DCF0002E65685F706F6F6C00000000020004000A
:10DD000008001000040000800800000038547970FA
:10DD100065496E666F000000F8A103080CDD02087B
:10DD20003235537472696E67436F6E7665727469CB
:10DD3000626C6554797065496E666F00F8A10308DE
:10DD400020DD02083231466C6F6174536574746172
:10DD5000626C6554797065496E666F00F8A10308BE
:10DD600044DD02083231466962726550726F706537
:10DD700072747954797065496E666F493850726F64
:10DD800070657274794966454500000024A3030854
:10DD900064DD020800000000030000005CDD0208F2
:10DDA000020000003CDD02080204000018DD020849
:10DDB000020800003231466962726550726F706508
:10DDC00072747954797065496E666F493850726F14
:10DDD00070657274794962454500000024A3030808
:10DDE000B4DD020800000000030000005CDD020852
:10DDF000020000003CDD02080204000018DD0208F9
:10DE0000020800003231466962726550726F7065B7
:10DE100072747954797065496E666F493850726FC3
:10DE20007065727479496D454500000024A30308AC
:10DE300004DE020800000000030000005CDD0208B0
:10DE4000020000003CDD02080204000018DD0208A8
:10DE5000020800003231466962726550726F706567
:10DE600072747954797065496E666F493850726F73
:10DE70007065727479493134656E64706F696E745F
:10DE80005F7265665F7445450000000024A30308C7
:10DE900054DE020800000000030000005CDD020800
:10DEA000020000003CDD02080204000018DD020848
:10DEB000020800003231466962726550726F706507
:10DEC00072747954797065496E666F493850726F13
:10DED0007065727479494E31304F44726976654984
:10DEE0006E74663841786973496E7466354572722E
:10DEF0006F7245454500000024A30308B4DE020804
:10DF000000000000030000005CDD020802000000C9
:10DF10003CDD02080204000018DD020802080000CF
:10DF20003231466962726550726F706572747954ED
:10DF3000797065496E666F493850726F706572749A
:10DF400079494E31304F4472697665496E7466384E
:10DF500041786973496E74663941786973537461A5
:10DF6000746545454500000024A3030820DF02082E
:10DF700000000000030000005CDD02080200000059
:10DF80003CDD02080204000018DD0208020800005F
:10DF90003231466962726550726F7065727479547D
:10DFA000797065496E666F493850726F706572742A
:10DFB000794974454500000024A3030890DF020856
:10DFC00000000000030000005CDD02080200000009
:10DFD0003CDD02080204000018DD0208020800000F
:10DFE0003231466962726550726F7065727479542D
:10DFF000797065496E666F493850726F70657274DA
:10E0000079494E31304F4472697665496E74663293
:10E0100038546865726D6973746F72437572726596
:10E020006E744C696D69746572496E7466354572BB
:10E03000726F72454545000024A30308E0DF020823
:10E0400000000000030000005CDD02080200000088
:10E050003CDD02080204000018DD0208020800008E
:10E060003231466962726550726F706572747954AC
:10E07000797065496E666F493850726F7065727459
:10E0800079494E31304F4472697665496E7466390C
:10E090004D6F746F72496E7466354572726F72455A
:10E0A0004545000024A3030860E0020800000000CA
:10E0B000030000005CDD0208020000003CDD0208F5
:10E0C0000204000018DD020802080000323146692F
:10E0D00062726550726F70657274795479706549B7
:10E0E0006E666F493850726F7065727479496C450D
:10E0F0004500000024A30308CCE002080000000053
:10E10000030000005CDD0208020000003CDD0208A4
:10E110000204000018DD02080208000032314669DE
:10E1200062726550726F7065727479547970654966
:10E130006E666F493850726F7065727479494E31EE
:10E14000304F4472697665496E7466394D6F746FED
:10E1500072496E7466394D6F746F7254797065458B
:10E160004545000024A303081CE10208000000004C
:10E17000030000005CDD0208020000003CDD020834
:10E180000204000018DD020802080000323146696E
:10E1900062726550726F70657274795479706549F6
:10E1A0006E666F493850726F7065727479494E317E
:10E1B000304F4472697665496E74663134436F6ED0
:10E1C00074726F6C6C6572496E7466354572726FED
:10E1D000724545450000000024A303088CE10208B5
:10E1E00000000000030000005CDD020802000000E7
:10E1F0003CDD02080204000018DD020802080000ED
:10E200003231466962726550726F7065727479540A
:10E21000797065496E666F493850726F70657274B7
:10E2200079494E31304F4472697665496E74663172
:10E2300034436F6E74726F6C6C6572496E746631C4
:10E2400031436F6E74726F6C4D6F64654545450068
:10E2500024A3030800E202080000000003000000FD
:10E260005CDD0208020000003CDD02080204000040
:10E2700018DD0208020800003231466962726550FA
:10E28000726F706572747954797065496E666F4902
:10E290003850726F7065727479494E31304F4472E4
:10E2A000697665496E74663134436F6E74726F6C53
:10E2B0006C6572496E746639496E7075744D6F6421
:10E2C000654545450000000024A3030878E20208E4
:10E2D00000000000030000005CDD020802000000F6
:10E2E0003CDD02080204000018DD020802080000FC
:10E2F0003231466962726550726F7065727479541A
:10E30000797065496E666F493850726F70657274C6
:10E31000794968454500000024A30308F0E202089B
:10E3200000000000030000005CDD020802000000A5
:10E330003CDD02080204000018DD020802080000AB
:10E340003231466962726550726F706572747954C9
:10E35000797065496E666F493850726F7065727476
:10E3600079494E31304F4472697665496E74663131
:10E3700031456E636F646572496E746635457272BD
:10E380006F7245454500000024A3030840E30208DE
:10E3900000000000030000005CDD02080200000035
:10E3A0003CDD02080204000018DD0208020800003B
:10E3B0003231466962726550726F70657274795459
:10E3C000797065496E666F493850726F7065727406
:10E3D00079494E31304F4472697665496E746631C1
:10E3E00031456E636F646572496E7466344D6F6457
:10E3F000654545450000000024A30308B0E302087A
:10E4000000000000030000005CDD020802000000C4
:10E410003CDD02080204000018DD020802080000CA
:10E420003231466962726550726F706572747954E8
:10E43000797065496E666F493850726F7065727495
:10E4400079494E31304F4472697665496E7466324F
:10E450003353656E736F726C657373457374696D56
:10E4600061746F72496E7466354572726F7245459C
:10E470004500000024A3030820E402080000000077
:10E48000030000005CDD0208020000003CDD020821
:10E490000204000018DD020802080000323146695B
:10E4A00062726550726F70657274795479706549E3
:10E4B0006E666F493850726F7065727479494E316B
:10E4C000304F4472697665496E74663743616E49B0
:10E4D0006E7466354572726F7245454500000000E6
:10E4E00024A303089CE402080000000003000000CD
:10E4F0005CDD0208020000003CDD020802040000AE
:10E5000018DD020802080000323146696272655067
:10E51000726F706572747954797065496E666F496F
:10E520003850726F7065727479494E31304F447251
:10E53000697665496E74663743616E496E746638F4
:10E5400050726F746F636F6C4545450024A30308D8
:10E5500008E5020800000000030000005CDD02087E
:10E56000020000003CDD02080204000018DD020881
:10E57000020800000000000018DD02080000000092
:10E58000000000003CDD020875B1010879B1010806
:10E59000000000005CDD02087DB101080000000001
:10E5A0008CDD020897BA01086DB5010831B6010883
:10E5B00069C60108FCFFFFFF8CDD02085DB601089B
:10E5C000A9C60108F8FFFFFF8CDD02088DB5010820
:10E5D00000000000DCDD020821FE010845B501084D
:10E5E00065B60108DDFD0108FCFFFFFFDCDD020868
:10E5F0007DB6010819FE0108F8FFFFFFDCDD020807
:10E6000065B50108000000002CDE02086BBA0108A5
:10E610001DB5010885B60108B1C60108FCFFFFFF62
:10E620002CDE0208A5B60108E5C60108F8FFFFFFC9
:10E630002CDE02083DB50108000000008CDE020857
:10E64000E5B40108E9B40108ADB6010811B5010847
:10E65000FCFFFFFF8CDE0208B9B6010815B5010802
:10E66000F8FFFFFF8CDE020809B50108000000007A
:10E67000F8DE02083FBA0108BDB40108C1B60108BE
:10E68000EDC60108FCFFFFFFF8DE0208E1B6010855
:10E6900021C70108F8FFFFFFF8DE0208DDB401081A
:10E6A0000000000068DF02085970020895B40108F4
:10E6B000E9B60108D1FE0108FCFFFFFF68DF020890
:10E6C00009B7010801FF0108F8FFFFFF68DF020832
:10E6D000B5B4010800000000B8DF020855C8010801
:10E6E0006DB4010811B7010865C70108FCFFFFFF01
:10E6F000B8DF020831B7010899C70108F8FFFFFF2A
:10E70000B8DF02088DB401080000000038E00208FC
:10E710002D70020845B4010839B7010831FF01081E
:10E72000FCFFFFFF38E0020859B7010861FF01084C
:10E73000F8FFFFFF38E0020865B4010800000000A0
:10E74000A4E0020883C801081DB4010861B70108EC
:10E7500019C80108FCFFFFFFA4E0020881B7010807
:10E760004DC80108F8FFFFFFA4E002083DB401080E
:10E7700000000000F4E0020813BA0108F5B3010834
:10E7800089B7010829C70108FCFFFFFFF4E0020870
:10E79000A9B701085DC70108F8FFFFFFF4E0020810
:10E7A00015B401080000000064E1020801700208CD
:10E7B000CDB30108B1B70108B1000208FCFFFFFFAB
:10E7C00064E10208D1B70108E1000208F8FFFFFF89
:10E7D00064E10208EDB3010800000000D8E102087E
:10E7E000D56F0208A5B30108D9B7010891FF010848
:10E7F000FCFFFFFFD8E10208F9B70108C1FF0108DB
:10E80000F8FFFFFFD8E10208C5B3010800000000CF
:10E8100050E20208A96F02087DB3010801B801089F
:10E8200011010208FCFFFFFF50E2020821B80108B5
:10E8300041010208F8FFFFFF50E202089DB3010802
:10E8400000000000C8E202087D6F020855B301080D
:10E8500029B8010871010208FCFFFFFFC8E20208A5
:10E8600049B80108A1010208F8FFFFFFC8E2020849
:10E8700075B301080000000018E30208516F020898
:10E880002DB3010851B80108D1010208FCFFFFFFB8
:10E8900018E3020871B8010801020208F8FFFFFF3F
:10E8A00018E302084DB301080000000088E30208E5
:10E8B000B1C8010805B3010879B80108DDC701082E
:10E8C000FCFFFFFF88E3020899B8010811C801089E
:10E8D000F8FFFFFF88E3020825B3010800000000ED
:10E8E000F8E30208E5B90108DDB20108A1B80108A2
:10E8F000A1C70108FCFFFFFFF8E30208C1B8010847
:10E90000D5C70108F8FFFFFFF8E30208FDB20108D0
:10E910000000000074E40208256F0208B5B2010887
:10E92000C9B80108F1FF0108FCFFFFFF74E4020809
:10E93000E9B8010821000208F8FFFFFF74E40208AB
:10E94000D5B2010800000000E0E40208F96E0208F8
:10E950008DB20108F1B8010871FE0108FCFFFFFF4C
:10E96000E0E4020811B90108A1FE0108F8FFFFFF69
:10E97000E0E40208ADB20108000000004CE5020826
:10E98000CD6E020865B2010819B9010851000208EC
:10E99000FCFFFFFF4CE5020839B9010881000208BD
:10E9A000F8FFFFFF4CE5020885B201089A950000C8
:10E9B0005B7B226E616D65223A22222C22696422E1
:10E9C0003A302C2274797065223A226A736F6E2273
:10E9D0002C22616363657373223A2272227D2C7B41
:10E9E000226E616D65223A22766275735F766F6C76
:10E9F00074616765222C226964223A312C22747971
:10EA00007065223A22666C6F6174222C2261636306
:10EA1000657373223A2272227D2C7B226E616D65B2
:10EA2000223A2269627573222C226964223A322CBE
:10EA30002274797065223A22666C6F6174222C22EE
:10EA4000616363657373223A2272227D2C7B226E8E
:10EA5000616D65223A22696275735F7265706F72CB
:10EA6000745F66696C7465725F6B222C2269642224
:10EA70003A332C2274797065223A22666C6F617485
:10EA8000222C22616363657373223A227277227D9E
:10EA90002C7B226E616D65223A2273657269616C0E
:10EAA0005F6E756D626572222C226964223A342C85
:10EAB0002274797065223A2275696E743634222C7C
:10EAC00022616363657373223A2272227D2C7B225A
:10EAD0006E616D65223A2268775F76657273696F41
:10EAE0006E5F6D616A6F72222C226964223A352C46
:10EAF0002274797065223A2275696E7438222C224C
:10EB0000616363657373223A2272227D2C7B226ECD
:10EB1000616D65223A2268775F76657273696F6E00
:10EB20005F6D696E6F72222C226964223A362C2244
:10EB300074797065223A2275696E7438222C2261CC
:10EB40006363657373223A2272227D2C7B226E618D
:10EB50006D65223A2268775F76657273696F6E5FC2
:10EB600076617269616E74222C226964223A372CB4
:10EB70002274797065223A2275696E7438222C22CB
:10EB8000616363657373223A2272227D2C7B226E4D
:10EB9000616D65223A2266775F76657273696F6E82
:10EBA0005F6D616A6F72222C226964223A382C22CE
:10EBB00074797065223A2275696E7438222C22614C
:10EBC0006363657373223A2272227D2C7B226E610D
:10EBD0006D65223A2266775F76657273696F6E5F44
:10EBE0006D696E6F72222C226964223A392C22746C
:10EBF000797065223A2275696E7438222C2261631D
:10EC000063657373223A2272227D2C7B226E616DC2
:10EC100065223A2266775F76657273696F6E5F72FE
:10EC200065766973696F6E222C226964223A3130ED
:10EC30002C2274797065223A2275696E7438222C00
:10EC400022616363657373223A2272227D2C7B22D8
:10EC50006E616D65223A2266775F76657273696FC1
:10EC60006E5F756E72656C6561736564222C2269D6
:10EC700064223A31312C2274797065223A22756906
:10EC80006E7438222C22616363657373223A227298
:10EC9000227D2C7B226E616D65223A226272616B4D
:10ECA000655F7265736973746F725F61726D6564BD
:10ECB000222C226964223A31322C22747970652226
:10ECC0003A22626F6F6C222C226163636573732238
:10ECD0003A2272227D2C7B226E616D65223A22627D
:10ECE00072616B655F7265736973746F725F736174
:10ECF00074757261746564222C226964223A31331E
:10ED00002C2274797065223A22626F6F6C222C2259
:10ED1000616363657373223A227277227D2C7B22B2
:10ED20006E616D65223A2273797374656D5F7374D9
:10ED3000617473222C2274797065223A226F626AA0
:10ED4000656374222C226D656D62657273223A5B75
:10ED50007B226E616D65223A22757074696D652241
:10ED60002C226964223A31342C2274797065223A5B
:10ED70002275696E743332222C226163636573736A
:10ED8000223A2272227D2C7B226E616D65223A220C
:10ED90006D696E5F686561705F7370616365222C79
:10EDA000226964223A31352C2274797065223A2224
:10EDB00075696E743332222C22616363657373222A
:10EDC0003A2272227D2C7B226E616D65223A226D81
:10EDD000696E5F737461636B5F73706163655F61BC
:10EDE00078697330222C226964223A31362C2274DD
:10EDF000797065223A2275696E743332222C226151
:10EE00006363657373223A2272227D2C7B226E61CA
:10EE10006D65223A226D696E5F737461636B5F7317
:10EE2000706163655F6178697331222C22696422A5
:10EE30003A31372C2274797065223A2275696E74E2
:10EE40003332222C22616363657373223A22722269
:10EE50007D2C7B226E616D65223A226D696E5F7337
:10EE60007461636B5F73706163655F636F6D6D7316
:10EE7000222C226964223A31382C2274797065225E
:10EE80003A2275696E743332222C22616363657392
:10EE900073223A2272227D2C7B226E616D65223AAA
:10EEA000226D696E5F737461636B5F73706163651C
:10EEB0005F757362222C226964223A31392C2274E4
:10EEC000797065223A2275696E743332222C226180
:10EED0006363657373223A2272227D2C7B226E61FA
:10EEE0006D65223A226D696E5F737461636B5F7347
:10EEF000706163655F75617274222C226964223AC5
:10EF000032302C2274797065223A2275696E74331E
:10EF100032222C22616363657373223A2272227D4E
:10EF20002C7B226E616D65223A226D696E5F73746F
:10EF300061636B5F73706163655F63616E222C2236
:10EF40006964223A32312C2274797065223A227532
:10EF5000696E743332222C22616363657373223AC3
:10EF60002272227D2C7B226E616D65223A226D69B0
:10EF70006E5F737461636B5F73706163655F7573FC
:10EF8000625F697271222C226964223A32322C2229
:10EF900074797065223A2275696E743332222C229C
:10EFA000616363657373223A2272227D2C7B226E29
:10EFB000616D65223A226D696E5F737461636B5F88
:10EFC00073706163655F73746172747570222C2253
:10EFD0006964223A32332C2274797065223A2275A0
:10EFE000696E743332222C22616363657373223A33
:10EFF0002272227D2C7B226E616D65223A2273740F
:10F0000061636B5F75736167655F617869733022F7
:10F010002C226964223A32342C2274797065223AA7
:10F020002275696E743332222C22616363657373B7
:10F03000223A2272227D2C7B226E616D65223A2259
:10F04000737461636B5F75736167655F6178697322
:10F0500031222C226964223A32352C22747970656F
:10F06000223A2275696E743332222C226163636501
:10F070007373223A2272227D2C7B226E616D65228F
:10F080003A22737461636B5F75736167655F636F69
:10F090006D6D73222C226964223A32362C227479E7
:10F0A0007065223A2275696E743332222C226163B4
:10F0B00063657373223A2272227D2C7B226E616D0E
:10F0C00065223A22737461636B5F75736167655F74
:10F0D000757362222C226964223A32372C227479A9
:10F0E0007065223A2275696E743332222C22616374
:10F0F00063657373223A2272227D2C7B226E616DCE
:10F1000065223A22737461636B5F75736167655F33
:10F1100075617274222C226964223A32382C22746E
:10F12000797065223A2275696E743332222C22611D
:10F130006363657373223A2272227D2C7B226E6197
:10F140006D65223A22737461636B5F7573616765E5
:10F150005F7573625F697271222C226964223A3290
:10F16000392C2274797065223A2275696E743332B3
:10F17000222C22616363657373223A2272227D2CF2
:10F180007B226E616D65223A22737461636B5F75D9
:10F19000736167655F73746172747570222C226984
:10F1A00064223A33302C2274797065223A227569D0
:10F1B0006E743332222C22616363657373223A22A8
:10F1C00072227D2C7B226E616D65223A22737461FE
:10F1D000636B5F75736167655F63616E222C226983
:10F1E00064223A33312C2274797065223A2275698F
:10F1F0006E743332222C22616363657373223A2268
:10F2000072227D2C7B226E616D65223A22757362BB
:10F21000222C2274797065223A226F626A656374C7
:10F22000222C226D656D62657273223A5B7B226EC1
:10F23000616D65223A2272785F636E74222C2269B6
:10F2400064223A33322C2274797065223A2275692D
:10F250006E743332222C22616363657373223A2207
:10F2600072227D2C7B226E616D65223A2274785F5A
:10F27000636E74222C226964223A33332C2274790F
:10F280007065223A2275696E743332222C226163D2
:10F2900063657373223A2272227D2C7B226E616D2C
:10F2A00065223A2274785F6F76657272756E5F635D
:10F2B0006E74222C226964223A33342C22747970C1
:10F2C00065223A2275696E743332222C226163639F
:10F2D000657373223A2272227D5D7D2C7B226E61E2
:10F2E0006D65223A22693263222C2274797065227C
:10F2F0003A226F626A656374222C226D656D6265C5
:10F300007273223A5B7B226E616D65223A226164E0
:10F310006472222C226964223A33352C227479706B
:10F3200065223A2275696E7438222C226163636506
:10F330007373223A2272227D2C7B226E616D6522CC
:10F340003A22616464725F6D617463685F636E74B6
:10F35000222C226964223A33362C22747970652279
:10F360003A2275696E743332222C226163636573AD
:10F3700073223A2272227D2C7B226E616D65223AC5
:10F380002272785F636E74222C226964223A3337CA
:10F390002C2274797065223A2275696E7433322298
:10F3A0002C22616363657373223A2272227D2C7B67
:10F3B000226E616D65223A226572726F725F636EB2
:10F3C00074222C226964223A33382C2274797065B5
:10F3D000223A2275696E743332222C22616363658E
:10F3E0007373223A2272227D5D7D5D7D2C7B226EBD
:10F3F000616D65223A22636F6E666967222C227402
:10F40000797065223A226F626A656374222C226DDC
:10F41000656D62657273223A5B7B226E616D652257
:10F420003A22656E61626C655F75617274222C228E
:10F430006964223A33392C2274797065223A226247
:10F440006F6F6C222C22616363657373223A2272A0
:10F4500077227D2C7B226E616D65223A2275617266
:10F46000745F6261756472617465222C2269642222
:10F470003A34302C2274797065223A2275696E74A0
:10F480003332222C22616363657373223A227277CE
:10F49000227D2C7B226E616D65223A22656E61624F
:10F4A0006C655F6932635F696E73746561645F6F19
:10F4B000665F63616E222C226964223A34312C2209
:10F4C00074797065223A22626F6F6C222C2261631C
:10F4D00063657373223A227277227D2C7B226E61E0
:10F4E0006D65223A22656E61626C655F6173636966
:10F4F000695F70726F746F636F6C5F6F6E5F75734F
:10F5000062222C226964223A34322C22747970658A
:10F51000223A22626F6F6C222C22616363657373DF
:10F52000223A227277227D2C7B226E616D65223A0F
:10F53000226D61785F726567656E5F637572726573
:10F540006E74222C226964223A34332C227479702E
:10F5500065223A22666C6F6174222C2261636365B6
:10F560007373223A227277227D2C7B226E616D6545
:10F57000223A226272616B655F72657369737461AE
:10F580006E6365222C226964223A34342C22747909
:10F590007065223A22666C6F6174222C226163636B
:10F5A000657373223A227277227D2C7B226E616D05
:10F5B00065223A2264635F6275735F756E6465727B
:10F5C000766F6C746167655F747269705F6C657685
:10F5D000656C222C226964223A34352C22747970AD
:10F5E00065223A22666C6F6174222C226163636526
:10F5F0007373223A227277227D2C7B226E616D65B5
:10F60000223A2264635F6275735F6F766572766F0C
:10F610006C746167655F747269705F6C6576656C48
:10F62000222C226964223A34362C227479706522A5
:10F630003A22666C6F6174222C2261636365737376
:10F64000223A227277227D2C7B226E616D65223AEE
:10F6500022656E61626C655F64635F6275735F6F84
:10F66000766572766F6C746167655F72616D70222A
:10F670002C226964223A34372C2274797065223A3C
:10F6800022626F6F6C222C22616363657373223A6E
:10F69000227277227D2C7B226E616D65223A226474
:10F6A000635F6275735F6F766572766F6C746167A6
:10F6B000655F72616D705F7374617274222C226970
:10F6C00064223A34382C2274797065223A22666CAE
:10F6D0006F6174222C22616363657373223A227214
:10F6E00077227D2C7B226E616D65223A2264635FF6
:10F6F0006275735F6F766572766F6C746167655F54
:10F7000072616D705F656E64222C226964223A34E6
:10F71000392C2274797065223A22666C6F617422EA
:10F720002C22616363657373223A227277227D2CE7
:10F730007B226E616D65223A2264635F6D61785F42
:10F74000706F7369746976655F63757272656E74E4
:10F75000222C226964223A35302C22747970652279
:10F760003A22666C6F6174222C2261636365737345
:10F77000223A227277227D2C7B226E616D65223ABD
:10F780002264635F6D61785F6E6567617469766539
:10F790005F63757272656E74222C226964223A3539
:10F7A000312C2274797065223A22666C6F61742262
:10F7B0002C22616363657373223A227277227D2C57
:10F7C0007B226E616D65223A226770696F315F70CE
:10F7D000776D5F6D617070696E67222C227479702D
:10F7E00065223A226F626A656374222C226D656D10
:10F7F00062657273223A5B7B226E616D65223A22EA
:10F80000656E64706F696E74222C226964223A35C9
:10F81000322C2274797065223A22656E64706F69A9
:10F820006E745F726566222C226163636573732256
:10F830003A227277227D2C7B226E616D65223A22FC
:10F840006D696E222C226964223A35332C22747938
:10F850007065223A22666C6F6174222C22616363A8
:10F86000657373223A227277227D2C7B226E616D42
:10F8700065223A226D6178222C226964223A35345D
:10F880002C2274797065223A22666C6F6174222C86
:10F8900022616363657373223A227277227D5D7DF4
:10F8A0002C7B226E616D65223A226770696F325F30
:10F8B00070776D5F6D617070696E67222C2274794C
:10F8C0007065223A226F626A656374222C226D652C
:10F8D0006D62657273223A5B7B226E616D65223ABE
:10F8E00022656E64706F696E74222C226964223AFC
:10F8F00035352C2274797065223A22656E64706FFA
:10F90000696E745F726566222C226163636573732E
:10F91000223A227277227D2C7B226E616D65223A1B
:10F92000226D696E222C226964223A35362C2274AB
:10F93000797065223A22666C6F6174222C226163B1
:10F9400063657373223A227277227D2C7B226E616B
:10F950006D65223A226D6178222C226964223A3543
:10F96000372C2274797065223A22666C6F6174229A
:10F970002C22616363657373223A227277227D5D64
:10F980007D2C7B226E616D65223A226770696F3330
:10F990005F70776D5F6D617070696E67222C227485
:10F9A000797065223A226F626A656374222C226D37
:10F9B000656D62657273223A5B7B226E616D6522B2
:10F9C0003A22656E64706F696E74222C226964221B
:10F9D0003A35382C2274797065223A22656E64704B
:10F9E0006F696E745F726566222C22616363657352
:10F9F00073223A227277227D2C7B226E616D652202
:10FA00003A226D696E222C226964223A35392C2201
:10FA100074797065223A22666C6F6174222C2261BF
:10FA20006363657373223A227277227D2C7B226E88
:10FA3000616D65223A226D6178222C226964223A36
:10FA400036302C2274797065223A22666C6F6174AC
:10FA5000222C22616363657373223A227277227DBE
:10FA60005D7D2C7B226E616D65223A226770696F25
:10FA7000345F70776D5F6D617070696E67222C22E4
:10FA800074797065223A226F626A656374222C224F
:10FA90006D656D62657273223A5B7B226E616D6586
:10FAA000223A22656E64706F696E74222C2269643A
:10FAB000223A36312C2274797065223A22656E64BE
:10FAC000706F696E745F726566222C226163636574
:10FAD0007373223A227277227D2C7B226E616D65D0
:10FAE000223A226D696E222C226964223A36322C27
:10FAF0002274797065223A22666C6F6174222C221E
:10FB0000616363657373223A227277227D2C7B22B4
:10FB10006E616D65223A226D6178222C2269642221
:10FB20003A36332C2274797065223A22666C6F6102
:10FB300074222C22616363657373223A22727722E6
:10FB40007D5D7D2C7B226E616D65223A2267706936
:10FB50006F335F616E616C6F675F6D617070696E4E
:10FB600067222C2274797065223A226F626A65637B
:10FB700074222C226D656D62657273223A5B7B2262
:10FB80006E616D65223A22656E64706F696E7422D3
:10FB90002C226964223A36342C2274797065223A18
:10FBA00022656E64706F696E745F726566222C22C6
:10FBB000616363657373223A227277227D2C7B2204
:10FBC0006E616D65223A226D696E222C2269642273
:10FBD0003A36352C2274797065223A22666C6F6150
:10FBE00074222C22616363657373223A2272772236
:10FBF0007D2C7B226E616D65223A226D6178222C0C
:10FC0000226964223A36362C2274797065223A22AF
:10FC1000666C6F6174222C22616363657373223A90
:10FC2000227277227D5D7D2C7B226E616D65223A8A
:10FC3000226770696F345F616E616C6F675F6D61C1
:10FC40007070696E67222C2274797065223A226F77
:10FC5000626A656374222C226D656D62657273221F
:10FC60003A5B7B226E616D65223A22656E64706F2D
:10FC7000696E74222C226964223A36372C227479F8
:10FC80007065223A22656E64706F696E745F72658A
:10FC900066222C22616363657373223A2272772293
:10FCA0007D2C7B226E616D65223A226D696E222C5D
:10FCB000226964223A36382C2274797065223A22FD
:10FCC000666C6F6174222C22616363657373223AE0
:10FCD000227277227D2C7B226E616D65223A226D25
:10FCE0006178222C226964223A36392C2274797088
:10FCF00065223A22666C6F6174222C22616363650F
:10FD00007373223A227277227D5D7D5D7D2C7B228A
:10FD10006E616D65223A22757365725F636F6E6600
:10FD200069675F6C6F61646564222C226964223AA2
:10FD300037302C2274797065223A22626F6F6C2200
:10FD40002C22616363657373223A2272227D2C7BBD
:10FD5000226E616D65223A226178697330222C220D
:10FD600074797065223A226F626A656374222C226C
:10FD70006D656D62657273223A5B7B226E616D65A3
:10FD8000223A226572726F72222C226964223A37FB
:10FD9000312C2274797065223A22696E74333222D2
:10FDA0002C22616363657373223A227277227D2C61
:10FDB0007B226E616D65223A22737465705F64699F
:10FDC000725F616374697665222C226964223A3716
:10FDD000322C2274797065223A22626F6F6C222C69
:10FDE00022616363657373223A2272227D2C7B2227
:10FDF0006E616D65223A2263757272656E745F730F
:10FE000074617465222C226964223A37332C22747F
:10FE1000797065223A22696E743332222C22616332
:10FE200063657373223A2272227D2C7B226E616D90
:10FE300065223A227265717565737465645F7374C7
:10FE4000617465222C226964223A37342C22747939
:10FE50007065223A22696E743332222C2261636308
:10FE6000657373223A227277227D2C7B226E616D3C
:10FE700065223A226C6F6F705F636F756E74657286
:10FE8000222C226964223A37352C2274797065223B
:10FE90003A2275696E743332222C22616363657372
:10FEA00073223A2272227D2C7B226E616D65223A8A
:10FEB000226C6F636B696E5F7374617465222C22B0
:10FEC0006964223A37362C2274797065223A2269A5
:10FED0006E743332222C22616363657373223A227B
:10FEE00072227D2C7B226E616D65223A2269735FDE
:10FEF000686F6D6564222C226964223A37372C22A0
:10FF000074797065223A22626F6F6C222C226163D1
:10FF100063657373223A227277227D2C7B226E6195
:10FF20006D65223A22636F6E666967222C227479AE
:10FF30007065223A226F626A656374222C226D65B5
:10FF40006D62657273223A5B7B226E616D65223A47
:10FF500022737461727475705F6D6F746F725F631A
:10FF6000616C6962726174696F6E222C226964220D
:10FF70003A37382C2274797065223A22626F6F6C9E
:10FF8000222C22616363657373223A227277227D89
:10FF90002C7B226E616D65223A22737461727475D6
:10FFA000705F656E636F6465725F696E6465785FCC
:10FFB000736561726368222C226964223A37392C96
:10FFC0002274797065223A22626F6F6C222C226152
:10FFD0006363657373223A227277227D2C7B226ED3
:10FFE000616D65223A22737461727475705F656E1B
:10FFF000636F6465725F6F66667365745F63616C7F
:020000040803EF
:100000006962726174696F6E222C226964223A38C7
:10001000302C2274797065223A22626F6F6C222C28
:1000200022616363657373223A227277227D2C7B8F
:10003000226E616D65223A22737461727475705F0D
:10004000636C6F7365645F6C6F6F705F636F6E740A
:10005000726F6C222C226964223A38312C22747916
:100060007065223A22626F6F6C222C226163636595
:100070007373223A227277227D2C7B226E616D652A
:10008000223A22737461727475705F73656E736F58
:10009000726C6573735F636F6E74726F6C222C2267
:1000A0006964223A38322C2274797065223A2262CD
:1000B0006F6F6C222C22616363657373223A227224
:1000C00077227D2C7B226E616D65223A22737461EA
:1000D000727475705F686F6D696E67222C22696437
:1000E000223A38332C2274797065223A22626F6F7B
:1000F0006C222C22616363657373223A2272772229
:100100007D2C7B226E616D65223A22656E61626C88
:10011000655F737465705F646972222C2269642262
:100120003A38342C2274797065223A22626F6F6CEF
:10013000222C22616363657373223A227277227DD7
:100140002C7B226E616D65223A22737465705F6448
:1001500069725F616C776179735F6F6E222C2269BF
:1001600064223A38352C2274797065223A22626F03
:100170006F6C222C22616363657373223A2272775B
:10018000227D2C7B226E616D65223A227475726E1F
:10019000735F7065725F73746570222C22696422CC
:1001A0003A38362C2274797065223A22666C6F6177
:1001B00074222C22616363657373223A2272772260
:1001C0007D2C7B226E616D65223A227761746368B3
:1001D000646F675F74696D656F7574222C22696442
:1001E000223A38372C2274797065223A22666C6F75
:1001F0006174222C22616363657373223A227277E1
:10020000227D2C7B226E616D65223A22656E6162D1
:100210006C655F7761746368646F67222C22696420
:10022000223A38382C2274797065223A22626F6F34
:100230006C222C22616363657373223A22727722E7
:100240007D2C7B226E616D65223A22737465705F2E
:100250006770696F5F70696E222C226964223A3878
:10026000392C2274797065223A2275696E743136A0
:10027000222C22616363657373223A227277227D96
:100280002C7B226E616D65223A226469725F677011
:10029000696F5F70696E222C226964223A39302CB2
:1002A0002274797065223A2275696E743136222C77
:1002B00022616363657373223A227277227D2C7BFD
:1002C000226E616D65223A2263616C6962726174AB
:1002D000696F6E5F6C6F636B696E222C227479702C
:1002E00065223A226F626A656374222C226D656D05
:1002F00062657273223A5B7B226E616D65223A22DF
:1003000063757272656E74222C226964223A3931E7
:100310002C2274797065223A22666C6F6174222CEB
:1003200022616363657373223A227277227D2C7B8C
:10033000226E616D65223A2272616D705F74696D23
:1003400065222C226964223A39322C227479706534
:10035000223A22666C6F6174222C2261636365739A
:1003600073223A227277227D2C7B226E616D652288
:100370003A2272616D705F64697374616E636522A5
:100380002C226964223A39332C2274797065223A1E
:1003900022666C6F6174222C226163636573732221
:1003A0003A227277227D2C7B226E616D65223A2281
:1003B000616363656C222C226964223A39342C22F1
:1003C00074797065223A22666C6F6174222C226106
:1003D0006363657373223A227277227D2C7B226ECF
:1003E000616D65223A2276656C222C226964223A7C
:1003F00039352C2274797065223A22666C6F6174EB
:10040000222C22616363657373223A227277227D04
:100410005D7D2C7B226E616D65223A2273656E7361
:100420006F726C6573735F72616D70222C227479C8
:100430007065223A226F626A656374222C226D65B0
:100440006D62657273223A5B7B226E616D65223A42
:100450002263757272656E74222C226964223A39A5
:10046000362C2274797065223A22666C6F61742290
:100470002C22616363657373223A227277227D2C8A
:100480007B226E616D65223A2272616D705F7469C4
:100490006D65222C226964223A39372C22747970D6
:1004A00065223A22666C6F6174222C226163636557
:1004B0007373223A227277227D2C7B226E616D65E6
:1004C000223A2272616D705F64697374616E636554
:1004D000222C226964223A39382C227479706522E0
:1004E0003A22666C6F6174222C22616363657373B8
:1004F000223A227277227D2C7B226E616D65223A30
:1005000022616363656C222C226964223A39392C9A
:100510002274797065223A22666C6F6174222C22F3
:10052000616363657373223A227277227D2C7B228A
:100530006E616D65223A2276656C222C22696422F6
:100540003A3130302C2274797065223A22666C6F11
:100550006174222C22616363657373223A2272777D
:10056000227D2C7B226E616D65223A2266696E695E
:1005700073685F64697374616E6365222C226964B9
:10058000223A3130312C2274797065223A22666C1D
:100590006F6174222C22616363657373223A227245
:1005A00077227D2C7B226E616D65223A2266696E10
:1005B0006973685F6F6E5F76656C222C22696422B6
:1005C0003A3130322C2274797065223A22626F6F90
:1005D0006C222C22616363657373223A2272772244
:1005E0007D2C7B226E616D65223A2266696E69738D
:1005F000685F6F6E5F64697374616E6365222C223D
:100600006964223A3130332C2274797065223A229F
:10061000626F6F6C222C22616363657373223A22CE
:100620007277227D2C7B226E616D65223A2266698B
:100630006E6973685F6F6E5F656E635F6964782271
:100640002C226964223A3130342C2274797065226C
:100650003A22626F6F6C222C22616363657373228E
:100660003A227277227D5D7D2C7B226E616D652240
:100670003A2267656E6572616C5F6C6F636B696E61
:10068000222C2274797065223A226F626A65637443
:10069000222C226D656D62657273223A5B7B226E3D
:1006A000616D65223A2263757272656E74222C2226
:1006B0006964223A3130352C2274797065223A22ED
:1006C000666C6F6174222C22616363657373223AD6
:1006D000227277227D2C7B226E616D65223A227216
:1006E000616D705F74696D65222C226964223A31F4
:1006F00030362C2274797065223A22666C6F6174F0
:10070000222C22616363657373223A227277227D01
:100710002C7B226E616D65223A2272616D705F647E
:10072000697374616E6365222C226964223A3130E8
:10073000372C2274797065223A22666C6F617422BC
:100740002C22616363657373223A227277227D2CB7
:100750007B226E616D65223A22616363656C222C97
:10076000226964223A3130382C2274797065223A39
:1007700022666C6F6174222C22616363657373223D
:100780003A227277227D2C7B226E616D65223A229D
:1007900076656C222C226964223A3130392C22741D
:1007A000797065223A22666C6F6174222C22616333
:1007B00063657373223A227277227D2C7B226E61ED
:1007C0006D65223A2266696E6973685F6469737445
:1007D000616E6365222C226964223A3131302C2209
:1007E00074797065223A22666C6F6174222C2261E2
:1007F0006363657373223A227277227D2C7B226EAB
:10080000616D65223A2266696E6973685F6F6E5F1B
:1008100076656C222C226964223A3131312C2274A3
:10082000797065223A22626F6F6C222C22616363B9
:10083000657373223A227277227D2C7B226E616D62
:1008400065223A2266696E6973685F6F6E5F6469DC
:100850007374616E6365222C226964223A313132ED
:100860002C2274797065223A22626F6F6C222C22DE
:10087000616363657373223A227277227D2C7B2237
:100880006E616D65223A2266696E6973685F6F6E8C
:100890005F656E635F696478222C226964223A3155
:1008A00031332C2274797065223A22626F6F6C2288
:1008B0002C22616363657373223A227277227D5D15
:1008C0007D2C7B226E616D65223A2263616E5F6EC4
:1008D0006F64655F6964222C226964223A31313485
:1008E0002C2274797065223A2275696E7433322233
:1008F0002C22616363657373223A227277227D2C06
:100900007B226E616D65223A2263616E5F6E6F6459
:10091000655F69645F657874656E646564222C2226
:100920006964223A3131352C2274797065223A2279
:10093000626F6F6C222C22616363657373223A22AB
:100940007277227D2C7B226E616D65223A22636173
:100950006E5F6865617274626561745F726174650F
:100960005F6D73222C226964223A3131362C227455
:10097000797065223A2275696E743332222C2261B5
:100980006363657373223A227277227D2C7B226E19
:10099000616D65223A2263616E5F656E636F6465A7
:1009A000725F726174655F6D73222C226964223AF2
:1009B0003131372C2274797065223A2275696E7450
:1009C0003332222C22616363657373223A22727779
:1009D000227D5D7D2C7B226E616D65223A226665EB
:1009E000745F746865726D6973746F72222C2274FF
:1009F000797065223A226F626A656374222C226DD7
:100A0000656D62657273223A5B7B226E616D652251
:100A10003A226572726F72222C226964223A313155
:100A2000382C2274797065223A22696E743332222E
:100A30002C22616363657373223A227277227D2CC4
:100A40007B226E616D65223A2274656D70657261FC
:100A500074757265222C226964223A3131392C2254
:100A600074797065223A22666C6F6174222C22615F
:100A70006363657373223A2272227D2C7B226E613E
:100A80006D65223A22636F6E666967222C22747943
:100A90007065223A226F626A656374222C226D654A
:100AA0006D62657273223A5B7B226E616D65223ADC
:100AB0002274656D705F6C696D69745F6C6F7765CA
:100AC00072222C226964223A3132302C22747970DD
:100AD00065223A22666C6F6174222C226163636521
:100AE0007373223A227277227D2C7B226E616D65B0
:100AF000223A2274656D705F6C696D69745F757000
:100B0000706572222C226964223A3132312C2274AF
:100B1000797065223A22666C6F6174222C226163BF
:100B200063657373223A227277227D2C7B226E6179
:100B30006D65223A22656E61626C6564222C2269C1
:100B400064223A3132322C2274797065223A226260
:100B50006F6F6C222C22616363657373223A227279
:100B600077227D5D7D5D7D2C7B226E616D65223AF5
:100B7000226D6F746F725F746865726D6973746FE4
:100B800072222C2274797065223A226F626A656340
:100B900074222C226D656D62657273223A5B7B2232
:100BA0006E616D65223A226572726F72222C226923
:100BB00064223A3132332C2274797065223A2269E8
:100BC0006E743332222C22616363657373223A227E
:100BD0007277227D2C7B226E616D65223A227465CC
:100BE0006D7065726174757265222C226964223A97
:100BF0003132342C2274797065223A22666C6F612E
:100C000074222C22616363657373223A2272227DFF
:100C10002C7B226E616D65223A22636F6E66696776
:100C2000222C2274797065223A226F626A6563749D
:100C3000222C226D656D62657273223A5B7B226E97
:100C4000616D65223A226770696F5F70696E222C50
:100C5000226964223A3132352C2274797065223A45
:100C60002275696E743136222C2261636365737359
:100C7000223A227277227D2C7B226E616D65223AA8
:100C800022706F6C795F636F656666696369656E14
:100C9000745F30222C226964223A3132362C22745D
:100CA000797065223A22666C6F6174222C2261632E
:100CB00063657373223A227277227D2C7B226E61E8
:100CC0006D65223A22706F6C795F636F6566666945
:100CD0006369656E745F31222C226964223A313275
:100CE000372C2274797065223A22666C6F61742207
:100CF0002C22616363657373223A227277227D2C02
:100D00007B226E616D65223A22706F6C795F636F32
:100D1000656666696369656E745F32222C22696458
:100D2000223A3132382C2274797065223A22666C6C
:100D30006F6174222C22616363657373223A22729D
:100D400077227D2C7B226E616D65223A22706F6C5A
:100D5000795F636F656666696369656E745F332288
:100D60002C226964223A3132392C2274797065223E
:100D70003A22666C6F6174222C226163636573731F
:100D8000223A227277227D2C7B226E616D65223A97
:100D90002274656D705F6C696D69745F6C6F7765E7
:100DA00072222C226964223A3133302C22747970F9
:100DB00065223A22666C6F6174222C22616363653E
:100DC0007373223A227277227D2C7B226E616D65CD
:100DD000223A2274656D705F6C696D69745F75701D
:100DE000706572222C226964223A3133312C2274CC
:100DF000797065223A22666C6F6174222C226163DD
:100E000063657373223A227277227D2C7B226E6196
:100E10006D65223A22656E61626C6564222C2269DE
:100E200064223A3133322C2274797065223A22627C
:100E30006F6F6C222C22616363657373223A227296
:100E400077227D5D7D5D7D2C7B226E616D65223A12
:100E5000226D6F746F72222C2274797065223A228F
:100E60006F626A656374222C226D656D62657273B0
:100E7000223A5B7B226E616D65223A226572726F47
:100E800072222C226964223A3133332C2274797015
:100E900065223A22696E743332222C2261636365C3
:100EA0007373223A227277227D2C7B226E616D65EC
:100EB000223A2261726D65645F7374617465222CDD
:100EC000226964223A3133342C2274797065223AD3
:100ED00022696E743332222C22616363657373223C
:100EE0003A2272227D2C7B226E616D65223A226944
:100EF000735F63616C69627261746564222C22693C
:100F000064223A3133352C2274797065223A226298
:100F10006F6F6C222C22616363657373223A2272B5
:100F2000227D2C7B226E616D65223A22637572727E
:100F3000656E745F6D6561735F706842222C226913
:100F400064223A3133362C2274797065223A226653
:100F50006C6F6174222C22616363657373223A2281
:100F600072227D2C7B226E616D65223A226375723E
:100F700072656E745F6D6561735F706843222C22C9
:100F80006964223A3133372C2274797065223A220F
:100F9000666C6F6174222C22616363657373223AFD
:100FA0002272227D2C7B226E616D65223A2244439F
:100FB0005F63616C69625F706842222C22696422FF
:100FC0003A3133382C2274797065223A22666C6F7C
:100FD0006174222C22616363657373223A227277F3
:100FE000227D2C7B226E616D65223A2244435F6331
:100FF000616C69625F706843222C226964223A3115
:1010000033392C2274797065223A22666C6F6174D0
:10101000222C22616363657373223A227277227DE8
:101020002C7B226E616D65223A2270686173655F68
:1010300063757272656E745F7265765F6761696E03
:10104000222C226964223A3134302C227479706562
:10105000223A22666C6F6174222C2261636365738D
:1010600073223A227277227D2C7B226E616D65227B
:101070003A226566666563746976655F6375727248
:10108000656E745F6C696D222C226964223A31347A
:10109000312C2274797065223A22666C6F61742259
:1010A0002C22616363657373223A2272227D2C7B4A
:1010B000226E616D65223A2263757272656E745F8D
:1010C000636F6E74726F6C222C2274797065223A91
:1010D000226F626A656374222C226D656D6265728F
:1010E00073223A5B7B226E616D65223A22705F67E4
:1010F00061696E222C226964223A3134322C2274C6
:10110000797065223A22666C6F6174222C226163C9
:1011100063657373223A227277227D2C7B226E6183
:101120006D65223A22695F6761696E222C226964CB
:10113000223A3134332C2274797065223A22666C5B
:101140006F6174222C22616363657373223A227289
:1011500077227D2C7B226E616D65223A22765F6359
:10116000757272656E745F636F6E74726F6C5F69B7
:101170006E74656772616C5F64222C226964223A26
:101180003134342C2274797065223A22666C6F6196
:1011900074222C22616363657373223A2272772270
:1011A0007D2C7B226E616D65223A22765F637572BB
:1011B00072656E745F636F6E74726F6C5F696E746C
:1011C000656772616C5F71222C226964223A313446
:1011D000352C2274797065223A22666C6F61742214
:1011E0002C22616363657373223A227277227D2C0D
:1011F0007B226E616D65223A2249627573222C2230
:101200006964223A3134362C2274797065223A228C
:10121000666C6F6174222C22616363657373223A7A
:10122000227277227D2C7B226E616D65223A2266C6
:10123000696E616C5F765F616C706861222C2269F7
:1012400064223A3134372C2274797065223A22664E
:101250006C6F6174222C22616363657373223A227E
:101260007277227D2C7B226E616D65223A2266693F
:101270006E616C5F765F62657461222C2269642204
:101280003A3134382C2274797065223A22666C6FB8
:101290006174222C22616363657373223A22727730
:1012A000227D2C7B226E616D65223A2249645F7338
:1012B0006574706F696E74222C226964223A31342D
:1012C000392C2274797065223A22666C6F6174221F
:1012D0002C22616363657373223A227277227D2C1C
:1012E0007B226E616D65223A2249715F736574706D
:1012F0006F696E74222C226964223A3135302C22B7
:1013000074797065223A22666C6F6174222C2261B6
:101310006363657373223A2272227D2C7B226E6195
:101320006D65223A2249715F6D65617375726564FE
:10133000222C226964223A3135312C22747970656D
:10134000223A22666C6F6174222C2261636365739A
:1013500073223A227277227D2C7B226E616D652288
:101360003A2249645F6D65617375726564222C224F
:101370006964223A3135322C2274797065223A221E
:10138000666C6F6174222C22616363657373223A09
:10139000227277227D2C7B226E616D65223A224972
:1013A0005F6D656173757265645F7265706F72748D
:1013B0005F66696C7465725F6B222C226964223AE5
:1013C0003135332C2274797065223A22666C6F6154
:1013D00074222C22616363657373223A227277222E
:1013E0007D2C7B226E616D65223A226D61785F6192
:1013F0006C6C6F7765645F63757272656E74222CB6
:10140000226964223A3135342C2274797065223A8B
:1014100022666C6F6174222C226163636573732290
:101420003A2272227D2C7B226E616D65223A226FF8
:1014300076657263757272656E745F747269705FDF
:101440006C6576656C222C226964223A3135352C24
:101450002274797065223A22666C6F6174222C22A4
:10146000616363657373223A2272227D2C7B226E44
:10147000616D65223A226163696D5F726F746F728C
:101480005F666C7578222C226964223A3135362CDD
:101490002274797065223A22666C6F6174222C2264
:1014A000616363657373223A227277227D2C7B22FB
:1014B0006E616D65223A226173796E635F70686157
:1014C00073655F76656C222C226964223A31353768
:1014D0002C2274797065223A22666C6F6174222C1A
:1014E00022616363657373223A2272227D2C7B2210
:1014F0006E616D65223A226173796E635F70686117
:1015000073655F6F6666736574222C226964223A84
:101510003135382C2274797065223A22666C6F61FD
:1015200074222C22616363657373223A22727722DC
:101530007D5D7D2C7B226E616D65223A2267617430
:10154000655F647269766572222C227479706522F7
:101550003A226F626A656374222C226D656D626542
:101560007273223A5B7B226E616D65223A2264724D
:10157000765F6661756C74222C226964223A31357B
:10158000392C2274797065223A22696E74333222C2
:101590002C22616363657373223A2272227D5D7D22
:1015A0002C7B226E616D65223A2274696D696E67CB
:1015B0005F6C6F67222C2274797065223A226F6209
:1015C0006A656374222C226D656D62657273223ABE
:1015D0005B7B226E616D65223A2267656E65726182
:1015E0006C222C226964223A3136302C22747970B4
:1015F00065223A2275696E743136222C226163634A
:10160000657373223A2272227D2C7B226E616D6596
:10161000223A226164635F63625F69222C226964FB
:10162000223A3136312C2274797065223A2275695A
:101630006E743136222C22616363657373223A2201
:1016400072227D2C7B226E616D65223A2261646379
:101650005F63625F6463222C226964223A3136320E
:101660002C2274797065223A2275696E74313622A3
:101670002C22616363657373223A2272227D2C7B74
:10168000226E616D65223A226D6561735F72222C54
:10169000226964223A3136332C2274797065223AF9
:1016A0002275696E743136222C226163636573730F
:1016B000223A2272227D2C7B226E616D65223A22B3
:1016C0006D6561735F6C222C226964223A31363475
:1016D0002C2274797065223A2275696E7431362233
:1016E0002C22616363657373223A2272227D2C7B04
:1016F000226E616D65223A22656E635F63616C697B
:1017000062222C226964223A3136352C2274797097
:1017100065223A2275696E743136222C2261636328
:10172000657373223A2272227D2C7B226E616D6575
:10173000223A226964785F736561726368222C22A1
:101740006964223A3136362C2274797065223A2245
:1017500075696E743136222C22616363657373225E
:101760003A2272227D2C7B226E616D65223A2266BE
:101770006F635F766F6C74616765222C22696422E7
:101780003A3136372C2274797065223A2275696EA7
:10179000743136222C22616363657373223A22729C
:1017A000227D2C7B226E616D65223A22666F635F1B
:1017B00063757272656E74222C226964223A313626
:1017C000382C2274797065223A2275696E7431362C
:1017D000222C22616363657373223A2272227D2C6C
:1017E0007B226E616D65223A227370695F7374614A
:1017F0007274222C226964223A3136392C2274798F
:101800007065223A2275696E743136222C2261632A
:1018100063657373223A2272227D2C7B226E616D86
:1018200065223A2273616D706C655F6E6F77222C52
:10183000226964223A3137302C2274797065223A59
:101840002275696E743136222C226163636573736D
:10185000223A2272227D2C7B226E616D65223A2211
:101860007370695F656E64222C226964223A313795
:10187000312C2274797065223A2275696E74313682
:10188000222C22616363657373223A2272227D5D8A
:101890007D2C7B226E616D65223A22636F6E6669D4
:1018A00067222C2274797065223A226F626A65631E
:1018B00074222C226D656D62657273223A5B7B2205
:1018C0006E616D65223A227072655F63616C696258
:1018D0007261746564222C226964223A3137322C99
:1018E0002274797065223A22626F6F6C222C226119
:1018F0006363657373223A227277227D2C7B226E9A
:10190000616D65223A22706F6C655F7061697273F8
:10191000222C226964223A3137332C227479706583
:10192000223A22696E743332222C2261636365731A
:1019300073223A227277227D2C7B226E616D6522A2
:101940003A2263616C6962726174696F6E5F63757C
:101950007272656E74222C226964223A3137342CFB
:101960002274797065223A22666C6F6174222C228F
:10197000616363657373223A227277227D2C7B2226
:101980006E616D65223A22726573697374616E636C
:10199000655F63616C69625F6D61785F766F6C74BF
:1019A000616765222C226964223A3137352C227412
:1019B000797065223A22666C6F6174222C22616311
:1019C00063657373223A227277227D2C7B226E61CB
:1019D0006D65223A2270686173655F696E64756334
:1019E00074616E6365222C226964223A3137362C89
:1019F0002274797065223A22666C6F6174222C22FF
:101A0000616363657373223A227277227D2C7B2295
:101A10006E616D65223A2270686173655F726573ED
:101A2000697374616E6365222C226964223A3137CE
:101A3000372C2274797065223A22666C6F617422A9
:101A40002C22616363657373223A227277227D2CA4
:101A50007B226E616D65223A22746F727175655FCB
:101A6000636F6E7374616E74222C226964223A3142
:101A700037382C2274797065223A22666C6F617453
:101A8000222C22616363657373223A227277227D6E
:101A90002C7B226E616D65223A22646972656374E3
:101AA000696F6E222C226964223A3137392C2274F4
:101AB000797065223A22696E743332222C22616376
:101AC00063657373223A227277227D2C7B226E61CA
:101AD0006D65223A226D6F746F725F747970652242
:101AE0002C226964223A3138302C227479706522B4
:101AF0003A22696E743332222C22616363657373F8
:101B0000223A227277227D2C7B226E616D65223A09
:101B10002263757272656E745F6C696D222C226926
:101B200064223A3138312C2274797065223A226667
:101B30006C6F6174222C22616363657373223A2295
:101B40007277227D2C7B226E616D65223A2263754D
:101B50007272656E745F6C696D5F6D617267696EDC
:101B6000222C226964223A3138322C227479706531
:101B7000223A22666C6F6174222C22616363657362
:101B800073223A227277227D2C7B226E616D652250
:101B90003A22746F727175655F6C696D222C2269CF
:101BA00064223A3138332C2274797065223A2266E5
:101BB0006C6F6174222C22616363657373223A2215
:101BC0007277227D2C7B226E616D65223A22696ECE
:101BD0007665727465725F74656D705F6C696D694E
:101BE000745F6C6F776572222C226964223A3138F7
:101BF000342C2274797065223A22666C6F617422EB
:101C00002C22616363657373223A227277227D2CE2
:101C10007B226E616D65223A22696E76657274650B
:101C2000725F74656D705F6C696D69745F757070FB
:101C30006572222C226964223A3138352C2274795B
:101C40007065223A22666C6F6174222C2261636394
:101C5000657373223A227277227D2C7B226E616D2E
:101C600065223A227265717565737465645F637588
:101C70007272656E745F72616E6765222C22696490
:101C8000223A3138362C2274797065223A22666CF9
:101C90006F6174222C22616363657373223A22722E
:101CA00077227D2C7B226E616D65223A22637572EC
:101CB00072656E745F636F6E74726F6C5F62616E7B
:101CC000647769647468222C226964223A31383757
:101CD0002C2274797065223A22666C6F6174222C12
:101CE00022616363657373223A227277227D2C7BB3
:101CF000226E616D65223A226163696D5F736C6962
:101D0000705F76656C6F63697479222C2269642236
:101D10003A3138382C2274797065223A22666C6F19
:101D20006174222C22616363657373223A22727795
:101D3000227D2C7B226E616D65223A226163696D82
:101D40005F6761696E5F6D696E5F666C7578222C86
:101D5000226964223A3138392C2274797065223A2A
:101D600022666C6F6174222C226163636573732237
:101D70003A227277227D2C7B226E616D65223A2297
:101D80006163696D5F6175746F666C75785F6D69AD
:101D90006E5F4964222C226964223A3139302C2248
:101DA00074797065223A22666C6F6174222C22610C
:101DB0006363657373223A227277227D2C7B226ED5
:101DC000616D65223A226163696D5F6175746F664A
:101DD0006C75785F656E61626C65222C2269642285
:101DE0003A3139312C2274797065223A22626F6F50
:101DF0006C222C22616363657373223A227277220C
:101E00007D2C7B226E616D65223A226163696D5F74
:101E10006175746F666C75785F61747461636B5F14
:101E20006761696E222C226964223A3139322C2290
:101E300074797065223A22666C6F6174222C22617B
:101E40006363657373223A227277227D2C7B226E44
:101E5000616D65223A226163696D5F6175746F66B9
:101E60006C75785F64656361795F6761696E222C68
:101E7000226964223A3139332C2274797065223A0E
:101E800022666C6F6174222C226163636573732216
:101E90003A227277227D5D7D5D7D2C7B226E616DA5
:101EA00065223A22636F6E74726F6C6C6572222CBD
:101EB0002274797065223A226F626A656374222CFB
:101EC000226D656D62657273223A5B7B226E616D75
:101ED00065223A226572726F72222C226964223A5C
:101EE0003139342C2274797065223A22696E743348
:101EF00032222C22616363657373223A2272772245
:101F00007D2C7B226E616D65223A22696E7075743C
:101F10005F706F73222C226964223A3139352C228A
:101F200074797065223A22666C6F6174222C22618A
:101F30006363657373223A227277227D2C7B226E53
:101F4000616D65223A22696E7075745F76656C22E8
:101F50002C226964223A3139362C22747970652238
:101F60003A22666C6F6174222C226163636573731D
:101F7000223A227277227D2C7B226E616D65223A95
:101F800022696E7075745F746F72717565222C2290
:101F90006964223A3139372C2274797065223A22E9
:101FA000666C6F6174222C22616363657373223ADD
:101FB000227277227D2C7B226E616D65223A22701F
:101FC0006F735F736574706F696E74222C2269641D
:101FD000223A3139382C2274797065223A22666CA3
:101FE0006F6174222C22616363657373223A2272DB
:101FF000227D2C7B226E616D65223A2276656C5FB4
:10200000736574706F696E74222C226964223A3190
:1020100039392C2274797065223A22666C6F6174AA
:10202000222C22616363657373223A2272227D2C13
:102030007B226E616D65223A22746F727175655FE5
:10204000736574706F696E74222C226964223A324F
:1020500030302C2274797065223A22666C6F61747C
:10206000222C22616363657373223A2272227D2CD3
:102070007B226E616D65223A227472616A656374B7
:102080006F72795F646F6E65222C226964223A3226
:1020900030312C2274797065223A22626F6F6C2283
:1020A0002C22616363657373223A2272227D2C7B3A
:1020B000226E616D65223A2276656C5F696E746589
:1020C000677261746F725F746F72717565222C2212
:1020D0006964223A3230322C2274797065223A22B5
:1020E000666C6F6174222C22616363657373223A9C
:1020F000227277227D2C7B226E616D65223A2261ED
:102100006E7469636F6767696E675F76616C696437
:10211000222C226964223A3230332C227479706581
:10212000223A22626F6F6C222C22616363657373A3
:10213000223A227277227D2C7B226E616D65223AD3
:1021400022636F6E666967222C2274797065223A69
:10215000226F626A656374222C226D656D626572FE
:1021600073223A5B7B226E616D65223A2267616958
:102170006E5F7363686564756C696E675F776964C9
:102180007468222C226964223A3230342C22747909
:102190007065223A22666C6F6174222C226163633F
:1021A000657373223A227277227D2C7B226E616DD9
:1021B00065223A22656E61626C655F76656C5F6C64
:1021C000696D6974222C226964223A3230352C22DE
:1021D00074797065223A22626F6F6C222C226163DF
:1021E00063657373223A227277227D2C7B226E61A3
:1021F0006D65223A22656E61626C655F637572720D
:10220000656E745F6D6F64655F76656C5F6C696D3C
:102210006974222C226964223A3230362C22747975
:102220007065223A22626F6F6C222C2261636365B3
:102230007373223A227277227D2C7B226E616D6548
:10224000223A22656E61626C655F6761696E5F73D9
:1022500063686564756C696E67222C226964223A32
:102260003230372C2274797065223A22626F6F6C9B
:10227000222C22616363657373223A227277227D76
:102280002C7B226E616D65223A22656E61626C65FF
:102290005F6F76657273706565645F6572726F7289
:1022A000222C226964223A3230382C2274797065EB
:1022B000223A22626F6F6C222C2261636365737312
:1022C000223A227277227D2C7B226E616D65223A42
:1022D00022636F6E74726F6C5F6D6F6465222C2267
:1022E0006964223A3230392C2274797065223A229C
:1022F000696E743332222C22616363657373223AF0
:10230000227277227D2C7B226E616D65223A2269D2
:102310006E7075745F6D6F6465222C226964223A59
:102320003231302C2274797065223A22696E74330E
:1023300032222C22616363657373223A2272772200
:102340007D2C7B226E616D65223A22706F735F6710
:1023500061696E222C226964223A3231312C227456
:10236000797065223A22666C6F6174222C22616357
:1023700063657373223A227277227D2C7B226E6111
:102380006D65223A2276656C5F6761696E222C2248
:102390006964223A3231322C2274797065223A22F1
:1023A000666C6F6174222C22616363657373223AD9
:1023B000227277227D2C7B226E616D65223A227615
:1023C000656C5F696E7465677261746F725F676177
:1023D000696E222C226964223A3231332C227479BC
:1023E0007065223A22666C6F6174222C22616363ED
:1023F000657373223A227277227D2C7B226E616D87
:1024000065223A2276656C5F6C696D6974222C22B4
:102410006964223A3231342C2274797065223A226E
:10242000666C6F6174222C22616363657373223A58
:10243000227277227D2C7B226E616D65223A227694
:10244000656C5F6C696D69745F746F6C6572616EE9
:102450006365222C226964223A3231352C22747948
:102460007065223A22666C6F6174222C226163636C
:10247000657373223A227277227D2C7B226E616D06
:1024800065223A2276656C5F72616D705F7261746D
:1024900065222C226964223A3231362C22747970FA
:1024A00065223A22666C6F6174222C226163636537
:1024B0007373223A227277227D2C7B226E616D65C6
:1024C000223A22746F727175655F72616D705F720E
:1024D000617465222C226964223A3231372C2274CD
:1024E000797065223A22666C6F6174222C226163D6
:1024F00063657373223A227277227D2C7B226E6190
:102500006D65223A2263697263756C61725F7365EF
:1025100074706F696E7473222C226964223A3231AE
:10252000382C2274797065223A22626F6F6C222CEB
:1025300022616363657373223A227277227D2C7B5A
:10254000226E616D65223A2263697263756C6172F5
:102550005F736574706F696E745F72616E67652218
:102560002C226964223A3231392C22747970652226
:102570003A22666C6F6174222C2261636365737307
:10258000223A227277227D2C7B226E616D65223A7F
:1025900022686F6D696E675F7370656564222C22B7
:1025A0006964223A3232302C2274797065223A22E0
:1025B000666C6F6174222C22616363657373223AC7
:1025C000227277227D2C7B226E616D65223A226910
:1025D0006E6572746961222C226964223A3232314A
:1025E0002C2274797065223A22666C6F6174222CF9
:1025F00022616363657373223A227277227D2C7B9A
:10260000226E616D65223A22617869735F746F5F33
:102610006D6972726F72222C226964223A323232F0
:102620002C2274797065223A2275696E7438222CD6
:1026300022616363657373223A227277227D2C7B59
:10264000226E616D65223A226D6972726F725F72DD
:102650006174696F222C226964223A3232332C224F
:1026600074797065223A22666C6F6174222C226143
:102670006363657373223A227277227D2C7B226E0C
:10268000616D65223A226C6F61645F656E636F6491
:1026900065725F61786973222C226964223A323252
:1026A000342C2274797065223A2275696E7438224E
:1026B0002C22616363657373223A227277227D2C28
:1026C0007B226E616D65223A22696E7075745F6659
:1026D000696C7465725F62616E64776964746822A4
:1026E0002C226964223A3232352C227479706522A8
:1026F0003A22666C6F6174222C2261636365737386
:10270000223A227277227D2C7B226E616D65223AFD
:1027100022616E7469636F6767696E67222C227429
:10272000797065223A226F626A656374222C226D89
:10273000656D62657273223A5B7B226E616D652204
:102740003A22696E646578222C226964223A323218
:10275000362C2274797065223A2275696E74333290
:10276000222C22616363657373223A2272227D2CCC
:102770007B226E616D65223A227072655F63616CC7
:1027800069627261746564222C226964223A323271
:10279000372C2274797065223A22626F6F6C222C7A
:1027A00022616363657373223A227277227D2C7BE8
:1027B000226E616D65223A2263616C69625F616EAF
:1027C0007469636F6767696E67222C226964223AB5
:1027D0003232382C2274797065223A22626F6F6C23
:1027E000222C22616363657373223A2272227D2C4C
:1027F0007B226E616D65223A2263616C69625F7053
:102800006F735F7468726573686F6C64222C2269E1
:1028100064223A3232392C2274797065223A226667
:102820006C6F6174222C22616363657373223A2298
:102830007277227D2C7B226E616D65223A22636164
:102840006C69625F76656C5F7468726573686F6CE3
:1028500064222C226964223A3233302C227479703B
:1028600065223A22666C6F6174222C226163636573
:102870007373223A227277227D2C7B226E616D6502
:10288000223A22636F6767696E675F726174696F6E
:10289000222C226964223A3233312C2274797065F9
:1028A000223A22666C6F6174222C22616363657325
:1028B00073223A2272227D2C7B226E616D65223A50
:1028C00022616E7469636F6767696E675F656E61C9
:1028D000626C6564222C226964223A3233322C22E3
:1028E00074797065223A22626F6F6C222C226163C8
:1028F00063657373223A227277227D5D7D5D7D2C44
:102900007B226E616D65223A226D6F76655F696E1E
:102910006372656D656E74616C222C226964223A63
:102920003233332C2274797065223A2266756E63D5
:1029300074696F6E222C22696E70757473223A5B13
:102940007B226E616D65223A22646973706C6163EB
:10295000656D656E74222C226964223A3233342C00
:102960002274797065223A22666C6F6174222C227F
:10297000616363657373223A227277227D2C7B2216
:102980006E616D65223A2266726F6D5F696E707559
:10299000745F706F73222C226964223A3233352CB3
:1029A0002274797065223A22626F6F6C222C226148
:1029B0006363657373223A227277227D5D2C226FE6
:1029C000757470757473223A5B5D7D2C7B226E6129
:1029D0006D65223A2273746172745F616E7469630B
:1029E0006F6767696E675F63616C69627261746962
:1029F0006F6E222C226964223A3233362C2274798B
:102A00007065223A2266756E6374696F6E222C229D
:102A1000696E70757473223A5B5D2C226F757470E9
:102A2000757473223A5B5D7D5D7D2C7B226E616DDA
:102A300065223A22656E636F646572222C22747976
:102A40007065223A226F626A656374222C226D657A
:102A50006D62657273223A5B7B226E616D65223A0C
:102A6000226572726F72222C226964223A323337E5
:102A70002C2274797065223A22696E743332222CCA
:102A800022616363657373223A227277227D2C7B05
:102A9000226E616D65223A2269735F7265616479A5
:102AA000222C226964223A3233382C2274797065E0
:102AB000223A22626F6F6C222C226163636573730A
:102AC000223A2272227D2C7B226E616D65223A228F
:102AD000696E6465785F666F756E64222C22696426
:102AE000223A3233392C2274797065223A22626F8D
:102AF0006F6C222C22616363657373223A22722207
:102B00007D2C7B226E616D65223A22736861646F51
:102B1000775F636F756E74222C226964223A3234B7
:102B2000302C2274797065223A22696E7433322215
:102B30002C22616363657373223A2272227D2C7B9F
:102B4000226E616D65223A22636F756E745F696EE5
:102B50005F637072222C226964223A3234312C2253
:102B600074797065223A22696E743332222C2261A4
:102B70006363657373223A2272227D2C7B226E611D
:102B80006D65223A22696E746572706F6C6174694A
:102B90006F6E222C226964223A3234322C227479EC
:102BA0007065223A22666C6F6174222C2261636325
:102BB000657373223A2272227D2C7B226E616D65D1
:102BC000223A227068617365222C226964223A32AB
:102BD00034332C2274797065223A22666C6F6174EA
:102BE000222C22616363657373223A2272227D2C48
:102BF0007B226E616D65223A22706F735F6573741C
:102C0000696D617465222C226964223A3234342C55
:102C10002274797065223A22666C6F6174222C22CC
:102C2000616363657373223A2272227D2C7B226E6C
:102C3000616D65223A22706F735F657374696D61AF
:102C400074655F636F756E7473222C226964223A17
:102C50003234352C2274797065223A22666C6F61A9
:102C600074222C22616363657373223A2272227D7F
:102C70002C7B226E616D65223A22706F735F6370E8
:102C800072222C226964223A3234362C22747970F2
:102C900065223A22666C6F6174222C22616363653F
:102CA0007373223A2272227D2C7B226E616D652223
:102CB0003A22706F735F6370725F636F756E7473C7
:102CC000222C226964223A3234372C2274797065BE
:102CD000223A22666C6F6174222C226163636573F1
:102CE00073223A2272227D2C7B226E616D65223A1C
:102CF00022706F735F63697263756C6172222C223C
:102D00006964223A3234382C2274797065223A226E
:102D1000666C6F6174222C22616363657373223A5F
:102D20002272227D2C7B226E616D65223A226861BF
:102D30006C6C5F7374617465222C226964223A3270
:102D400034392C2274797065223A2275696E743890
:102D5000222C22616363657373223A2272227D2CD6
:102D60007B226E616D65223A2276656C5F657374B5
:102D7000696D617465222C226964223A3235302CE7
:102D80002274797065223A22666C6F6174222C225B
:102D9000616363657373223A2272227D2C7B226EFB
:102DA000616D65223A2276656C5F657374696D6149
:102DB00074655F636F756E7473222C226964223AA6
:102DC0003235312C2274797065223A22666C6F613B
:102DD00074222C22616363657373223A2272227D0E
:102DE0002C7B226E616D65223A2263616C69625FA1
:102DF0007363616E5F726573706F6E7365222C22F0
:102E00006964223A3235322C2274797065223A2272
:102E1000666C6F6174222C22616363657373223A5E
:102E20002272227D2C7B226E616D65223A22706FA8
:102E3000735F616273222C226964223A3235332C2B
:102E40002274797065223A22696E743332222C2200
:102E5000616363657373223A227277227D2C7B2231
:102E60006E616D65223A227370695F6572726F726E
:102E70005F72617465222C226964223A3235342CE7
:102E80002274797065223A22666C6F6174222C225A
:102E9000616363657373223A2272227D2C7B226EFA
:102EA000616D65223A22636F6E666967222C227417
:102EB000797065223A226F626A656374222C226DF2
:102EC000656D62657273223A5B7B226E616D65226D
:102ED0003A226D6F6465222C226964223A323535BC
:102EE0002C2274797065223A22696E743332222C56
:102EF00022616363657373223A227277227D2C7B91
:102F0000226E616D65223A227573655F696E646534
:102F100078222C226964223A3235362C2274797058
:102F200065223A22626F6F6C222C226163636573A3
:102F300073223A227277227D2C7B226E616D65228C
:102F40003A2266696E645F6964785F6F6E5F6C6F6A
:102F5000636B696E5F6F6E6C79222C226964223A12
:102F60003235372C2274797065223A22626F6F6C89
:102F7000222C22616363657373223A227277227D69
:102F80002C7B226E616D65223A226162735F7370E1
:102F9000695F63735F6770696F5F70696E222C226F
:102FA0006964223A3235382C2274797065223A22CB
:102FB00075696E743136222C2261636365737322E6
:102FC0003A227277227D2C7B226E616D65223A2235
:102FD0007A65726F5F636F756E745F6F6E5F66693F
:102FE0006E645F696478222C226964223A32353932
:102FF0002C2274797065223A22626F6F6C222C2227
:10300000616363657373223A227277227D2C7B227F
:103010006E616D65223A22637072222C22696422ED
:103020003A3236302C2274797065223A22696E74F5
:103030003332222C22616363657373223A227277E2
:10304000227D2C7B226E616D65223A226F6666734B
:103050006574222C226964223A3236312C2274792A
:103060007065223A22696E743332222C22616363C6
:10307000657373223A227277227D2C7B226E616DFA
:1030800065223A227072655F63616C696272617475
:103090006564222C226964223A3236322C227479F9
:1030A0007065223A22626F6F6C222C226163636525
:1030B0007373223A227277227D2C7B226E616D65BA
:1030C000223A226F66667365745F666C6F61742264
:1030D0002C226964223A3236332C227479706522AC
:1030E0003A22666C6F6174222C226163636573738C
:1030F000223A227277227D2C7B226E616D65223A04
:1031000022656E61626C655F70686173655F696E90
:10311000746572706F6C6174696F6E222C226964C1
:10312000223A3236342C2274797065223A22626F48
:103130006F6C222C22616363657373223A2272776B
:10314000227D2C7B226E616D65223A2262616E6463
:103150007769647468222C226964223A3236352CED
:103160002274797065223A22666C6F6174222C2277
:10317000616363657373223A227277227D2C7B220E
:103180006E616D65223A2263616C69625F72616E85
:103190006765222C226964223A3236362C227479F1
:1031A0007065223A22666C6F6174222C226163631F
:1031B000657373223A227277227D2C7B226E616DB9
:1031C00065223A2263616C69625F7363616E5F645A
:1031D000697374616E6365222C226964223A323607
:1031E000372C2274797065223A22666C6F617422E2
:1031F0002C22616363657373223A227277227D2CDD
:103200007B226E616D65223A2263616C69625F7335
:1032100063616E5F6F6D656761222C226964223A7B
:103220003236382C2274797065223A22666C6F61CE
:1032300074222C22616363657373223A22727722AF
:103240007D2C7B226E616D65223A226964785F7302
:1032500065617263685F756E6964697265637469DC
:103260006F6E616C222C226964223A3236392C222C
:1032700074797065223A22626F6F6C222C2261632E
:1032800063657373223A227277227D2C7B226E61F2
:103290006D65223A2269676E6F72655F696C6C6555
:1032A00067616C5F68616C6C5F7374617465222C1C
:1032B000226964223A3237302C2274797065223ABE
:1032C00022626F6F6C222C22616363657373223AF2
:1032D000227277227D2C7B226E616D65223A2273E9
:1032E000696E636F735F6770696F5F70696E5F733C
:1032F000696E222C226964223A3237312C22747989
:103300007065223A2275696E743136222C2261630F
:1033100063657373223A227277227D2C7B226E6161
:103320006D65223A2273696E636F735F6770696FB0
:103330005F70696E5F636F73222C226964223A3278
:1033400037322C2274797065223A2275696E743195
:1033500036222C22616363657373223A22727722CC
:103360007D5D7D2C7B226E616D65223A22736574D2
:103370005F6C696E6561725F636F756E74222C227B
:103380006964223A3237332C2274797065223A22EA
:1033900066756E6374696F6E222C22696E70757427
:1033A00073223A5B7B226E616D65223A22636F75F0
:1033B0006E74222C226964223A3237342C227479BA
:1033C0007065223A22696E743332222C2261636363
:1033D000657373223A227277227D5D2C226F757499
:1033E00070757473223A5B5D7D5D7D2C7B226E610E
:1033F0006D65223A2273656E736F726C6573735FCD
:10340000657374696D61746F72222C2274797065B2
:10341000223A226F626A656374222C226D656D62A6
:10342000657273223A5B7B226E616D65223A22657A
:1034300072726F72222C226964223A3237352C2242
:1034400074797065223A22696E743332222C2261BB
:103450006363657373223A227277227D2C7B226E1E
:10346000616D65223A227068617365222C2269645D
:10347000223A3237362C2274797065223A22666CF1
:103480006F6174222C22616363657373223A227226
:1034900077227D2C7B226E616D65223A22706C6CE6
:1034A0005F706F73222C226964223A3237372C22E4
:1034B00074797065223A22666C6F6174222C2261E5
:1034C0006363657373223A227277227D2C7B226EAE
:1034D000616D65223A2276656C5F657374696D6112
:1034E0007465222C226964223A3237382C2274798E
:1034F0007065223A22666C6F6174222C22616363CC
:10350000657373223A227277227D2C7B226E616D65
:1035100065223A22636F6E666967222C2274797085
:1035200065223A226F626A656374222C226D656D92
:1035300062657273223A5B7B226E616D65223A226C
:103540006F627365727665725F6761696E222C22A5
:103550006964223A3237392C2274797065223A2212
:10356000666C6F6174222C22616363657373223A07
:10357000227277227D2C7B226E616D65223A227049
:103580006C6C5F62616E647769647468222C226976
:1035900064223A3238302C2274797065223A2266DD
:1035A0006C6F6174222C22616363657373223A220B
:1035B0007277227D2C7B226E616D65223A22706DBE
:1035C0005F666C75785F6C696E6B616765222C2233
:1035D0006964223A3238312C2274797065223A2299
:1035E000666C6F6174222C22616363657373223A87
:1035F000227277227D5D7D5D7D2C7B226E616D6503
:10360000223A22747261705F7472616A222C227491
:10361000797065223A226F626A656374222C226D8A
:10362000656D62657273223A5B7B226E616D652205
:103630003A22636F6E666967222C22747970652264
:103640003A226F626A656374222C226D656D626531
:103650007273223A5B7B226E616D65223A22766537
:103660006C5F6C696D6974222C226964223A32386D
:10367000322C2274797065223A22666C6F61742252
:103680002C22616363657373223A227277227D2C48
:103690007B226E616D65223A22616363656C5F6CAB
:1036A000696D6974222C226964223A3238332C22E3
:1036B00074797065223A22666C6F6174222C2261E3
:1036C0006363657373223A227277227D2C7B226EAC
:1036D000616D65223A22646563656C5F6C696D6932
:1036E00074222C226964223A3238342C2274797084
:1036F00065223A22666C6F6174222C2261636365D5
:103700007373223A227277227D5D7D5D7D2C7B2250
:103710006E616D65223A226D696E5F656E647374C9
:103720006F70222C2274797065223A226F626A656A
:103730006374222C226D656D62657273223A5B7B25
:10374000226E616D65223A22656E6473746F705FDC
:103750007374617465222C226964223A3238352CE4
:103760002274797065223A22626F6F6C222C22617A
:103770006363657373223A2272227D2C7B226E6111
:103780006D65223A22636F6E666967222C22747916
:103790007065223A226F626A656374222C226D651D
:1037A0006D62657273223A5B7B226E616D65223AAF
:1037B000226770696F5F6E756D222C226964223AF0
:1037C0003238362C2274797065223A2275696E740B
:1037D0003136222C22616363657373223A22727739
:1037E000227D2C7B226E616D65223A22656E6162BC
:1037F0006C6564222C226964223A3238372C227498
:10380000797065223A22626F6F6C222C22616363A9
:10381000657373223A227277227D2C7B226E616D52
:1038200065223A226F6666736574222C22696422CF
:103830003A3238382C2274797065223A22666C6FDD
:103840006174222C22616363657373223A2272775A
:10385000227D2C7B226E616D65223A2269735F6145
:1038600063746976655F68696768222C22696422DF
:103870003A3238392C2274797065223A22626F6F9D
:103880006C222C22616363657373223A2272772261
:103890007D2C7B226E616D65223A2270756C6C7591
:1038A00070222C226964223A3239302C22747970C9
:1038B00065223A22626F6F6C222C2261636365730A
:1038C00073223A227277227D2C7B226E616D6522F3
:1038D0003A226465626F756E63655F6D73222C2298
:1038E0006964223A3239312C2274797065223A2285
:1038F00075696E743332222C22616363657373229F
:103900003A227277227D5D7D5D7D2C7B226E616D1A
:1039100065223A226D61785F656E6473746F702200
:103920002C2274797065223A226F626A6563742270
:103930002C226D656D62657273223A5B7B226E612B
:103940006D65223A22656E6473746F705F73746183
:103950007465222C226964223A3239322C2274791D
:103960007065223A22626F6F6C222C22616363655C
:103970007373223A2272227D2C7B226E616D652246
:103980003A22636F6E666967222C22747970652211
:103990003A226F626A656374222C226D656D6265DE
:1039A0007273223A5B7B226E616D65223A226770E8
:1039B000696F5F6E756D222C226964223A32393349
:1039C0002C2274797065223A2275696E7431362220
:1039D0002C22616363657373223A227277227D2CF5
:1039E0007B226E616D65223A22656E61626C656450
:1039F000222C226964223A3239342C22747970657F
:103A0000223A22626F6F6C222C22616363657373AA
:103A1000223A227277227D2C7B226E616D65223ADA
:103A2000226F6666736574222C226964223A3239E9
:103A3000352C2274797065223A22666C6F6174228B
:103A40002C22616363657373223A227277227D2C84
:103A50007B226E616D65223A2269735F61637469CE
:103A600076655F68696768222C226964223A323978
:103A7000362C2274797065223A22626F6F6C222C88
:103A800022616363657373223A227277227D2C7BF5
:103A9000226E616D65223A2270756C6C7570222CF5
:103AA000226964223A3239372C2274797065223ABD
:103AB00022626F6F6C222C22616363657373223AFA
:103AC000227277227D2C7B226E616D65223A226400
:103AD00065626F756E63655F6D73222C2269642267
:103AE0003A3239382C2274797065223A2275696E1F
:103AF000743332222C22616363657373223A22721B
:103B000077227D5D7D5D7D2C7B226E616D65223A25
:103B1000227761746368646F675F66656564222CF1
:103B2000226964223A3239392C2274797065223A3A
:103B30002266756E6374696F6E222C22696E7075D1
:103B40007473223A5B5D2C226F75747075747322E6
:103B50003A5B5D7D2C7B226E616D65223A22636C3F
:103B60006561725F6572726F7273222C22696422C2
:103B70003A3330302C2274797065223A2266756EA1
:103B80006374696F6E222C22696E70757473223AA9
:103B90005B5D2C226F757470757473223A5B5D7D6A
:103BA0005D7D2C7B226E616D65223A22617869739E
:103BB00031222C2274797065223A226F626A656321
:103BC00074222C226D656D62657273223A5B7B22D2
:103BD0006E616D65223A226572726F72222C2269C3
:103BE00064223A3330312C2274797065223A22698A
:103BF0006E743332222C22616363657373223A221E
:103C00007277227D2C7B226E616D65223A2273745D
:103C100065705F6469725F616374697665222C22E6
:103C20006964223A3330322C2274797065223A2248
:103C3000626F6F6C222C22616363657373223A2278
:103C400072227D2C7B226E616D65223A2263757231
:103C500072656E745F7374617465222C22696422CC
:103C60003A3330332C2274797065223A22696E74AB
:103C70003332222C22616363657373223A227222EB
:103C80007D2C7B226E616D65223A227265717565AD
:103C9000737465645F7374617465222C2269642295
:103CA0003A3330342C2274797065223A22696E746A
:103CB0003332222C22616363657373223A22727756
:103CC000227D2C7B226E616D65223A226C6F6F70B3
:103CD0005F636F756E746572222C226964223A33B9
:103CE00030352C2274797065223A2275696E7433EE
:103CF00032222C22616363657373223A2272227D21
:103D00002C7B226E616D65223A226C6F636B696E4B
:103D10005F7374617465222C226964223A333036F1
:103D20002C2274797065223A22696E743332222C07
:103D300022616363657373223A2272227D2C7B2297
:103D40006E616D65223A2269735F686F6D656422EA
:103D50002C226964223A3330372C22747970652220
:103D60003A22626F6F6C222C226163636573732247
:103D70003A227277227D2C7B226E616D65223A2277
:103D8000636F6E666967222C2274797065223A220D
:103D90006F626A656374222C226D656D6265727351
:103DA000223A5B7B226E616D65223A2273746172E6
:103DB0007475705F6D6F746F725F63616C6962724E
:103DC0006174696F6E222C226964223A3330382C78
:103DD0002274797065223A22626F6F6C222C226104
:103DE0006363657373223A227277227D2C7B226E85
:103DF000616D65223A22737461727475705F656ECD
:103E0000636F6465725F696E6465785F7365617224
:103E10006368222C226964223A3330392C22747967
:103E20007065223A22626F6F6C222C226163636597
:103E30007373223A227277227D2C7B226E616D652C
:103E4000223A22737461727475705F656E636F6479
:103E500065725F6F66667365745F63616C696272D9
:103E60006174696F6E222C226964223A3331302CDE
:103E70002274797065223A22626F6F6C222C226163
:103E80006363657373223A227277227D2C7B226EE4
:103E9000616D65223A22737461727475705F636C30
:103EA0006F7365645F6C6F6F705F636F6E74726F5A
:103EB0006C222C226964223A3331312C22747970BD
:103EC00065223A22626F6F6C222C226163636573F4
:103ED00073223A227277227D2C7B226E616D6522DD
:103EE0003A22737461727475705F73656E736F726A
:103EF0006C6573735F636F6E74726F6C222C2269D2
:103F000064223A3331322C2274797065223A22626B
:103F10006F6F6C222C22616363657373223A227285
:103F200077227D2C7B226E616D65223A227374614B
:103F3000727475705F686F6D696E67222C22696498
:103F4000223A3331332C2274797065223A22626F1F
:103F50006F6C222C22616363657373223A2272773D
:103F6000227D2C7B226E616D65223A22656E616234
:103F70006C655F737465705F646972222C2269647A
:103F8000223A3331342C2274797065223A22626FDE
:103F90006F6C222C22616363657373223A227277FD
:103FA000227D2C7B226E616D65223A2273746570CE
:103FB0005F6469725F616C776179735F6F6E222CE9
:103FC000226964223A3331352C2274797065223AA1
:103FD00022626F6F6C222C22616363657373223AD5
:103FE000227277227D2C7B226E616D65223A2274CB
:103FF00075726E735F7065725F73746570222C22C8
:104000006964223A3331362C2274797065223A225F
:10401000666C6F6174222C22616363657373223A4C
:10402000227277227D2C7B226E616D65223A227787
:1040300061746368646F675F74696D656F7574221E
:104040002C226964223A3331372C2274797065222C
:104050003A22666C6F6174222C226163636573730C
:10406000223A227277227D2C7B226E616D65223A84
:1040700022656E61626C655F7761746368646F6707
:10408000222C226964223A3331382C2274797065EB
:10409000223A22626F6F6C222C2261636365737314
:1040A000223A227277227D2C7B226E616D65223A44
:1040B00022737465705F6770696F5F70696E222C20
:1040C000226964223A3331392C2274797065223A9C
:1040D0002275696E743136222C22616363657373B5
:1040E000223A227277227D2C7B226E616D65223A04
:1040F000226469725F6770696F5F70696E222C223B
:104100006964223A3332302C2274797065223A2263
:1041100075696E743136222C226163636573732274
:104120003A227277227D2C7B226E616D65223A22C3
:1041300063616C6962726174696F6E5F6C6F636BEF
:10414000696E222C2274797065223A226F626A6548
:104150006374222C226D656D62657273223A5B7BFB
:10416000226E616D65223A2263757272656E7422E9
:104170002C226964223A3332312C22747970652200
:104180003A22666C6F6174222C22616363657373DB
:10419000223A227277227D2C7B226E616D65223A53
:1041A0002272616D705F74696D65222C22696422D0
:1041B0003A3332322C2274797065223A22666C6F5F
:1041C0006174222C22616363657373223A227277D1
:1041D000227D2C7B226E616D65223A2272616D70A8
:1041E0005F64697374616E6365222C226964223A8C
:1041F0003332332C2274797065223A22666C6F61F7
:1042000074222C22616363657373223A22727722CF
:104210007D2C7B226E616D65223A22616363656C41
:10422000222C226964223A3332342C22747970654C
:10423000223A22666C6F6174222C2261636365737B
:1042400073223A227277227D2C7B226E616D652269
:104250003A2276656C222C226964223A3332352C5C
:104260002274797065223A22666C6F6174222C2266
:10427000616363657373223A227277227D5D7D2CC0
:104280007B226E616D65223A2273656E736F726C6C
:104290006573735F72616D70222C22747970652270
:1042A0003A226F626A656374222C226D656D6265C5
:1042B0007273223A5B7B226E616D65223A226375CE
:1042C0007272656E74222C226964223A3332362C63
:1042D0002274797065223A22666C6F6174222C22F6
:1042E000616363657373223A227277227D2C7B228D
:1042F0006E616D65223A2272616D705F74696D65E1
:10430000222C226964223A3332372C227479706568
:10431000223A22666C6F6174222C2261636365739A
:1043200073223A227277227D2C7B226E616D652288
:104330003A2272616D705F64697374616E636522A5
:104340002C226964223A3332382C22747970652227
:104350003A22666C6F6174222C2261636365737309
:10436000223A227277227D2C7B226E616D65223A81
:1043700022616363656C222C226964223A333239EC
:104380002C2274797065223A22666C6F6174222C3B
:1043900022616363657373223A227277227D2C7BDC
:1043A000226E616D65223A2276656C222C22696448
:1043B000223A3333302C2274797065223A22666CAB
:1043C0006F6174222C22616363657373223A2272D7
:1043D00077227D2C7B226E616D65223A2266696EA2
:1043E0006973685F64697374616E6365222C226906
:1043F00064223A3333312C2274797065223A226672
:104400006C6F6174222C22616363657373223A229C
:104410007277227D2C7B226E616D65223A2266695D
:104420006E6973685F6F6E5F76656C222C226964BB
:10443000223A3333322C2274797065223A22626F29
:104440006F6C222C22616363657373223A22727748
:10445000227D2C7B226E616D65223A2266696E692F
:1044600073685F6F6E5F64697374616E6365222C3D
:10447000226964223A3333332C2274797065223AEC
:1044800022626F6F6C222C22616363657373223A20
:10449000227277227D2C7B226E616D65223A226624
:1044A000696E6973685F6F6E5F656E635F6964787C
:1044B000222C226964223A3333342C2274797065B9
:1044C000223A22626F6F6C222C22616363657373E0
:1044D000223A227277227D5D7D2C7B226E616D6592
:1044E000223A2267656E6572616C5F6C6F636B69FF
:1044F0006E222C2274797065223A226F626A65639B
:1045000074222C226D656D62657273223A5B7B2288
:104510006E616D65223A2263757272656E74222C2B
:10452000226964223A3333352C2274797065223A39
:1045300022666C6F6174222C22616363657373223F
:104540003A227277227D2C7B226E616D65223A229F
:1045500072616D705F74696D65222C226964223A04
:104560003333362C2274797065223A22666C6F617F
:1045700074222C22616363657373223A227277225C
:104580007D2C7B226E616D65223A2272616D705FB7
:1045900064697374616E6365222C226964223A3304
:1045A00033372C2274797065223A22666C6F6174FD
:1045B000222C22616363657373223A227277227D13
:1045C0002C7B226E616D65223A22616363656C22E9
:1045D0002C226964223A3333382C22747970652294
:1045E0003A22666C6F6174222C2261636365737377
:1045F000223A227277227D2C7B226E616D65223AEF
:104600002276656C222C226964223A3333392C22BB
:1046100074797065223A22666C6F6174222C226173
:104620006363657373223A227277227D2C7B226E3C
:10463000616D65223A2266696E6973685F646973A9
:1046400074616E6365222C226964223A3334302C03
:104650002274797065223A22666C6F6174222C2272
:10466000616363657373223A227277227D2C7B2209
:104670006E616D65223A2266696E6973685F6F6E5E
:104680005F76656C222C226964223A3334312C2205
:1046900074797065223A22626F6F6C222C226163FA
:1046A00063657373223A227277227D2C7B226E61BE
:1046B0006D65223A2266696E6973685F6F6E5F642A
:1046C000697374616E6365222C226964223A333403
:1046D000322C2274797065223A22626F6F6C222C20
:1046E00022616363657373223A227277227D2C7B89
:1046F000226E616D65223A2266696E6973685F6F2A
:104700006E5F656E635F696478222C226964223A69
:104710003334332C2274797065223A22626F6F6CC5
:10472000222C22616363657373223A227277227DA1
:104730005D7D2C7B226E616D65223A2263616E5F26
:104740006E6F64655F6964222C226964223A333497
:10475000342C2274797065223A2275696E74333272
:10476000222C22616363657373223A227277227D61
:104770002C7B226E616D65223A2263616E5F6E6FE3
:1047800064655F69645F657874656E646564222C36
:10479000226964223A3334352C2274797065223AC6
:1047A00022626F6F6C222C22616363657373223AFD
:1047B000227277227D2C7B226E616D65223A226304
:1047C000616E5F6865617274626561745F72617465
:1047D000655F6D73222C226964223A3334362C22B1
:1047E00074797065223A2275696E743332222C22F4
:1047F000616363657373223A227277227D2C7B2278
:104800006E616D65223A2263616E5F656E636F64EF
:1048100065725F726174655F6D73222C2269642218
:104820003A3334372C2274797065223A2275696ED6
:10483000743332222C22616363657373223A2272CD
:1048400077227D5D7D2C7B226E616D65223A22662A
:1048500065745F746865726D6973746F72222C225F
:1048600074797065223A226F626A656374222C2221
:104870006D656D62657273223A5B7B226E616D6558
:10488000223A226572726F72222C226964223A33B4
:1048900034382C2274797065223A22696E7433326E
:1048A000222C22616363657373223A227277227D20
:1048B0002C7B226E616D65223A2274656D70657283
:1048C0006174757265222C226964223A3334392C62
:1048D0002274797065223A22666C6F6174222C22F0
:1048E000616363657373223A2272227D2C7B226E90
:1048F000616D65223A22636F6E666967222C2274AD
:10490000797065223A226F626A656374222C226D87
:10491000656D62657273223A5B7B226E616D652202
:104920003A2274656D705F6C696D69745F6C6F7746
:104930006572222C226964223A3335302C22747934
:104940007065223A22666C6F6174222C2261636367
:10495000657373223A227277227D2C7B226E616D01
:1049600065223A2274656D705F6C696D69745F755C
:1049700070706572222C226964223A3335312C2200
:1049800074797065223A22666C6F6174222C226100
:104990006363657373223A227277227D2C7B226EC9
:1049A000616D65223A22656E61626C6564222C221B
:1049B0006964223A3335322C2274797065223A22A6
:1049C000626F6F6C222C22616363657373223A22DB
:1049D0007277227D5D7D5D7D2C7B226E616D65220F
:1049E0003A226D6F746F725F746865726D6973746B
:1049F0006F72222C2274797065223A226F626A6586
:104A00006374222C226D656D62657273223A5B7B42
:104A1000226E616D65223A226572726F72222C22BB
:104A20006964223A3335332C2274797065223A2234
:104A3000696E743332222C22616363657373223A88
:104A4000227277227D2C7B226E616D65223A227460
:104A5000656D7065726174757265222C22696422BD
:104A60003A3335342C2274797065223A22666C6FA1
:104A70006174222C22616363657373223A2272226D
:104A80007D2C7B226E616D65223A22636F6E6669B2
:104A900067222C2274797065223A226F626A6563FC
:104AA00074222C226D656D62657273223A5B7B22E3
:104AB0006E616D65223A226770696F5F70696E2260
:104AC0002C226964223A3335352C227479706522A0
:104AD0003A2275696E743136222C226163636573E4
:104AE00073223A227277227D2C7B226E616D6522C1
:104AF0003A22706F6C795F636F656666696369659A
:104B00006E745F30222C226964223A3335362C22AF
:104B100074797065223A22666C6F6174222C22616E
:104B20006363657373223A227277227D2C7B226E37
:104B3000616D65223A22706F6C795F636F6566669E
:104B4000696369656E745F31222C226964223A338D
:104B500035372C2274797065223A22666C6F617445
:104B6000222C22616363657373223A227277227D5D
:104B70002C7B226E616D65223A22706F6C795F63C7
:104B80006F656666696369656E745F32222C22699F
:104B900064223A3335382C2274797065223A2266C1
:104BA0006C6F6174222C22616363657373223A22F5
:104BB0007277227D2C7B226E616D65223A22706FA6
:104BC0006C795F636F656666696369656E745F3390
:104BD000222C226964223A3335392C22747970658B
:104BE000223A22666C6F6174222C226163636573C2
:104BF00073223A227277227D2C7B226E616D6522B0
:104C00003A2274656D705F6C696D69745F6C6F7763
:104C10006572222C226964223A3336302C22747950
:104C20007065223A22666C6F6174222C2261636384
:104C3000657373223A227277227D2C7B226E616D1E
:104C400065223A2274656D705F6C696D69745F7579
:104C500070706572222C226964223A3336312C221C
:104C600074797065223A22666C6F6174222C22611D
:104C70006363657373223A227277227D2C7B226EE6
:104C8000616D65223A22656E61626C6564222C2238
:104C90006964223A3336322C2274797065223A22C2
:104CA000626F6F6C222C22616363657373223A22F8
:104CB0007277227D5D7D5D7D2C7B226E616D65222C
:104CC0003A226D6F746F72222C2274797065223AC9
:104CD000226F626A656374222C226D656D62657253
:104CE00073223A5B7B226E616D65223A2265727295
:104CF0006F72222C226964223A3336332C22747963
:104D00007065223A22696E743332222C2261636309
:104D1000657373223A227277227D2C7B226E616D3D
:104D200065223A2261726D65645F737461746522F5
:104D30002C226964223A3336342C2274797065222D
:104D40003A22696E743332222C2261636365737375
:104D5000223A2272227D2C7B226E616D65223A22DC
:104D600069735F63616C69627261746564222C228D
:104D70006964223A3336352C2274797065223A22DE
:104D8000626F6F6C222C22616363657373223A2217
:104D900072227D2C7B226E616D65223A22637572D0
:104DA00072656E745F6D6561735F706842222C225C
:104DB0006964223A3336362C2274797065223A229D
:104DC000666C6F6174222C22616363657373223A8F
:104DD0002272227D2C7B226E616D65223A226375E0
:104DE0007272656E745F6D6561735F706843222CCB
:104DF000226964223A3336372C2274797065223A5C
:104E000022666C6F6174222C226163636573732266
:104E10003A2272227D2C7B226E616D65223A2244F9
:104E2000435F63616C69625F706842222C2269642F
:104E3000223A3336382C2274797065223A22666C15
:104E40006F6174222C22616363657373223A22724C
:104E500077227D2C7B226E616D65223A2244435F6E
:104E600063616C69625F706843222C226964223A34
:104E70003336392C2274797065223A22666C6F6160
:104E800074222C22616363657373223A2272772243
:104E90007D2C7B226E616D65223A2270686173659C
:104EA0005F63757272656E745F7265765F67616964
:104EB0006E222C226964223A3337302C22747970A6
:104EC00065223A22666C6F6174222C2261636365ED
:104ED0007373223A227277227D2C7B226E616D657C
:104EE000223A226566666563746976655F637572EA
:104EF00072656E745F6C696D222C226964223A338C
:104F000037312C2274797065223A22666C6F617495
:104F1000222C22616363657373223A2272227D2CF4
:104F20007B226E616D65223A2263757272656E74C2
:104F30005F636F6E74726F6C222C227479706522BD
:104F40003A226F626A656374222C226D656D626518
:104F50007273223A5B7B226E616D65223A22705F2A
:104F60006761696E222C226964223A3337322C221F
:104F700074797065223A22666C6F6174222C22610A
:104F80006363657373223A227277227D2C7B226ED3
:104F9000616D65223A22695F6761696E222C226920
:104FA00064223A3337332C2274797065223A2266B0
:104FB0006C6F6174222C22616363657373223A22E1
:104FC0007277227D2C7B226E616D65223A22765F9C
:104FD00063757272656E745F636F6E74726F6C5F0F
:104FE000696E74656772616C5F64222C2269642249
:104FF0003A3337342C2274797065223A22666C6F0A
:105000006174222C22616363657373223A22727782
:10501000227D2C7B226E616D65223A22765F63755C
:105020007272656E745F636F6E74726F6C5F696EBF
:1050300074656772616C5F71222C226964223A3355
:1050400037352C2274797065223A22666C6F617450
:10505000222C22616363657373223A227277227D68
:105060002C7B226E616D65223A2249627573222C77
:10507000226964223A3337362C2274797065223AD9
:1050800022666C6F6174222C2261636365737322E4
:105090003A227277227D2C7B226E616D65223A2244
:1050A00066696E616C5F765F616C706861222C224C
:1050B0006964223A3337372C2274797065223A2298
:1050C000666C6F6174222C22616363657373223A8C
:1050D000227277227D2C7B226E616D65223A2266D8
:1050E000696E616C5F765F62657461222C2269640F
:1050F000223A3337382C2274797065223A22666C52
:105100006F6174222C22616363657373223A227289
:1051100077227D2C7B226E616D65223A2249645F85
:10512000736574706F696E74222C226964223A333D
:1051300037392C2274797065223A22666C6F61745B
:10514000222C22616363657373223A227277227D77
:105150002C7B226E616D65223A2249715F73657402
:10516000706F696E74222C226964223A3338302CB5
:105170002274797065223A22666C6F6174222C2247
:10518000616363657373223A2272227D2C7B226EE7
:10519000616D65223A2249715F6D65617375726553
:1051A00064222C226964223A3338312C22747970BB
:1051B00065223A22666C6F6174222C2261636365FA
:1051C0007373223A227277227D2C7B226E616D6589
:1051D000223A2249645F6D65617375726564222CA1
:1051E000226964223A3338322C2274797065223A6B
:1051F00022666C6F6174222C226163636573732273
:105200003A227277227D2C7B226E616D65223A22D2
:10521000495F6D656173757265645F7265706F7209
:10522000745F66696C7465725F6B222C22696422FC
:105230003A3338332C2274797065223A22666C6FC7
:105240006174222C22616363657373223A22727740
:10525000227D2C7B226E616D65223A226D61785F22
:10526000616C6C6F7765645F63757272656E7422D2
:105270002C226964223A3338342C227479706522E6
:105280003A22666C6F6174222C22616363657373CA
:10529000223A2272227D2C7B226E616D65223A2297
:1052A0006F76657263757272656E745F7472697021
:1052B0005F6C6576656C222C226964223A3338353E
:1052C0002C2274797065223A22666C6F6174222CEC
:1052D00022616363657373223A2272227D2C7B22E2
:1052E0006E616D65223A226163696D5F726F746FE2
:1052F000725F666C7578222C226964223A333836E4
:105300002C2274797065223A22666C6F6174222CAB
:1053100022616363657373223A227277227D2C7B4C
:10532000226E616D65223A226173796E635F7068E7
:105330006173655F76656C222C226964223A33388A
:10534000372C2274797065223A22666C6F61742260
:105350002C22616363657373223A2272227D2C7B57
:10536000226E616D65223A226173796E635F7068A7
:105370006173655F6F6666736574222C22696422AF
:105380003A3338382C2274797065223A22666C6F71
:105390006174222C22616363657373223A227277EF
:1053A000227D5D7D2C7B226E616D65223A226761D4
:1053B00074655F647269766572222C2274797065F7
:1053C000223A226F626A656374222C226D656D62D7
:1053D000657273223A5B7B226E616D65223A2264AC
:1053E00072765F6661756C74222C226964223A338E
:1053F00038392C2274797065223A22696E743332FE
:10540000222C22616363657373223A2272227D5DCE
:105410007D2C7B226E616D65223A2274696D696E06
:10542000675F6C6F67222C2274797065223A226F55
:10543000626A656374222C226D656D6265727322E7
:105440003A5B7B226E616D65223A2267656E6572FA
:10545000616C222C226964223A3339302C2274790F
:105460007065223A2275696E743136222C2261638E
:1054700063657373223A2272227D2C7B226E616DEA
:1054800065223A226164635F63625F69222C22694C
:1054900064223A3339312C2274797065223A2275AC
:1054A000696E743136222C22616363657373223A0C
:1054B0002272227D2C7B226E616D65223A2261640C
:1054C000635F63625F6463222C226964223A33392A
:1054D000322C2274797065223A2275696E743136E5
:1054E000222C22616363657373223A2272227D2C1F
:1054F0007B226E616D65223A226D6561735F722257
:105500002C226964223A3339332C22747970652253
:105510003A2275696E743136222C22616363657399
:1055200073223A2272227D2C7B226E616D65223AB3
:10553000226D6561735F6C222C226964223A3339D3
:10554000342C2274797065223A2275696E74313672
:10555000222C22616363657373223A2272227D2CAE
:105560007B226E616D65223A22656E635F63616CBA
:105570006962222C226964223A3339352C227479EB
:105580007065223A2275696E743136222C2261636D
:1055900063657373223A2272227D2C7B226E616DC9
:1055A00065223A226964785F736561726368222CB0
:1055B000226964223A3339362C2274797065223A92
:1055C0002275696E743136222C22616363657373B0
:1055D000223A2272227D2C7B226E616D65223A2254
:1055E000666F635F766F6C74616765222C226964F5
:1055F000223A3339372C2274797065223A22756940
:105600006E743136222C22616363657373223A22F1
:1056100072227D2C7B226E616D65223A22666F6359
:105620005F63757272656E74222C226964223A334C
:1056300039382C2274797065223A2275696E74317A
:1056400036222C22616363657373223A2272227DB3
:105650002C7B226E616D65223A227370695F7374D0
:10566000617274222C226964223A3339392C2274F3
:10567000797065223A2275696E743136222C226166
:105680006363657373223A2272227D2C7B226E61E2
:105690006D65223A2273616D706C655F6E6F772263
:1056A0002C226964223A3430302C227479706522BD
:1056B0003A2275696E743136222C226163636573F8
:1056C00073223A2272227D2C7B226E616D65223A12
:1056D000227370695F656E64222C226964223A34F9
:1056E00030312C2274797065223A2275696E7431DA
:1056F00036222C22616363657373223A2272227D03
:105700005D7D2C7B226E616D65223A22636F6E6631
:105710006967222C2274797065223A226F626A6569
:105720006374222C226D656D62657273223A5B7B15
:10573000226E616D65223A227072655F63616C69E9
:10574000627261746564222C226964223A343032B8
:105750002C2274797065223A22626F6F6C222C229F
:10576000616363657373223A227277227D2C7B22F8
:105770006E616D65223A22706F6C655F706169724F
:1057800073222C226964223A3430332C22747970CB
:1057900065223A22696E743332222C22616363657A
:1057A0007373223A227277227D2C7B226E616D65A3
:1057B000223A2263616C6962726174696F6E5F6321
:1057C000757272656E74222C226964223A34303408
:1057D0002C2274797065223A22666C6F6174222CD7
:1057E00022616363657373223A227277227D2C7B78
:1057F000226E616D65223A22726573697374616EFF
:1058000063655F63616C69625F6D61785F766F6C21
:1058100074616765222C226964223A3430352C2267
:1058200074797065223A22666C6F6174222C226151
:105830006363657373223A227277227D2C7B226E1A
:10584000616D65223A2270686173655F696E647587
:105850006374616E6365222C226964223A343036A7
:105860002C2274797065223A22666C6F6174222C46
:1058700022616363657373223A227277227D2C7BE7
:10588000226E616D65223A2270686173655F726590
:1058900073697374616E6365222C226964223A34E1
:1058A00030372C2274797065223A22666C6F6174ED
:1058B000222C22616363657373223A227277227D00
:1058C0002C7B226E616D65223A22746F7271756550
:1058D0005F636F6E7374616E74222C226964223A66
:1058E0003430382C2274797065223A22666C6F61EC
:1058F00074222C22616363657373223A22727722C9
:105900007D2C7B226E616D65223A2264697265632B
:1059100074696F6E222C226964223A3430392C2249
:1059200074797065223A22696E743332222C2261B6
:105930006363657373223A227277227D2C7B226E19
:10594000616D65223A226D6F746F725F7479706554
:10595000222C226964223A3431302C227479706509
:10596000223A22696E743332222C2261636365739A
:1059700073223A227277227D2C7B226E616D652222
:105980003A2263757272656E745F6C696D222C22A7
:105990006964223A3431312C2274797065223A22BA
:1059A000666C6F6174222C22616363657373223AA3
:1059B000227277227D2C7B226E616D65223A2263F2
:1059C000757272656E745F6C696D5F6D6172676927
:1059D0006E222C226964223A3431322C227479707E
:1059E00065223A22666C6F6174222C2261636365C2
:1059F0007373223A227277227D2C7B226E616D6551
:105A0000223A22746F727175655F6C696D222C2267
:105A10006964223A3431332C2274797065223A2237
:105A2000666C6F6174222C22616363657373223A22
:105A3000227277227D2C7B226E616D65223A22696B
:105A40006E7665727465725F74656D705F6C696D9A
:105A500069745F6C6F776572222C226964223A3414
:105A600031342C2274797065223A22666C6F61742D
:105A7000222C22616363657373223A227277227D3E
:105A80002C7B226E616D65223A22696E7665727496
:105A900065725F74656D705F6C696D69745F757058
:105AA000706572222C226964223A3431352C2274BA
:105AB000797065223A22666C6F6174222C226163D0
:105AC00063657373223A227277227D2C7B226E618A
:105AD0006D65223A227265717565737465645F63E2
:105AE000757272656E745F72616E6765222C2269D1
:105AF00064223A3431362C2274797065223A226657
:105B00006C6F6174222C22616363657373223A2285
:105B10007277227D2C7B226E616D65223A2263753D
:105B20007272656E745F636F6E74726F6C5F6261C8
:105B30006E647769647468222C226964223A343175
:105B4000372C2274797065223A22666C6F61742258
:105B50002C22616363657373223A227277227D2C53
:105B60007B226E616D65223A226163696D5F736CA1
:105B700069705F76656C6F63697479222C22696441
:105B8000223A3431382C2274797065223A22666CBC
:105B90006F6174222C22616363657373223A2272EF
:105BA00077227D2C7B226E616D65223A22616369CA
:105BB0006D5F6761696E5F6D696E5F666C75782297
:105BC0002C226964223A3431392C2274797065228E
:105BD0003A22666C6F6174222C2261636365737371
:105BE000223A227277227D2C7B226E616D65223AE9
:105BF000226163696D5F6175746F666C75785F6D46
:105C0000696E5F4964222C226964223A3432302C56
:105C10002274797065223A22666C6F6174222C229C
:105C2000616363657373223A227277227D2C7B2233
:105C30006E616D65223A226163696D5F6175746F93
:105C4000666C75785F656E61626C65222C22696492
:105C5000223A3432312C2274797065223A22626FF2
:105C60006F6C222C22616363657373223A22727710
:105C7000227D2C7B226E616D65223A226163696D03
:105C80005F6175746F666C75785F61747461636B66
:105C90005F6761696E222C226964223A3432322CA9
:105CA0002274797065223A22666C6F6174222C220C
:105CB000616363657373223A227277227D2C7B22A3
:105CC0006E616D65223A226163696D5F6175746F03
:105CD000666C75785F64656361795F6761696E2280
:105CE0002C226964223A3432332C22747970652272
:105CF0003A22666C6F6174222C2261636365737350
:105D0000223A227277227D5D7D5D7D2C7B226E6141
:105D10006D65223A22636F6E74726F6C6C657222CD
:105D20002C2274797065223A226F626A656374224C
:105D30002C226D656D62657273223A5B7B226E6107
:105D40006D65223A226572726F72222C226964227A
:105D50003A3432342C2274797065223A22696E7496
:105D60003332222C22616363657373223A22727785
:105D7000227D2C7B226E616D65223A22696E7075E0
:105D8000745F706F73222C226964223A3432352C8E
:105D90002274797065223A22666C6F6174222C221B
:105DA000616363657373223A227277227D2C7B22B2
:105DB0006E616D65223A22696E7075745F76656CEE
:105DC000222C226964223A3432362C22747970658E
:105DD000223A22666C6F6174222C226163636573C0
:105DE00073223A227277227D2C7B226E616D6522AE
:105DF0003A22696E7075745F746F72717565222CCA
:105E0000226964223A3432372C2274797065223A3E
:105E100022666C6F6174222C226163636573732246
:105E20003A227277227D2C7B226E616D65223A22A6
:105E3000706F735F736574706F696E74222C226962
:105E400064223A3432382C2274797065223A226600
:105E50006C6F6174222C22616363657373223A2232
:105E600072227D2C7B226E616D65223A2276656CF2
:105E70005F736574706F696E74222C226964223AB4
:105E80003432392C2274797065223A22666C6F6143
:105E900074222C22616363657373223A2272227D1D
:105EA0002C7B226E616D65223A22746F727175656A
:105EB0005F736574706F696E74222C226964223A74
:105EC0003433302C2274797065223A22666C6F610B
:105ED00074222C22616363657373223A2272227DDD
:105EE0002C7B226E616D65223A227472616A656351
:105EF000746F72795F646F6E65222C226964223A36
:105F00003433312C2274797065223A22626F6F6CBF
:105F1000222C22616363657373223A2272227D2CE4
:105F20007B226E616D65223A2276656C5F696E74C4
:105F300065677261746F725F746F72717565222C20
:105F4000226964223A3433322C2274797065223A01
:105F500022666C6F6174222C226163636573732205
:105F60003A227277227D2C7B226E616D65223A2265
:105F7000616E7469636F6767696E675F76616C698C
:105F800064222C226964223A3433332C22747970CF
:105F900065223A22626F6F6C222C22616363657303
:105FA00073223A227277227D2C7B226E616D6522EC
:105FB0003A22636F6E666967222C227479706522BB
:105FC0003A226F626A656374222C226D656D626588
:105FD0007273223A5B7B226E616D65223A226761A1
:105FE000696E5F7363686564756C696E675F776916
:105FF000647468222C226964223A3433342C22746B
:10600000797065223A22666C6F6174222C2261637A
:1060100063657373223A227277227D2C7B226E6134
:106020006D65223A22656E61626C655F76656C5FB4
:106030006C696D6974222C226964223A3433352CE0
:106040002274797065223A22626F6F6C222C226171
:106050006363657373223A227277227D2C7B226EF2
:10606000616D65223A22656E61626C655F6375726F
:1060700072656E745F6D6F64655F76656C5F6C6989
:106080006D6974222C226964223A3433362C2274CE
:10609000797065223A22626F6F6C222C22616363F1
:1060A000657373223A227277227D2C7B226E616D9A
:1060B00065223A22656E61626C655F6761696E5F39
:1060C0007363686564756C696E67222C226964224B
:1060D0003A3433372C2274797065223A22626F6F1A
:1060E0006C222C22616363657373223A22727722D9
:1060F0007D2C7B226E616D65223A22656E61626C39
:10610000655F6F76657273706565645F6572726FE7
:1061100072222C226964223A3433382C227479702A
:1061200065223A22626F6F6C222C22616363657371
:1061300073223A227277227D2C7B226E616D65225A
:106140003A22636F6E74726F6C5F6D6F6465222CA0
:10615000226964223A3433392C2274797065223AE8
:1061600022696E743332222C226163636573732259
:106170003A227277227D2C7B226E616D65223A2253
:10618000696E7075745F6D6F6465222C226964227C
:106190003A3434302C2274797065223A22696E7454
:1061A0003332222C22616363657373223A22727741
:1061B000227D2C7B226E616D65223A22706F735FA7
:1061C0006761696E222C226964223A3434312C22B0
:1061D00074797065223A22666C6F6174222C226198
:1061E0006363657373223A227277227D2C7B226E61
:1061F000616D65223A2276656C5F6761696E222C5B
:10620000226964223A3434322C2274797065223A3D
:1062100022666C6F6174222C226163636573732242
:106220003A227277227D2C7B226E616D65223A22A2
:1062300076656C5F696E7465677261746F725F67B3
:1062400061696E222C226964223A3434332C227420
:10625000797065223A22666C6F6174222C22616328
:1062600063657373223A227277227D2C7B226E61E2
:106270006D65223A2276656C5F6C696D6974222CBB
:10628000226964223A3434342C2274797065223ABB
:1062900022666C6F6174222C2261636365737322C2
:1062A0003A227277227D2C7B226E616D65223A2222
:1062B00076656C5F6C696D69745F746F6C65726133
:1062C0006E6365222C226964223A3434352C2274A0
:1062D000797065223A22666C6F6174222C226163A8
:1062E00063657373223A227277227D2C7B226E6162
:1062F0006D65223A2276656C5F72616D705F7261C6
:106300007465222C226964223A3434362C22747942
:106310007065223A22666C6F6174222C226163637D
:10632000657373223A227277227D2C7B226E616D17
:1063300065223A22746F727175655F72616D705F6C
:1063400072617465222C226964223A3434372C221B
:1063500074797065223A22666C6F6174222C226116
:106360006363657373223A227277227D2C7B226EDF
:10637000616D65223A2263697263756C61725F7345
:106380006574706F696E7473222C226964223A34CA
:1063900034382C2274797065223A22626F6F6C2235
:1063A0002C22616363657373223A227277227D2CFB
:1063B0007B226E616D65223A2263697263756C613E
:1063C000725F736574706F696E745F72616E67651A
:1063D000222C226964223A3434392C227479706573
:1063E000223A22666C6F6174222C226163636573AA
:1063F00073223A227277227D2C7B226E616D652298
:106400003A22686F6D696E675F7370656564222CF0
:10641000226964223A3435302C2274797065223A2C
:1064200022666C6F6174222C226163636573732230
:106430003A227277227D2C7B226E616D65223A2290
:10644000696E6572746961222C226964223A34355E
:10645000312C2274797065223A22666C6F61742245
:106460002C22616363657373223A227277227D2C3A
:106470007B226E616D65223A22617869735F746F69
:106480005F6D6972726F72222C226964223A343510
:10649000322C2274797065223A2275696E74382222
:1064A0002C22616363657373223A227277227D2CFA
:1064B0007B226E616D65223A226D6972726F725F26
:1064C000726174696F222C226964223A3435332C4C
:1064D0002274797065223A22666C6F6174222C22D4
:1064E000616363657373223A227277227D2C7B226B
:1064F0006E616D65223A226C6F61645F656E636FD9
:106500006465725F61786973222C226964223A346F
:1065100035342C2274797065223A2275696E74388C
:10652000222C22616363657373223A227277227D83
:106530002C7B226E616D65223A22696E7075745FE4
:1065400066696C7465725F62616E647769647468B1
:10655000222C226964223A3435352C2274797065F4
:10656000223A22666C6F6174222C22616363657328
:1065700073223A227277227D2C7B226E616D652216
:106580003A22616E7469636F6767696E67222C22B5
:1065900074797065223A226F626A656374222C22D4
:1065A0006D656D62657273223A5B7B226E616D650B
:1065B000223A22696E646578222C226964223A3478
:1065C00035362C2274797065223A2275696E7433DF
:1065D00032222C22616363657373223A2272227D18
:1065E0002C7B226E616D65223A227072655F636159
:1065F0006C69627261746564222C226964223A3487
:1066000035372C2274797065223A22626F6F6C22C2
:106610002C22616363657373223A227277227D2C88
:106620007B226E616D65223A2263616C69625F61F3
:106630006E7469636F6767696E67222C22696422D2
:106640003A3435382C2274797065223A22626F6FA1
:106650006C222C22616363657373223A2272227D5D
:106660002C7B226E616D65223A2263616C69625FE8
:10667000706F735F7468726573686F6C64222C222C
:106680006964223A3435392C2274797065223A22B1
:10669000666C6F6174222C22616363657373223AA6
:1066A000227277227D2C7B226E616D65223A2263F5
:1066B000616C69625F76656C5F7468726573686F40
:1066C0006C64222C226964223A3436302C2274798C
:1066D0007065223A22666C6F6174222C22616363BA
:1066E000657373223A227277227D2C7B226E616D54
:1066F00065223A22636F6767696E675F72617469CA
:106700006F222C226964223A3436312C227479703B
:1067100065223A22666C6F6174222C226163636584
:106720007373223A2272227D2C7B226E616D652268
:106730003A22616E7469636F6767696E675F656E41
:1067400061626C6564222C226964223A3436322CF0
:106750002274797065223A22626F6F6C222C22615A
:106760006363657373223A227277227D5D7D5D7D5E
:106770002C7B226E616D65223A226D6F76655F69B2
:106780006E6372656D656E74616C222C2269642281
:106790003A3436332C2274797065223A2266756E4B
:1067A0006374696F6E222C22696E70757473223A5D
:1067B0005B7B226E616D65223A22646973706C6145
:1067C00063656D656E74222C226964223A34363416
:1067D0002C2274797065223A22666C6F6174222CC7
:1067E00022616363657373223A227277227D2C7B68
:1067F000226E616D65223A2266726F6D5F696E70FE
:1068000075745F706F73222C226964223A343635B6
:106810002C2274797065223A22626F6F6C222C22CE
:10682000616363657373223A227277227D5D2C2245
:106830006F757470757473223A5B5D7D2C7B226E6C
:10684000616D65223A2273746172745F616E74695E
:10685000636F6767696E675F63616C6962726174B9
:10686000696F6E222C226964223A3436362C2274E7
:10687000797065223A2266756E6374696F6E222C98
:1068800022696E70757473223A5B5D2C226F757489
:1068900070757473223A5B5D7D5D7D2C7B226E6129
:1068A0006D65223A22656E636F646572222C2274D4
:1068B000797065223A226F626A656374222C226DB8
:1068C000656D62657273223A5B7B226E616D652233
:1068D0003A226572726F72222C226964223A34362F
:1068E000372C2274797065223A22696E7433322211
:1068F0002C22616363657373223A227277227D2CA6
:106900007B226E616D65223A2269735F72656164F4
:1069100079222C226964223A3436382C2274797018
:1069200065223A22626F6F6C222C22616363657369
:1069300073223A2272227D2C7B226E616D65223A8F
:1069400022696E6465785F666F756E64222C2269B9
:1069500064223A3436392C2274797065223A2262E4
:106960006F6F6C222C22616363657373223A22720B
:10697000227D2C7B226E616D65223A2273686164F0
:106980006F775F636F756E74222C226964223A34CC
:1069900037302C2274797065223A22696E74333252
:1069A000222C22616363657373223A2272227D2C4A
:1069B0007B226E616D65223A22636F756E745F692A
:1069C0006E5F637072222C226964223A3437312C54
:1069D0002274797065223A22696E743332222C2235
:1069E000616363657373223A2272227D2C7B226E6F
:1069F000616D65223A22696E746572706F6C6174A4
:106A0000696F6E222C226964223A3437322C227448
:106A1000797065223A22666C6F6174222C22616360
:106A200063657373223A2272227D2C7B226E616D24
:106A300065223A227068617365222C226964223AC9
:106A40003437332C2274797065223A22666C6F6178
:106A500074222C22616363657373223A2272227D51
:106A60002C7B226E616D65223A22706F735F6573B5
:106A700074696D617465222C226964223A3437345A
:106A80002C2274797065223A22666C6F6174222C14
:106A900022616363657373223A2272227D2C7B220A
:106AA0006E616D65223A22706F735F657374696DF4
:106AB0006174655F636F756E7473222C2269642242
:106AC0003A3437352C2274797065223A22666C6F1D
:106AD0006174222C22616363657373223A227222ED
:106AE0007D2C7B226E616D65223A22706F735F632D
:106AF0007072222C226964223A3437362C2274793F
:106B00007065223A22666C6F6174222C2261636385
:106B1000657373223A2272227D2C7B226E616D6531
:106B2000223A22706F735F6370725F636F756E7469
:106B300073222C226964223A3437372C22747970FC
:106B400065223A22666C6F6174222C226163636550
:106B50007373223A2272227D2C7B226E616D652234
:106B60003A22706F735F63697263756C6172222C75
:106B7000226964223A3437382C2274797065223ABB
:106B800022666C6F6174222C2261636365737322C9
:106B90003A2272227D2C7B226E616D65223A226838
:106BA000616C6C5F7374617465222C226964223A93
:106BB0003437392C2274797065223A2275696E74E3
:106BC00038222C22616363657373223A2272227D1C
:106BD0002C7B226E616D65223A2276656C5F65734F
:106BE00074696D617465222C226964223A343830EC
:106BF0002C2274797065223A22666C6F6174222CA3
:106C000022616363657373223A2272227D2C7B2298
:106C10006E616D65223A2276656C5F657374696D8D
:106C20006174655F636F756E7473222C22696422D0
:106C30003A3438312C2274797065223A22666C6FAE
:106C40006174222C22616363657373223A2272227B
:106C50007D2C7B226E616D65223A2263616C6962D4
:106C60005F7363616E5F726573706F6E7365222C04
:106C7000226964223A3438322C2274797065223ABF
:106C800022666C6F6174222C2261636365737322C8
:106C90003A2272227D2C7B226E616D65223A22702F
:106CA0006F735F616273222C226964223A34383335
:106CB0002C2274797065223A22696E743332222C48
:106CC00022616363657373223A227277227D2C7B83
:106CD000226E616D65223A227370695F6572726F10
:106CE000725F72617465222C226964223A343834EE
:106CF0002C2274797065223A22666C6F6174222CA2
:106D000022616363657373223A2272227D2C7B2297
:106D10006E616D65223A22636F6E666967222C226E
:106D200074797065223A226F626A656374222C223C
:106D30006D656D62657273223A5B7B226E616D6573
:106D4000223A226D6F6465222C226964223A34381B
:106D5000352C2274797065223A22696E743332229E
:106D60002C22616363657373223A227277227D2C31
:106D70007B226E616D65223A227573655F696E6470
:106D80006578222C226964223A3438362C227479B0
:106D90007065223A22626F6F6C222C2261636365F8
:106DA0007373223A227277227D2C7B226E616D658D
:106DB000223A2266696E645F6964785F6F6E5F6C09
:106DC0006F636B696E5F6F6E6C79222C226964222F
:106DD0003A3438372C2274797065223A22626F6F08
:106DE0006C222C22616363657373223A22727722CC
:106DF0007D2C7B226E616D65223A226162735F7326
:106E000070695F63735F6770696F5F70696E222C72
:106E1000226964223A3438382C2274797065223A17
:106E20002275696E743136222C2261636365737337
:106E3000223A227277227D2C7B226E616D65223A86
:106E4000227A65726F5F636F756E745F6F6E5F66D7
:106E5000696E645F696478222C226964223A34384E
:106E6000392C2274797065223A22626F6F6C222C61
:106E700022616363657373223A227277227D2C7BD1
:106E8000226E616D65223A22637072222C2269643F
:106E9000223A3439302C2274797065223A22696E94
:106EA000743332222C22616363657373223A227237
:106EB00077227D2C7B226E616D65223A226F666699
:106EC000736574222C226964223A3439312C22747D
:106ED000797065223A22696E743332222C22616302
:106EE00063657373223A227277227D2C7B226E6156
:106EF0006D65223A227072655F63616C69627261CE
:106F0000746564222C226964223A3439322C22744A
:106F1000797065223A22626F6F6C222C2261636362
:106F2000657373223A227277227D2C7B226E616D0B
:106F300065223A226F66667365745F666C6F617472
:106F4000222C226964223A3439332C2274797065F8
:106F5000223A22666C6F6174222C2261636365732E
:106F600073223A227277227D2C7B226E616D65221C
:106F70003A22656E61626C655F70686173655F6916
:106F80006E746572706F6C6174696F6E222C226909
:106F900064223A3439342C2274797065223A2262A0
:106FA0006F6F6C222C22616363657373223A2272C5
:106FB00077227D2C7B226E616D65223A2262616EA2
:106FC000647769647468222C226964223A34393502
:106FD0002C2274797065223A22666C6F6174222CBF
:106FE00022616363657373223A227277227D2C7B60
:106FF000226E616D65223A2263616C69625F726123
:107000006E6765222C226964223A3439362C227448
:10701000797065223A22666C6F6174222C2261635A
:1070200063657373223A227277227D2C7B226E6114
:107030006D65223A2263616C69625F7363616E5FA2
:1070400064697374616E6365222C226964223A3428
:1070500039372C2274797065223A22666C6F61741C
:10706000222C22616363657373223A227277227D38
:107070002C7B226E616D65223A2263616C69625FCE
:107080007363616E5F6F6D656761222C2269642294
:107090003A3439382C2274797065223A22666C6F42
:1070A0006174222C22616363657373223A227277C2
:1070B000227D2C7B226E616D65223A226964785FA5
:1070C0007365617263685F756E6964697265637424
:1070D000696F6E616C222C226964223A3439392C32
:1070E0002274797065223A22626F6F6C222C2261C1
:1070F0006363657373223A227277227D2C7B226E42
:10710000616D65223A2269676E6F72655F696C6CAA
:107110006567616C5F68616C6C5F73746174652234
:107120002C226964223A3530302C22747970652221
:107130003A22626F6F6C222C226163636573732243
:107140003A227277227D2C7B226E616D65223A2273
:1071500073696E636F735F6770696F5F70696E5F8D
:1071600073696E222C226964223A3530312C2274E4
:10717000797065223A2275696E743136222C22614B
:107180006363657373223A227277227D2C7B226EB1
:10719000616D65223A2273696E636F735F67706910
:1071A0006F5F70696E5F636F73222C226964223A8D
:1071B0003530322C2274797065223A2275696E74EA
:1071C0003136222C22616363657373223A2272770F
:1071D000227D5D7D2C7B226E616D65223A22736576
:1071E000745F6C696E6561725F636F756E74222C7B
:1071F000226964223A3530332C2274797065223A40
:107200002266756E6374696F6E222C22696E7075CA
:107210007473223A5B7B226E616D65223A22636F42
:10722000756E74222C226964223A3530342C227413
:10723000797065223A22696E743332222C2261639E
:1072400063657373223A227277227D5D2C226F75FB
:107250007470757473223A5B5D7D5D7D2C7B226E4C
:10726000616D65223A2273656E736F726C6573731C
:107270005F657374696D61746F72222C227479700A
:1072800065223A226F626A656374222C226D656DF5
:1072900062657273223A5B7B226E616D65223A22CF
:1072A0006572726F72222C226964223A3530352C55
:1072B0002274797065223A22696E743332222C224C
:1072C000616363657373223A227277227D2C7B227D
:1072D0006E616D65223A227068617365222C2269A5
:1072E00064223A3530362C2274797065223A22664F
:1072F0006C6F6174222C22616363657373223A227E
:107300007277227D2C7B226E616D65223A22706C31
:107310006C5F706F73222C226964223A3530372CEF
:107320002274797065223A22666C6F6174222C2275
:10733000616363657373223A227277227D2C7B220C
:107340006E616D65223A2276656C5F657374696D56
:10735000617465222C226964223A3530382C2274FB
:10736000797065223A22666C6F6174222C22616307
:1073700063657373223A227277227D2C7B226E61C1
:107380006D65223A22636F6E666967222C227479DA
:107390007065223A226F626A656374222C226D65E1
:1073A0006D62657273223A5B7B226E616D65223A73
:1073B000226F627365727665725F6761696E222CF7
:1073C000226964223A3530392C2274797065223A68
:1073D00022666C6F6174222C226163636573732271
:1073E0003A227277227D2C7B226E616D65223A22D1
:1073F000706C6C5F62616E647769647468222C22C1
:107400006964223A3531302C2274797065223A222F
:10741000666C6F6174222C22616363657373223A18
:10742000227277227D2C7B226E616D65223A22705A
:107430006D5F666C75785F6C696E6B616765222C39
:10744000226964223A3531312C2274797065223AEE
:1074500022666C6F6174222C2261636365737322F0
:107460003A227277227D5D7D5D7D2C7B226E616D7F
:1074700065223A22747261705F7472616A222C22F2
:1074800074797065223A226F626A656374222C22D5
:107490006D656D62657273223A5B7B226E616D650C
:1074A000223A22636F6E666967222C2274797065B6
:1074B000223A226F626A656374222C226D656D62C6
:1074C000657273223A5B7B226E616D65223A227689
:1074D000656C5F6C696D6974222C226964223A358F
:1074E00031322C2274797065223A22666C6F617495
:1074F000222C22616363657373223A227277227DA4
:107500002C7B226E616D65223A22616363656C5F3C
:107510006C696D6974222C226964223A3531332CEE
:107520002274797065223A22666C6F6174222C2273
:10753000616363657373223A227277227D2C7B220A
:107540006E616D65223A22646563656C5F6C696D7E
:107550006974222C226964223A3531342C227479E0
:107560007065223A22666C6F6174222C226163631B
:10757000657373223A227277227D5D7D5D7D2C7B5F
:10758000226E616D65223A226D696E5F656E64736D
:10759000746F70222C2274797065223A226F626AAD
:1075A000656374222C226D656D62657273223A5B8D
:1075B0007B226E616D65223A22656E6473746F7012
:1075C0005F7374617465222C226964223A35313507
:1075D0002C2274797065223A22626F6F6C222C2201
:1075E000616363657373223A2272227D2C7B226E63
:1075F000616D65223A22636F6E666967222C227480
:10760000797065223A226F626A656374222C226D5A
:10761000656D62657273223A5B7B226E616D6522D5
:107620003A226770696F5F6E756D222C2269642241
:107630003A3531362C2274797065223A2275696E9A
:10764000743136222C22616363657373223A22728D
:1076500077227D2C7B226E616D65223A22656E61F8
:10766000626C6564222C226964223A3531372C22FF
:1076700074797065223A22626F6F6C222C226163EA
:1076800063657373223A227277227D2C7B226E61AE
:107690006D65223A226F6666736574222C226964D6
:1076A000223A3531382C2274797065223A22666C80
:1076B0006F6174222C22616363657373223A2272B4
:1076C00077227D2C7B226E616D65223A2269735F81
:1076D0006163746976655F68696768222C226964F2
:1076E000223A3531392C2274797065223A22626F40
:1076F0006F6C222C22616363657373223A22727766
:10770000227D2C7B226E616D65223A2270756C6C35
:107710007570222C226964223A3532302C22747919
:107720007065223A22626F6F6C222C22616363655E
:107730007373223A227277227D2C7B226E616D65F3
:10774000223A226465626F756E63655F6D73222CE9
:10775000226964223A3532312C2274797065223ADA
:107760002275696E743332222C22616363657373F0
:10777000223A227277227D5D7D5D7D2C7B226E61B7
:107780006D65223A226D61785F656E6473746F7007
:10779000222C2274797065223A226F626A656374C2
:1077A000222C226D656D62657273223A5B7B226EBC
:1077B000616D65223A22656E6473746F705F7374D5
:1077C000617465222C226964223A3532322C22748B
:1077D000797065223A22626F6F6C222C226163639A
:1077E000657373223A2272227D2C7B226E616D6555
:1077F000223A22636F6E666967222C227479706563
:10780000223A226F626A656374222C226D656D6272
:10781000657273223A5B7B226E616D65223A226744
:1078200070696F5F6E756D222C226964223A353261
:10783000332C2274797065223A2275696E74313660
:10784000222C22616363657373223A227277227D50
:107850002C7B226E616D65223A22656E61626C65D9
:1078600064222C226964223A3532342C22747970D5
:1078700065223A22626F6F6C222C2261636365730A
:1078800073223A227277227D2C7B226E616D6522F3
:107890003A226F6666736574222C226964223A3537
:1078A00032352C2274797065223A22666C6F6174CD
:1078B000222C22616363657373223A227277227DE0
:1078C0002C7B226E616D65223A2269735F6163745D
:1078D0006976655F68696768222C226964223A3597
:1078E00032362C2274797065223A22626F6F6C22D4
:1078F0002C22616363657373223A227277227D2C96
:107900007B226E616D65223A2270756C6C757022F7
:107910002C226964223A3532372C22747970652220
:107920003A22626F6F6C222C22616363657373224B
:107930003A227277227D2C7B226E616D65223A227B
:107940006465626F756E63655F6D73222C22696476
:10795000223A3532382C2274797065223A227569C0
:107960006E743332222C22616363657373223A2270
:107970007277227D5D7D5D7D2C7B226E616D65223F
:107980003A227761746368646F675F666565642235
:107990002C226964223A3532392C2274797065229E
:1079A0003A2266756E6374696F6E222C22696E705E
:1079B000757473223A5B5D2C226F757470757473E5
:1079C000223A5B5D7D2C7B226E616D65223A2263DB
:1079D0006C6561725F6572726F7273222C226964CA
:1079E000223A3533302C2274797065223A2266753A
:1079F0006E6374696F6E222C22696E7075747322C7
:107A00003A5B5D2C226F757470757473223A5B5DFE
:107A10007D5D7D2C7B226E616D65223A2263616EF5
:107A2000222C2274797065223A226F626A6563742F
:107A3000222C226D656D62657273223A5B7B226E29
:107A4000616D65223A226572726F72222C2269641E
:107A5000223A3533312C2274797065223A22696ECC
:107A6000743332222C22616363657373223A22726B
:107A700077227D2C7B226E616D65223A22636F6EC8
:107A8000666967222C2274797065223A226F626AD5
:107A9000656374222C226D656D62657273223A5B98
:107AA0007B226E616D65223A22626175645F72614C
:107AB0007465222C226964223A3533322C2274797F
:107AC0007065223A2275696E743332222C2261630A
:107AD00063657373223A227277227D2C7B226E615A
:107AE0006D65223A2270726F746F636F6C222C2264
:107AF0006964223A3533332C2274797065223A2234
:107B0000696E743332222C22616363657373223A87
:107B1000227277227D5D7D2C7B226E616D65223A1B
:107B2000227365745F626175645F72617465222C93
:107B3000226964223A3533342C2274797065223AF2
:107B40002266756E6374696F6E222C22696E707581
:107B50007473223A5B7B226E616D65223A22626108
:107B6000756452617465222C226964223A3533357A
:107B70002C2274797065223A2275696E7433322230
:107B80002C22616363657373223A227277227D5DD2
:107B90002C226F757470757473223A5B5D7D5D7D08
:107BA0002C7B226E616D65223A22746573745F705E
:107BB000726F7065727479222C226964223A3533AF
:107BC000362C2274797065223A2275696E743332CC
:107BD000222C22616363657373223A227277227DBD
:107BE0002C7B226E616D65223A22746573745F6628
:107BF000756E6374696F6E222C226964223A353384
:107C0000372C2274797065223A2266756E63746926
:107C10006F6E222C22696E70757473223A5B7B2220
:107C20006E616D65223A2264656C7461222C226952
:107C300064223A3533382C2274797065223A2269ED
:107C40006E743332222C22616363657373223A228D
:107C50007277227D5D2C226F757470757473223A71
:107C60005B7B226E616D65223A22636E74222C2248
:107C70006964223A3533392C2274797065223A22AC
:107C8000696E743332222C22616363657373223A06
:107C90002272227D5D7D2C7B226E616D65223A22EF
:107CA0006765745F6F7363696C6C6F73636F706526
:107CB0005F76616C222C226964223A3534302C22A2
:107CC00074797065223A2266756E6374696F6E22EC
:107CD0002C22696E70757473223A5B7B226E616D23
:107CE00065223A22696E646578222C226964223A00
:107CF0003534312C2274797065223A2275696E749C
:107D00003332222C22616363657373223A227277C5
:107D1000227D5D2C226F757470757473223A5B7BC3
:107D2000226E616D65223A2276616C222C22696492
:107D3000223A3534322C2274797065223A22666CEC
:107D40006F6174222C22616363657373223A22721D
:107D5000227D5D7D2C7B226E616D65223A226765F6
:107D6000745F6164635F766F6C74616765222C2257
:107D70006964223A3534332C2274797065223A22B0
:107D800066756E6374696F6E222C22696E707574ED
:107D900073223A5B7B226E616D65223A22677069BD
:107DA0006F222C226964223A3534342C2274797083
:107DB00065223A2275696E743332222C2261636324
:107DC000657373223A227277227D5D2C226F75745F
:107DD00070757473223A5B7B226E616D65223A2264
:107DE000766F6C74616765222C226964223A35349F
:107DF000352C2274797065223A22666C6F61742288
:107E00002C22616363657373223A2272227D5D7D49
:107E10002C7B226E616D65223A22736176655F6309
:107E20006F6E66696775726174696F6E222C226964
:107E300064223A3534362C2274797065223A2266EF
:107E4000756E6374696F6E222C22696E707574731F
:107E5000223A5B5D2C226F757470757473223A5BE5
:107E60005D7D2C7B226E616D65223A2265726173A5
:107E7000655F636F6E66696775726174696F6E22A4
:107E80002C226964223A3534372C227479706522A9
:107E90003A2266756E6374696F6E222C22696E7069
:107EA000757473223A5B5D2C226F757470757473F0
:107EB000223A5B5D7D2C7B226E616D65223A2272D7
:107EC00065626F6F74222C226964223A3534382C33
:107ED0002274797065223A2266756E6374696F6EDA
:107EE000222C22696E70757473223A5B5D2C226FAE
:107EF000757470757473223A5B5D7D2C7B226E61A4
:107F00006D65223A22656E7465725F6466755F6D99
:107F10006F6465222C226964223A3534392C22742C
:107F2000797065223A2266756E6374696F6E222CD1
:107F300022696E70757473223A5B5D2C226F7574C2
:107F400070757473223A5B5D7D5D00000010000067
:107F500064C40208648F002070C40208108E0020E0
:107F60007CC40208248E002084C402088CD0002027
:107F70008CC40208148F00208CC70208788F002060
:107F800020CD02088C8F002098C40208788F002032
:107F9000A8C40208788F0020B0C40208648F0020B3
:107FA000BCC4020868D2002084C40208B0D00020FB
:107FB000D4C702088C8F0020CCC402088C8F00200C
:107FC000D8C402088C8F002084C40208C8D00020C6
:107FD000E4C402088C8F0020F4C402088C8F0020B7
:107FE00004C502088C8F00207CC40208388E002053
:107FF00014C502088C8F00201CC502088C8F00203D
:1080000024C502088C8F002084C40208E0D0002020
:1080100018C802084C8E002034C50208788F002052
:1080200040C50208788F002058C50208148F002030
:108030006CC50208788F0020C4C60208D88E0020C4
:1080400020CD0208D88E002084C50208788F002039
:1080500094C502088C8F0020A4C50208788F0020E8
:10806000F8C402088C8F0020C0C502088C8F002045
:10807000CCC502088C8F0020E0C502088C8F002040
:10808000F4C50208788F002010C60208788F0020FF
:108090002CC60208148F002040C60208148F00204E
:1080A0007CC40208608E002054C6020868D20020FA
:1080B00060C6020868D200206CC6020808D1002001
:1080C0007CC6020808D100208CC6020898D2002085
:1080D00014C5020898D200209CC6020898D200203D
:1080E000ACC6020898D20020C0C6020898D2002070
:1080F000C8C6020898D20020D8C6020898D200202C
:10810000E8C6020878D2002024C5020898D20020D0
:10811000F4C6020898D2002008C7020898D20020AE
:108120001CC70208D88E002024C7020898D200205D
:1081300084C40208F8D0002038C5020858D20020B4
:1081400084C50208788F002034C7020868D2002056
:1081500048C702088C8F00205CC702088C8F002063
:1081600070C7020898D2002080C70208788F0020CC
:1081700094C702088C8F0020ACC70208788F0020BB
:10818000C0C70208788F0020E0C70208788F00205F
:10819000F8C70208788F002010C802089C8E0020C3
:1081A00020C80208888E00202CC802088C8F00206E
:1081B00038C802088C8F002044C802088C8F002029
:1081C000D4C702088C8F002058C802088C8F00206A
:1081D0006CC802088C8F00207CC802088C8F00209D
:1081E00090C80208788F0020A4C802088C8F002055
:1081F000BCC802088C8F0020CCC802088C8F0020DD
:10820000D4C80208748E0020E4C802088C8F0020B5
:10821000F4C80208748E002008C902088C8F002060
:1082200020C902082CD100207CC40208B08E002096
:108230002CC902088C8F002038C902088C8F0020BE
:1082400044C902088C8F002054C9020898D200202B
:1082500064C9020898D2002074C9020898D200208C
:1082600084C9020868D2002094C902088C8F0020BB
:10827000ACC90208788F002084C4020820D10020F5
:1082800084C50208788F0020C0C90208D88E00205B
:10829000CCC902088C8F0020E0C902088C8F002016
:1082A00000CA02088C8F002014CA02088C8F00209C
:1082B00028CA02088C8F002038CA0208D88E0020F5
:1082C00044CA0208C48E002050CA02088C8F0020C5
:1082D0005CCA02088C8F002070CA02088C8F0020B4
:1082E0007CCA02088C8F002098CA02088C8F00205C
:1082F000B4CA02088C8F0020CCCA02088C8F0020E0
:10830000E8CA02088C8F0020FCCA02088C8F00206B
:1083100010CB02088C8F002028CB0208788F002019
:1083200040CB02088C8F00205CCB02088C8F002091
:1083300078CB020860D1002080CB020860D10020F9
:108340008CCB020860D1002098CB020860D10020BD
:10835000A0CB020860D10020A8CB020860D1002089
:10836000B4CB020860D10020C0CB020860D100204D
:10837000CCCB020860D10020D8CB020860D100200D
:10838000E4CB020860D10020F0CB020860D10020CD
:10839000F8CB02087CD1002004CC02088C8F00208E
:1083A0000CCC02088C8F002014CC02088C8F00208B
:1083B00034CC02088C8F002054CC02088C8F002013
:1083C0005CCC02088C8F00206CCC02088C8F0020C3
:1083D0007CCC02088C8F002088CC020898D2002028
:1083E00094CC02088C8F0020A0CC02088C8F002037
:1083F000ACCC02088C8F0020C8CC020898D2002098
:10840000DCCC020898D20020F4CC02088C8F00202B
:1084100004CD020898D2002014CD02088C8F0020D1
:108420007CC40208EC8E002028CD020898D10020E0
:1084300034CD020868D2002044CD020898D2002032
:1084400058CD020898D200206CCD02088C8F0020F5
:108450007CCD02088C8F00208CCD02088C8F0020F0
:10846000A4CD020898D20020BCCD020888D10020FB
:10847000CCCD02086CD10020D8CD020850D100200C
:1084800084C4020844D10020E8CF0208148F0020E1
:10849000E4CD02088C8F0020F8CD02088C8F0020DC
:1084A0000CCE02088C8F002020CE02088C8F00207A
:1084B00034CE02088C8F002048CE02088C8F00201A
:1084C0008CC70208788F00207CC40208008F00202F
:1084D0005CCE020898D2002084C40208B0D10020EB
:1084E00034CE02088C8F002048CE02088C8F0020EA
:1084F0008CC70208788F00207CC40208008F0020FF
:108500005CCE020898D2002084C40208C8D10020A2
:10851000D0CB02088C8F002068CE02088C8F002000
:1085200074CE02088C8F002084CE02088C8F00202D
:1085300010CD02088C8F00208CCE02088C8F00207A
:108540009CCE0208788F0020ACCE0208788F0020E5
:10855000C0CE0208788F0020D0CB02088C8F00207C
:1085600068CE02088C8F002074CE02088C8F002009
:1085700084CE02088C8F002010CD02088C8F002042
:10858000D4CE0208788F0020F0CE0208788F002029
:1085900010CF0208788F002034CF0208788F002097
:1085A00050CF0208788F00206CCF0208788F00200F
:1085B0007CCF0208788F00208CCF0208788F0020B3
:1085C000A0CF02088C8F0020B0CF02088C8F002033
:1085D000C4CF0208788F0020D4CF0208148F002067
:1085E000E4CF0208148F0020F4CF0208ECD1002061
:1085F00008D00208E0D1002018D00208E0D1002005
:1086000028D00208648F002034D00208788F002020
:108610004CD00208648F002064D00208648F0020D0
:108620007CC402083C8F002078D0020868D2002069
:1086300088D002080CD2002098D00208288F002091
:10864000A8D0020858D20020B8D00208FCD10020DF
:10865000C8D00208788F002084C40208D4D100203A
:10866000D4D00208BCD10020E4D00208A4D100205C
:10867000F8D0020838D1002000D1020814D100201F
:108680000CD10208ECD0002014D10208D4D0002074
:108690002CD10208BCD0002038D10208A4D0002080
:1086A00044D10208A4D0002050D10208508F0020ED
:1086B0005CD102088C8F002060D102088C8F0020D2
:1086C00064D10208788F002070D10208648F0020E6
:1086D00080D10208788F00209CD10208788F00207A
:1086E000BCD102088C8F0020D0D102088C8F0020D2
:1086F000E4D102088C8F002004D202088C8F002065
:1087000024D20208788F002044D202088C8F0020E7
:1087100064D202088C8F002080D202088C8F002047
:1087200098D202088C8F0020B0D2020824D20020F8
:10873000C4D2020824D20020D8D2020824D20020B9
:10874000ECD2020824D2002000D3020824D2002058
:1087500018D3020824D2002030D3020878D2002097
:1087600038D3020858D2002048D3020858D200203B
:1087700050D3020858D2002048D3020858D2002013
:108780005CD3020858D2002064D3020858D20020DB
:1087900074D3020858D200207CD3020858D200209B
:1087A0008CD3020858D20020A4D3020858D200204B
:1087B000BCD3020858D20020D4D3020858D20020DB
:1087C000E8D3020858D2002000D4020858D2002072
:1087D00014D4020858D200202CD4020858D2002009
:1087E00044D4020858D2002058D4020858D200209D
:1087F0006CD4020858D2002080D4020858D200203D
:1088000090D4020858D20020A4D4020858D20020E4
:10881000B8D4020858D20020CCD4020858D2002084
:10882000E4D3020848D20020DCD402083CD2002065
:10883000E0D4020898D20020F0D4020898D2002098
:10884000F8D402088C8F002010D5020888D20020AE
:1088500020D5020878D2002034D5020878D2002032
:1088600048D5020878D200205CD5020878D20020D2
:1088700070D5020878D2002084D5020878D2002072
:1088800098D5020878D20020B0D5020868D200201E
:10889000C8D50208788F0020E4D5020830D2002025
:1088A00084C4020818D20020F4D5020868D200203F
:1088B0009CD3020898D00020B4D3020898D000209E
:1088C00010D4020880D0002008D60208648F00204F
:1088D00031344F447269766554797065496E666FBC
:1088E00049364F447269766545000000ACA2030822
:1088F000D088030818DD020832314669627265507B
:10890000726F706572747954797065496E666F49DB
:108910003850726F7065727479494B664545000036
:1089200024A30308F88803080000000002000000E8
:108930003CDD02080200000018DD0208020400000D
:108940003231466962726550726F70657274795423
:10895000797065496E666F493850726F70657274D0
:1089600079494B794545000024A303084089030851
:1089700000000000020000003CDD020802000000D0
:1089800018DD020802040000323146696272655047
:10899000726F706572747954797065496E666F494B
:1089A0003850726F7065727479494B6845450000A4
:1089B00024A30308888903080000000002000000C7
:1089C0003CDD02080200000018DD0208020400007D
:1089D0003231466962726550726F70657274795493
:1089E000797065496E666F493850726F7065727440
:1089F00079494B624545000024A30308D089030848
:108A000000000000020000003CDD0208020000003F
:108A100018DD02080204000032354F4472697665A1
:108A200053797374656D53746174735479706549C7
:108A30006E666F49313353797374656D5374617425
:108A4000735F744500000000ACA20308188A030895
:108A500018DD02083231466962726550726F7065C6
:108A600072747954797065496E666F493850726FC7
:108A70007065727479494B6D4545000024A3030865
:108A8000548A030800000000020000003CDD0208D8
:108A90000200000018DD02080204000032384F44D2
:108AA0007269766553797374656D53746174735527
:108AB000736254797065496E666F4931305553421F
:108AC00053746174735F744500000000ACA2030826
:108AD0009C8A030818DD020832384F4472697665B3
:108AE00053797374656D5374617473493243547967
:108AF0007065496E666F4931304932435374617411
:108B0000735F744500000000ACA20308D88A030814
:108B100018DD020832304F4472697665436F6E6625
:108B2000696754797065496E666F493133426F6188
:108B30007264436F6E6669675F744500ACA2030898
:108B4000148B030818DD020832324F4472697665CF
:108B5000456E64706F696E7454797065496E666FA6
:108B600049313250574D4D617070696E675F744581
:108B700000000000ACA20308488B030818DD0208BF
:108B800031384F44726976654178697354797065FC
:108B9000496E666F4934417869734500ACA2030899
:108BA000808B030818DD0208323146696272655015
:108BB000726F706572747954797065496E666F4929
:108BC0003850726F7065727479494B4E31304F4432
:108BD00072697665496E74663841786973496E7456
:108BE0006639417869735374617465454545000081
:108BF00024A30308A88B0308000000000200000063
:108C00003CDD02080200000018DD0208020400003A
:108C10003231466962726550726F70657274795450
:108C2000797065496E666F493850726F70657274FD
:108C300079494B4E31304F4472697665496E74669E
:108C40003841786973496E746631314C6F636B6972
:108C50006E537461746545454500000024A3030804
:108C6000108C030800000000020000003CDD020838
:108C70000200000018DD02080204000032344F44F4
:108C80007269766541786973436F6E666967547976
:108C90007065496E666F494E344178697338436F29
:108CA0006E6669675F74454500000000ACA203086A
:108CB0007C8C030818DD020834314F4472697665F4
:108CC00041786973436F6E66696743616C6962726C
:108CD0006174696F6E4C6F636B696E54797065492E
:108CE0006E666F494E344178697331344C6F636BF3
:108CF000696E436F6E6669675F74454500000000EA
:108D0000ACA20308B88C030818DD020833304F44C6
:108D100072697665417869734C6F636B696E436FF6
:108D20006E66696754797065496E666F494E344165
:108D300078697331344C6F636B696E436F6E66692B
:108D4000675F744545000000ACA203080C8D030862
:108D500018DD020834354F44726976654F6E626FD4
:108D6000617264546865726D6973746F7243757271
:108D700072656E744C696D69746572547970654979
:108D80006E666F4933314F6E626F6172645468650D
:108D9000726D6973746F7243757272656E744C692B
:108DA0006D69746572450000ACA20308548D030818
:108DB00018DD020835314F44726976654F6E626F77
:108DC000617264546865726D6973746F7243757211
:108DD00072656E744C696D69746572436F6E666915
:108DE0006754797065496E666F494E33314F6E62D4
:108DF0006F617264546865726D6973746F724375E4
:108E00007272656E744C696D6974657238436F6E09
:108E10006669675F74454500ACA20308B48D03081A
:108E200018DD020834364F44726976654F66666213
:108E30006F617264546865726D6973746F724375A3
:108E40007272656E744C696D69746572547970657F
:108E5000496E666F4933324F6666626F6172645461
:108E60006865726D6973746F7243757272656E7442
:108E70004C696D697465724500000000ACA203087E
:108E8000248E030818DD020835324F447269766576
:108E90004F6666626F617264546865726D6973745F
:108EA0006F7243757272656E744C696D6974657228
:108EB000436F6E66696754797065496E666F494E97
:108EC00033324F6666626F617264546865726D69B1
:108ED00073746F7243757272656E744C696D6974E8
:108EE000657238436F6E6669675F744545000000C0
:108EF000ACA20308888E030818DD020831394F44FC
:108F0000726976654D6F746F7254797065496E66DB
:108F10006F49354D6F746F7245000000ACA20308B5
:108F2000FC8E030818DD0208323146696272655012
:108F3000726F706572747954797065496E666F49A5
:108F40003850726F7065727479494B4E31304F44AE
:108F500072697665496E7466394D6F746F72496EC9
:108F60007466313041726D65645374617465454552
:108F70004500000024A30308288F03080000000018
:108F8000020000003CDD02080200000018DD0208BB
:108F90000204000033334F44726976654D6F746F7D
:108FA0007243757272656E74436F6E74726F6C5437
:108FB000797065496E666F494E354D6F746F7231C9
:108FC0003643757272656E74436F6E74726F6C5F48
:108FD00074454500ACA20308948F030818DD02080D
:108FE00032394F44726976654D6F746F72476174A0
:108FF0006544726976657254797065496E666F4929
:109000004E354D6F746F725574305F4545000000EA
:10901000ACA20308E08F030818DD0208323146696C
:1090200062726550726F70657274795479706549B7
:109030006E666F493850726F7065727479494B4E25
:1090400031304F4472697665496E7466394D6F747C
:109050006F72496E74663134476174654472697623
:109060006572496E7466384472764661756C7445F3
:109070004545000024A303081C90030800000000DD
:10908000020000003CDD02080200000018DD0208BA
:109090000204000032384F44726976654D6F746F78
:1090A0007254696D696E674C6F6754797065496E6B
:1090B000666F494E354D6F746F7255745F4545004C
:1090C000ACA203089490030818DD02083231466907
:1090D00062726550726F7065727479547970654907
:1090E0006E666F493850726F7065727479494B744F
:1090F0004545000024A30308CC90030800000000AD
:10910000020000003CDD02080200000018DD020839
:109110000204000032354F44726976654D6F746FFA
:1091200072436F6E66696754797065496E666F4900
:109130004E354D6F746F7238436F6E6669675F743A
:1091400045450000ACA203081491030818DD02088D
:1091500032344F4472697665436F6E74726F6C6C13
:10916000657254797065496E666F493130436F6E30
:1091700074726F6C6C65724500000000ACA203084D
:109180005091030818DD020833304F447269766548
:10919000436F6E74726F6C6C6572436F6E66696755
:1091A00054797065496E666F494E3130436F6E7405
:1091B000726F6C6C657238436F6E6669675F744579
:1091C00045000000ACA203088891030818DD0208DE
:1091D00034314F4472697665436F6E74726F6C6C94
:1091E0006572436F6E666967416E7469636F676726
:1091F000696E6754797065496E666F494E313043C8
:109200006F6E74726F6C6C65723133416E7469632A
:109210006F6767696E675F7445450000ACA203081D
:10922000D091030818DD020832314F447269766527
:10923000456E636F64657254797065496E666F49F7
:1092400037456E636F64657245000000ACA2030889
:109250002892030818DD02083231466962726550AF
:10926000726F706572747954797065496E666F4972
:109270003850726F7065727479494B6C45450000C7
:1092800024A3030858920308000000000200000015
:109290003CDD02080200000018DD020802040000A4
:1092A00032374F4472697665456E636F6465724309
:1092B0006F6E66696754797065496E666F494E379F
:1092C000456E636F64657238436F6E6669675F747D
:1092D00045450000ACA20308A092030818DD02086F
:1092E00033334F447269766553656E736F726C6584
:1092F0007373457374696D61746F725479706549E5
:109300006E666F49313953656E736F726C65737336
:10931000457374696D61746F72450000ACA20308F7
:10932000E092030818DD020833394F44726976650C
:1093300053656E736F726C657373457374696D6199
:10934000746F72436F6E66696754797065496E66B3
:109350006F494E313953656E736F726C6573734527
:109360007374696D61746F7238436F6E6669675F9D
:1093700074454500ACA203082893030818DD0208D1
:1093800033354F447269766554726170657A6F69DE
:1093900064616C5472616A6563746F727954797038
:1093A00065496E666F49323154726170657A6F69D2
:1093B00064616C5472616A6563746F727945000010
:1093C000ACA203088093030818DD020834314F442F
:1093D0007269766554726170657A6F6964616C5404
:1093E00072616A6563746F7279436F6E6669675400
:1093F000797065496E666F494E323154726170659D
:109400007A6F6964616C5472616A6563746F7279B2
:1094100038436F6E6669675F74454500ACA2030808
:10942000CC93030818DD020832314F447269766527
:10943000456E6473746F7054797065496E666F49D8
:1094400037456E6473746F7045000000ACA203086A
:109450002894030818DD020832374F447269766594
:10946000456E6473746F70436F6E6669675479708C
:1094700065496E666F494E37456E6473746F703818
:10948000436F6E6669675F7445450000ACA20308D0
:109490005894030818DD020831374F447269766525
:1094A00043616E54797065496E666F49394F4472F5
:1094B00069766543414E4500ACA2030898940308C1
:1094C00018DD020832334F447269766543616E439A
:1094D0006F6E66696754797065496E666F494E397B
:1094E0004F447269766543414E38436F6E666967D3
:1094F0005F74454500000000ACA20308C494030853
:1095000018DD020800000000EC8803081985020835
:109510000000000020890308F985020879B10108DC
:10952000F1840208FCFFFFFF20890308118502086F
:1095300000000000688903082586020879B1010847
:10954000C9840208FCFFFFFF68890308E984020858
:1095500000000000B08903084986020879B10108BB
:10956000A1840208FCFFFFFFB0890308C184020840
:1095700000000000F88903086986020879B1010833
:1095800079840208FCFFFFFFF88903089984020828
:1095900000000000488A0308F5830208000000006C
:1095A0007C8A03088186020879B10108CD8302080C
:1095B000FCFFFFFF7C8A0308ED8302080000000027
:1095C000CC8A0308A583020800000000088B03086A
:1095D0006D830208000000003C8B0308C98202086A
:1095E00000000000748B030889820208000000005C
:1095F0009C8B0308C981020800000000F08B03085F
:10960000A186020879B10108A1810208FCFFFFFFD1
:10961000F08B0308C1810208000000005C8C030885
:10962000C186020879B1010879810208FCFFFFFFB9
:109630005C8C03089981020800000000AC8C0308D0
:10964000B580020800000000008D03087980020840
:1096500000000000488D0308198002080000000087
:10966000A88D0308D97F020800000000188E0308A7
:10967000997F0208000000007C8E0308597F0208D1
:1096800000000000F08E0308F17E020800000000D8
:109690001C8F03085D7E020800000000748F030821
:1096A000E186020879B10108357E0208FCFFFFFF60
:1096B000748F0308557E020800000000D48F030851
:1096C000B57D020800000000109003089D7D02088F
:1096D00000000000749003080187020879B10108B6
:1096E000757D0208FCFFFFFF74900308957D02085A
:1096F00000000000C0900308217D02080000000067
:10970000F49003082187020879B10108F97C020866
:10971000FCFFFFFFF4900308197D02080000000021
:1097200044910308FD7B0208000000007C910308BF
:109730005D7B020800000000C49103085D7A020806
:10974000000000001C920308D57902080000000008
:109750004C9203081D790208000000008092030863
:109760004187020879B10108F5780208FCFFFFFF84
:10977000809203081579020800000000D4920308C3
:10978000F1770208000000001C930308A17702088B
:1097900000000000749303087177020800000000C5
:1097A000C09303085D770208000000001C940308C2
:1097B0002D770208000000004C9403080977020886
:1097C000000000008C9403088D7602080000000061
:1097D000B89403086176020800000000F8940308BA
:1097E00029760208313053747265616D53696E6B6E
:1097F00000000000F8A10308E49703083131554147
:1098000052543453656E646572000000ACA20308C4
:10981000FC970308F4970308000000000C98030865
:1098200019A00208719F0208001000003130506139
:10983000636B657453696E6B00000000F8A1030848
:109840002C9803083955534253656E6465720000C5
:10985000ACA20308449803083C98030832375472BA
:109860006561745061636B657453696E6B417353CA
:10987000747265616D53696E6B000000ACA20308E1
:109880005C980308F4970308000000005098030850
:109890003DA20208000000007C9803084DA10208C8
:1098A00095A10208001000004E31304F44726976D5
:1098B00065496E74663743616E496E746645000093
:1098C000F8A10308A8980308394F447269766543E4
:1098D000414E0000ACA20308C8980308C0980308D2
:1098E00000000000D498030859A302083949324304
:1098F00053656E6465720000ACA20308EC9803081F
:109900003C98030800000000F898030889A60208A4
:10991000323353747265616D546F5061636B65745B
:109920005365676D656E746572000000ACA2030834
:1099300010990308F4970308323153747265616D0E
:1099400042617365645061636B657453696E6B004B
:10995000ACA20308389903083C98030833314269E4
:10996000646972656374696F6E616C5061636B6585
:109970007442617365644368616E6E656C000000DB
:10998000ACA203085C9903083C980308000000009F
:109990002C99030899A80208F5A702080000000006
:1099A00050990308C9A90208000000008099030823
:1099B000FDA70208060000000101050000000000EC
:1099C000920E493CB10AC93C2BC3163D2EFB483DC3
:1099D000752B7B3D04A9963D80B6AF3D36BDC83D95
:1099E0002FBCE13D73B2FA3D87CF093E8340163E5E
:1099F000B5AB223EA2102F3ECF6E3B3EC2C5473EC6
:109A00000115543E135C603E7F9A6C3ECCCF783E8D
:109A1000C07D823E938E883E229A8E3E32A0943E36
:109A200086A09A3EE59AA03E128FA63ED47CAC3E1C
:109A3000EF63B23E2A44B83E491DBE3E15EFC33E19
:109A400053B9C93ECA7BCF3E4136D53E80E8DA3EA7
:109A50004F92E03E7533E63EBBCBEB3EEA5AF13E19
:109A6000CBE0F63E275DFC3EE4E7003F3D9C033F34
:109A7000824B063F9BF5083F6B9A0B3FDA390E3F4E
:109A8000CDD3103F2A68133FD9F6153FC07F183F4A
:109A9000C6021B3FD17F1D3FCBF61F3F9967223F78
:109AA00025D2243F5636273F1594293F4AEB2B3FBA
:109AB000DE3B2E3FBB85303FC9C8323FF304353F04
:109AC000233A373F4268393F3B8F3B3FF9AE3D3F3A
:109AD00067C73F3F70D8413F01E2433F03E4453F42
:109AE00065DE473F12D1493FF8BB4B3F029F4D3FD8
:109AF000207A4F3F3D4D513F4918533F31DB543F92
:109B0000E595563F5348583F6AF2593F1A945B3FD8
:109B1000532D5D3F05BE5E3F2146603F97C5613FC7
:109B20005A3C633F59AA643F880F663FD86B673F32
:109B30003CBF683FA7096A3F0C4B6B3F5E836C3F9D
:109B400093B26D3F9ED86E3F73F56F3F0809713F2A
:109B50005213723F4714733FDD0B743F0BFA743F8F
:109B6000C6DE753F07BA763FC58B773FF853783F1F
:109B70009812793F9DC7793F02737A3FBE147B3FAD
:109B8000CDAC7B3F283B7C3FC9BF7C3FAC3A7D3F9F
:109B9000CCAB7D3F23137E3FB0707E3F6DC47E3FD4
:109BA000580E7F3F6D4E7F3FAB847F3F0FB17F3FAD
:109BB00097D37F3F43EC7F3F11FB7F3F0000803F07
:109BC00011FB7F3F43EC7F3F97D37F3F0FB17F3F38
:109BD000AB847F3F6D4E7F3F580E7F3F6DC47E3F0D
:109BE000B0707E3F23137E3FCCAB7D3FAC3A7D3FD0
:109BF000C9BF7C3F283B7C3FCDAC7B3FBE147B3F45
:109C000002737A3F9DC7793F9812793FF853783FA6
:109C1000C58B773F07BA763FC6DE753F0BFA743FB8
:109C2000DD0B743F4714733F5213723F0809713FB5
:109C300073F56F3F9ED86E3F93B26D3F5E836C3F6E
:109C40000C4B6B3FA7096A3F3CBF683FD86B673F2F
:109C5000880F663F59AA643F5A3C633F97C5613FEE
:109C60002146603F05BE5E3F532D5D3F1A945B3F2A
:109C70006AF2593F5348583FE595563F31DB543F10
:109C80004918533F3D4D513F207A4F3F029F4D3F72
:109C9000F8BB4B3F12D1493F65DE473F03E4453FE8
:109CA00001E2433F70D8413F67C73F3FF9AE3D3FB8
:109CB0003B8F3B3F4268393F233A373FF304353F00
:109CC000C9C8323FBB85303FDE3B2E3F4AEB2B3FBE
:109CD0001594293F5636273F25D2243F9967223FC6
:109CE000CBF61F3FD17F1D3FC6021B3FC07F183FF1
:109CF000D9F6153F2A68133FCDD3103FDA390E3F0E
:109D00006B9A0B3F9BF5083F824B063F3D9C033F00
:109D1000E4E7003F275DFC3ECBE0F63EEA5AF13E29
:109D2000BBCBEB3E7533E63E4F92E03E80E8DA3E39
:109D30004136D53ECA7BCF3E53B9C93E15EFC33E2F
:109D4000491DBE3E2A44B83EEF63B23ED47CAC3ED1
:109D5000128FA63EE59AA03E86A09A3E32A0943E7F
:109D6000229A8E3E938E883EC07D823ECCCF783E36
:109D70007F9A6C3E135C603E0115543EC2C5473E5F
:109D8000CF6E3B3EA2102F3EB5AB223E8340163E27
:109D900087CF093E73B2FA3D2FBCE13D36BDC83DC9
:109DA00080B6AF3D04A9963D752B7B3D2EFB483D0B
:109DB0002BC3163DB10AC93C920E493C000000007D
:109DC000920E49BCB10AC9BC2BC316BD2EFB48BDBF
:109DD000752B7BBD04A996BD80B6AFBD36BDC8BD91
:109DE0002FBCE1BD73B2FABD87CF09BE834016BE5A
:109DF000B5AB22BEA2102FBECF6E3BBEC2C547BEC2
:109E0000011554BE135C60BE7F9A6CBECCCF78BE89
:109E1000C07D82BE938E88BE229A8EBE32A094BE32
:109E200086A09ABEE59AA0BE128FA6BED47CACBE18
:109E3000EF63B2BE2A44B8BE491DBEBE15EFC3BE15
:109E400053B9C9BECA7BCFBE4136D5BE80E8DABEA3
:109E50004F92E0BE7533E6BEBBCBEBBEEA5AF1BE15
:109E6000CBE0F6BE275DFCBEE4E700BF3D9C03BF30
:109E7000824B06BF9BF508BF6B9A0BBFDA390EBF4A
:109E8000CDD310BF2A6813BFD9F615BFC07F18BF46
:109E9000C6021BBFD17F1DBFCBF61FBF996722BF74
:109EA00025D224BF563627BF159429BF4AEB2BBFB6
:109EB000DE3B2EBFBB8530BFC9C832BFF30435BF00
:109EC000233A37BF426839BF3B8F3BBFF9AE3DBF36
:109ED00067C73FBF70D841BF01E243BF03E445BF3E
:109EE00065DE47BF12D149BFF8BB4BBF029F4DBFD4
:109EF000207A4FBF3D4D51BF491853BF31DB54BF8E
:109F0000E59556BF534858BF6AF259BF1A945BBFD4
:109F1000532D5DBF05BE5EBF214660BF97C561BFC3
:109F20005A3C63BF59AA64BF880F66BFD86B67BF2E
:109F30003CBF68BFA7096ABF0C4B6BBF5E836CBF99
:109F400093B26DBF9ED86EBF73F56FBF080971BF26
:109F5000521372BF471473BFDD0B74BF0BFA74BF8B
:109F6000C6DE75BF07BA76BFC58B77BFF85378BF1B
:109F7000981279BF9DC779BF02737ABFBE147BBFA9
:109F8000CDAC7BBF283B7CBFC9BF7CBFAC3A7DBF9B
:109F9000CCAB7DBF23137EBFB0707EBF6DC47EBFD0
:109FA000580E7FBF6D4E7FBFAB847FBF0FB17FBFA9
:109FB00097D37FBF43EC7FBF11FB7FBF000080BF03
:109FC00011FB7FBF43EC7FBF97D37FBF0FB17FBF34
:109FD000AB847FBF6D4E7FBF580E7FBF6DC47EBF09
:109FE000B0707EBF23137EBFCCAB7DBFAC3A7DBFCC
:109FF000C9BF7CBF283B7CBFCDAC7BBFBE147BBF41
:10A0000002737ABF9DC779BF981279BFF85378BFA2
:10A01000C58B77BF07BA76BFC6DE75BF0BFA74BFB4
:10A02000DD0B74BF471473BF521372BF080971BFB1
:10A0300073F56FBF9ED86EBF93B26DBF5E836CBF6A
:10A040000C4B6BBFA7096ABF3CBF68BFD86B67BF2B
:10A05000880F66BF59AA64BF5A3C63BF97C561BFEA
:10A06000214660BF05BE5EBF532D5DBF1A945BBF26
:10A070006AF259BF534858BFE59556BF31DB54BF0C
:10A08000491853BF3D4D51BF207A4FBF029F4DBF6E
:10A09000F8BB4BBF12D149BF65DE47BF03E445BFE4
:10A0A00001E243BF70D841BF67C73FBFF9AE3DBFB4
:10A0B0003B8F3BBF426839BF233A37BFF30435BFFC
:10A0C000C9C832BFBB8530BFDE3B2EBF4AEB2BBFBA
:10A0D000159429BF563627BF25D224BF996722BFC2
:10A0E000CBF61FBFD17F1DBFC6021BBFC07F18BFED
:10A0F000D9F615BF2A6813BFCDD310BFDA390EBF0A
:10A100006B9A0BBF9BF508BF824B06BF3D9C03BFFC
:10A11000E4E700BF275DFCBECBE0F6BEEA5AF1BE25
:10A12000BBCBEBBE7533E6BE4F92E0BE80E8DABE35
:10A130004136D5BECA7BCFBE53B9C9BE15EFC3BE2B
:10A14000491DBEBE2A44B8BEEF63B2BED47CACBECD
:10A15000128FA6BEE59AA0BE86A09ABE32A094BE7B
:10A16000229A8EBE938E88BEC07D82BECCCF78BE32
:10A170007F9A6CBE135C60BE011554BEC2C547BE5B
:10A18000CF6E3BBEA2102FBEB5AB22BE834016BE23
:10A1900087CF09BE73B2FABD2FBCE1BD36BDC8BDC5
:10A1A00080B6AFBD04A996BD752B7BBD2EFB48BD07
:10A1B0002BC316BDB10AC9BC920E49BC0000008079
:10A1C0004E31305F5F637878616269763131375F35
:10A1D0005F636C6173735F747970655F696E666FDE
:10A1E00045000000ACA20308C0A10308E0A20308D8
:10A1F00000000000E4A1030899AB0208ADAB02081F
:10A2000011B6020811B6020817AC020859AB0208D1
:10A21000FFAB0208C1AB02088BAB02084E31305FC6
:10A220005F637878616269763131355F5F666F723E
:10A230006365645F756E77696E644500F8A1030815
:10A240001CA203084E31305F5F63787861626976E3
:10A250003131395F5F666F726569676E5F6578631C
:10A26000657074696F6E4500F8A1030844A2030885
:10A270004E31305F5F637878616269763132305F8A
:10A280005F73695F636C6173735F747970655F6935
:10A290006E666F4500000000ACA2030870A20308C0
:10A2A000E4A103080000000098A203080DB502080D
:10A2B00021B5020811B6020811B6020817AC02084F
:10A2C00059AB0208E5B5020871B5020835B50208B8
:10A2D000537439747970655F696E666F00000000B1
:10A2E000F8A10308D0A203084E31305F5F6378788D
:10A2F000616269763132315F5F766D695F636C618F
:10A3000073735F747970655F696E666F45000000F6
:10A31000ACA20308E8A20308E4A1030800000000BF
:10A3200010A3030841B6020855B6020811B6020888
:10A3300011B6020817AC020859AB020859B9020855
:08A3400003B7020869B6020828
:10A3480008B10181B0B0008400000000C904018197
:10A35800B0B0AB8300000000C9030181B0B0AA808F
:10A3680000000000C9040181B0B0AB80000000000B
:10A37800C9020181B0B0AF800000000008B10181BE
:10A38800B0B000840000000080C90181B0A908B104
:10A3980000000000C9030181B0B0AE8100000000D8
:10A3A800C90A0181B0B0A98000000000C90201817A
:10A3B800B0B0AF830000000083C90181B0AD08B11F
:10A3C80000000000C9040181B0B0AF8200000000A5
:10A3D80008B10181B0B0008400000000950DFF7F36
:10A3E800B0AF1A00FFFF017F28CA010000F801047E
:10A3F800DC0400A002040000AE0204D40500B4028C
:10A40800040000C60204C80500CC02040000DE02F5
:10A4180004BC0500E402040000F20204B00500F8E0
:10A4280002040000800304A40500860304000096CB
:10A4380003049805009C03040000A603048C05008F
:10A44800AC03040000B40304800500BA0304000050
:10A45800C20304F40400C803040000F40304E8047D
:10A4680000D4048C01000000BEB20181AF83C91B77
:10A478000000000008B10181B0B0008400000000B5
:10A4880008B10181B0B0008400000000C903018157
:10A49800B0B0AC8000000000C9020181B0B0A98052
:10A4A8000000000008B10181B0B000840000000085
:10A4B80008B10181B0B000840000000008B101813A
:10A4C800B0B000840000000008B10181B0B0008481
:10A4D8000000000008B10181B0B000840000000055
:10A4E80008B10181B0B000840000000008B101810A
:10A4F800B0B000840000000008B10181B0B0008451
:10A508000000000008B10181B0B000840000000024
:10A5180008B10181B0B000840000000008B10181D9
:10A52800B0B000840000000008B10181B0B0008420
:10A538000000000008B10181B0B0008400000000F4
:10A5480008B10181B0B000840000000008B10181A9
:10A55800B0B000840000000008B10181B0B00084F0
:10A5680000000000C9080181B000848000000000DC
:10A5780008B10181B0B000840000000008B1018179
:10A58800B0B000840000000008B10181B0B00084C0
:10A598000000000008B10181B0B000840000000094
:10A5A80008B10181B0B000840000000008B1018149
:10A5B800B0B000840000000008B10181B0B0008490
:10A5C8000000000008B10181B0B000840000000064
:10A5D80008B10181B0B000840000000008B1018119
:10A5E800B0B000840000000008B10181B0B0008460
:10A5F8000000000008B10181B0B000840000000034
:10A6080008B10181B0B000840000000008B10181E8
:10A61800B0B000840000000008B10181B0B000842F
:10A628000000000008B10181B0B000840000000003
:10A6380008B10181B0B000840000000008B10181B8
:10A64800B0B000840000000008B10181B0B00084FF
:04A6580000000000FE
:10A65C006465FC7F0100000020E3FC7FB0A9028050
:10A66C00B0E3FC7FB0B0A88000E4FC7F01000000E8
:10A67C000CE4FC7FB0B0AA803CE4FC7FAE75B280E9
:10A68C000CE5FC7F0100000008E5FC7FAB3F3A8045
:10A69C0068E5FC7F0100000070E5FC7FB0B0AA808B
:10A6AC00A8E5FC7F010000005CE6FC7FAA0FB280ED
:10A6BC00D8E6FC7FB0AF088074E9FC7F0100000095
:10A6CC0078E9FC7FAC3F038060ECFC7F010000006C
:10A6DC003CEEFC7F0084048050EEFC7F0100000007
:10A6EC004CEEFC7FB0AD048040F1FC7FB0A8038041
:10A6FC0064F1FC7F44FFFF7F68F1FC7F48FFFF7F24
:10A70C0074F1FC7F010000006C9BFD7FAD08B180F3
:10A71C00AC9BFD7F01000000F09EFD7FB0B0A880D7
:10A72C00389FFD7F0100000014A0FD7FB0AB0280BC
:10A73C006CA1FD7FB0AA0380F4A1FD7F0100000095
:10A74C00C0A3FD7FAC81C9808CA4FD7F01000000FB
:10A75C00B4A4FD7FE8FBFF7FD4A4FD7FA908B180E2
:10A76C0040A5FD7F01000000E8A6FD7FB0AF06808C
:10A77C0000A9FD7FB0AC0980A0A9FD7FB0AC018021
:10A78C0074AAFD7FB0A8058094AAFD7F010000008B
:10A79C00ACB0FD7FB0A80580E8B0FD7F01000000E3
:10A7AC00F0B0FD7F0084048008B1FD7F0100000043
:10A7BC00C0B2FD7FB0A8078008B3FD7FB0B0A88001
:10A7CC00E4B3FD7FB0B0AA8028B4FD7F0100000087
:10A7DC0048B4FD7F74FBFF7FC4B8FD7FB0AA038033
:10A7EC00A4B9FD7F70FBFF7FFCBAFD7F74FBFF7F7C
:10A7FC00B4BDFD7FB0AA038040BEFD7F70FBFF7F20
:10A80C001CC2FD7F74FBFF7F1CC2FD7F010000009A
:10A81C00F4C2FD7FA908B18034C3FD7F01000000A4
:10A82C0050C3FD7FB0AB088054C4FD7FA908B18034
:10A83C0090C4FD7F50FBFF7F20C5FD7FB0B0A8808A
:10A84C007CC5FD7F01000000BCC5FD7FB0A8038066
:10A85C0034C6FD7F3CFBFF7FB4C7FD7FAC80C98055
:10A86C00F0C8FD7F38FBFF7F98C9FD7FB0B0A88092
:10A87C00C8C9FD7FA881C98034CAFD7FA883C9805F
:10A88C00B4CCFD7FA882C980DCCEFD7F0100000026
:10A89C004CCFFD7FB0B0A8806CCFFD7F01000000D5
:10A8AC00E4CFFD7FB0B0A88088D0FD7F0100000010
:10A8BC0074D1FD7FA908B1800CD2FD7F010000008E
:10A8CC0008D2FD7F008402803CD2FD7F0100000095
:10A8DC00A0D2FD7FB0B0A880D0D2FD7FB0AD0880F3
:10A8EC0050D3FD7FC4FAFF7F80D7FD7FB0B0A88026
:10A8FC0080D8FD7FA908B18040D9FD7FB0B0A88079
:10A90C00CCD9FD7FB0A9068050DAFD7FB0B0A8800D
:10A91C0094DAFD7FA0FAFF7FA0DEFD7FA908B1804D
:10A92C004CDFFD7F0100000048DFFD7FB0AA0580F1
:10A93C00C0DFFD7FB0B0A8800CE0FD7F01000000FF
:10A94C0040E1FD7FB0B0A8806CE1FD7F010000000C
:10A95C007CE2FD7F6CFAFF7F40E8FD7F0100000088
:10A96C0068E8FD7FA883C98068EAFD7F01000000CC
:10A97C0004EDFD7F58FAFF7F08EDFD7F010000001C
:10A98C0078EDFD7F54FAFF7FA4F0FD7FB0B0A88076
:10A99C00BCF0FD7FB0B0AA80B8F1FD7FA908B180F2
:10A9AC0048F2FD7FB0AF048010F6FD7FB0A80780A1
:10A9BC0090F6FD7FB0AF0480ACF9FD7FA8FAFF7F65
:10A9CC002CFFFD7F01000000BC01FE7F0084048091
:10A9DC00D003FE7FB0A803800C04FE7F01000000B2
:10A9EC000C04FE7F008404807804FE7F01000000CC
:10A9FC00CC04FE7FB0B0AC802007FE7F00840480C6
:10AA0C006807FE7F01000000800BFE7F64FAFF7F69
:10AA1C00B40BFE7F010000000C0CFE7FB0A902807D
:10AA2C00300CFE7FB0B0B080300CFE7FB0B0A88090
:10AA3C00400CFE7FB0B0B080400CFE7FB0B0AA805E
:10AA4C00580CFE7FB0B0B080580CFE7F30FAFF7F00
:10AA5C005C0CFE7FB0B0B0805C0CFE7FB0B0AA8006
:10AA6C00740CFE7FB0B0B080740CFE7FB0B0AA80C6
:10AA7C008C0CFE7FB0B0B0808C0CFE7FB0B0AA8086
:10AA8C00A40CFE7FB0B0B080A40CFE7FB0B0AA8046
:10AA9C00BC0CFE7FB0B0B080BC0CFE7FB0B0AA8006
:10AAAC00D40CFE7FB0B0B080D40CFE7FB0B0AA80C6
:10AABC00EC0CFE7FB0B0B080EC0CFE7FB0B0AA8086
:10AACC00040DFE7FB0B0B080040DFE7FB0B0AA8044
:10AADC001C0DFE7FB0B0B0801C0DFE7FB0B0AA8004
:10AAEC00340DFE7FB0B0B080340DFE7FB0B0AA80C4
:10AAFC004C0DFE7FB0B0B0804C0DFE7FB0B0AA8084
:10AB0C00640DFE7FB0B0B080640DFE7FB0B0AA8043
:10AB1C007C0DFE7FB0B0B0807C0DFE7FB0B0AA8003
:10AB2C00940DFE7FB0B0B080940DFE7FB0B0AA80C3
:10AB3C00AC0DFE7FB0B0B080AC0DFE7FB0B0AA8083
:10AB4C00C40DFE7FB0B0B080C40DFE7FB0B0AA8043
:10AB5C00DC0DFE7FB0B0B080DC0DFE7F010000008C
:10AB6C00780EFE7FA880C980460FFE7F0100000092
:10AB7C00E40FFE7FA908B1806410FE7FB0AC0380A7
:10AB8C003811FE7FA908B1806811FE7FB0A9028040
:10AB9C00A411FE7FB0AC0380D012FE7FECF8FF7FD7
:10ABAC006C13FE7FB0AB06807014FE7FB0AC0380DC
:10ABBC00E814FE7FB0AD04802417FE7FB0AC038098
:10ABCC009C1AFE7FD0F8FF7FD41AFE7FB0B0B08005
:10ABDC00D41AFE7FB0AA0180001BFE7FB0B0B080FB
:10ABEC00001BFE7FB0AA01802C1BFE7FB0B0B08092
:10ABFC002C1BFE7FB0AA0180581BFE7FB0B0B0802A
:10AC0C00581BFE7FB0AA0180841BFE7FB0B0B080C1
:10AC1C00841BFE7FB0AA0180B01BFE7FB0B0B08059
:10AC2C00B01BFE7FB0AA0180DC1BFE7FB0B0B080F1
:10AC3C00DC1BFE7FB0AA0180081CFE7FB0B0B08088
:10AC4C00081CFE7FA880C9808C1CFE7F00840480B9
:10AC5C00A81CFE7F4CF8FF7FAC1CFE7F010000009F
:10AC6C00DC1CFE7FB0A906801C1DFE7F01000000CD
:10AC7C00301DFE7F38F8FF7F381DFE7F010000007D
:10AC8C00381DFE7F34F8FF7F401DFE7F0100000061
:10AC9C00401DFE7F30F8FF7F481DFE7F0100000045
:10ACAC00701DFE7F2CF8FF7F741DFE7F01000000DD
:10ACBC00781DFE7F28F8FF7F7C1DFE7F01000000C1
:10ACCC00801DFE7F24F8FF7F841DFE7F01000000A5
:10ACDC00A41DFE7F20F8FF7FA81DFE7F0100000051
:10ACEC00AC1DFE7F1CF8FF7FB41DFE7F0100000031
:10ACFC00BC1DFE7F18F8FF7FC41DFE7F0100000005
:10AD0C00C41DFE7F14F8FF7FCC1DFE7F01000000E8
:10AD1C00CC1DFE7F10F8FF7FD41DFE7F01000000CC
:10AD2C00D81DFE7F0CF8FF7FDC1DFE7F01000000AC
:10AD3C00DC1DFE7F08F8FF7FE41DFE7F0100000094
:10AD4C00E41DFE7F04F8FF7FEC1DFE7F0100000078
:10AD5C00EC1DFE7F00F8FF7FF41DFE7F010000005C
:10AD6C00181EFE7FFCF7FF7FA84FFE7F010000003E
:10AD7C003850FE7FB0AA01805850FE7FB0A90280E7
:10AD8C008C50FE7FB0B0B0808C50FE7FB0A801809C
:10AD9C00AC50FE7FB0AA0180CC50FE7FB0A90280DF
:10ADAC00F450FE7FB0B0B080F450FE7FB0AA0180AA
:10ADBC001451FE7FB0A902803C51FE7FB0B0B08030
:10ADCC003C51FE7FB0AA01805C51FE7FB0A902808D
:10ADDC008451FE7FB0B0B0808451FE7FB0AA018058
:10ADEC00A451FE7FB0A90280CC51FE7FB0B0B080E0
:10ADFC00CC51FE7FB0AA0180EC51FE7FB0A902803D
:10AE0C001452FE7FB0B0B0801452FE7FB0AA018005
:10AE1C003452FE7FB0A902805C52FE7FB0B0B0808D
:10AE2C005C52FE7FB0AA01807C52FE7FB0A90280EA
:10AE3C00A452FE7FB0B0B080A452FE7FB0AA0180B5
:10AE4C00C452FE7FB0A90280EC52FE7FB0B0B0803D
:10AE5C00EC52FE7FB0AA01800C53FE7FB0A9028099
:10AE6C003453FE7FB0B0B0803453FE7FB0AA018063
:10AE7C005453FE7FB0A902807C53FE7FB0B0B080EB
:10AE8C007C53FE7F010000007C53FE7FE0F6FF7FC9
:10AE9C008453FE7F010000008453FE7FDCF6FF7FAD
:10AEAC008C53FE7F010000008C53FE7FD8F6FF7F91
:10AEBC009453FE7F01000000BC53FE7FD4F6FF7F4D
:10AECC00C053FE7F01000000C453FE7FD0F6FF7F0D
:10AEDC00C853FE7F01000000CC53FE7FCCF6FF7FF1
:10AEEC00D053FE7F01000000F053FE7FC8F6FF7FB9
:10AEFC00F453FE7F01000000F853FE7FC4F6FF7F81
:10AF0C000054FE7F010000000854FE7FC0F6FF7F56
:10AF1C001054FE7F010000001054FE7FBCF6FF7F32
:10AF2C001854FE7F010000001854FE7FB8F6FF7F16
:10AF3C002054FE7F010000002454FE7FB4F6FF7FF6
:10AF4C002854FE7F010000002854FE7FB0F6FF7FDE
:10AF5C003054FE7F010000003054FE7FACF6FF7FC2
:10AF6C003854FE7F010000003854FE7FA8F6FF7FA6
:10AF7C004054FE7F01000000D854FE7FB0AC0D8021
:10AF8C0028BFFE7F0100000038BFFE7FB0A9028001
:10AF9C00E8C0FE7F0100000054D6FE7FB0A90280FD
:10AFAC009CD6FE7FB0B0AA80B4D6FE7FB0B0A8808D
:10AFBC00C4D6FE7FB0B0AA809CD7FE7FB0AC118007
:10AFCC001CD8FE7FB0AC0F8090D8FE7F0100000033
:10AFDC0018D9FE7FB0AF1280FCD9FE7F01000000B3
:10AFEC0000DAFE7FB0AC0F80F0DAFE7F01000000CB
:10AFFC0048E9FE7FAD4CB280D4EEFE7FAF08B18045
:10B00C0064EFFE7F0100000064EFFE7FAD08B180AD
:10B01C00FCEFFE7FB0B0AE8064F0FE7FB0A906807E
:10B02C00A8F0FE7F0100000018F1FE7FB0B0AC80EC
:10B03C0058F1FE7F0100000058F1FE7FAF08B1808F
:10B04C00F0F1FE7FB0B0AA8038F2FE7F0100000064
:10B05C006CF2FE7FB0A8058094F2FE7F0100000028
:10B06C00ECF2FE7FA908B18058F3FE7F01000000CE
:10B07C0078F3FE7FB0A91080F8F3FE7FB0A90880AA
:10B08C00A4F4FE7FB0AC03802CF5FE7F94F5FF7F1B
:10B09C002CF5FE7F010000002CF5FE7FB0B0AA80DD
:10B0AC0094F5FE7F01000000A4F5FE7F80F5FF7F84
:10B0BC00B4F5FE7F01000000ECF5FE7FA908B1801D
:10B0CC00A4F6FE7FB0B0AA80E0F6FE7F010000007F
:10B0DC0020F7FE7FB0AB0480B4F7FE7FAF08B180E1
:10B0EC00DCF8FE7FB0AC0180C8F9FE7F01000000E7
:10B0FC00F998000829020008F9A8010885700208CF
:10B10C00E58A0208E1A00208F9A20208D1A7020808
:04B11C004DAD02082B
:04B120000102000820
:10B124000400002000000000140600207C0600201B
:10B13400E406002000000000000000000000000001
:10B1440000000000000000000000000000000000FB
:10B1540000000000000000000000000000000000EB
:10B1640000000000000000000000000000000000DB
:10B17400000000000300000014060020580700200F
:10B184004300000000000000000000000000000078
:10B1940000000000000000000000000000000000AB
:10B1A4004300000000000000000000000000000058
:10B1B400000000000000000000000000000000008B
:10B1C4004300000000000000000000000000000038
:10B1D400000000000000000000000000000000006B
:10B1E4004300000000000000000000000000000018
:10B1F400000000000000000000000000000000004B
:10B2040043000000000000000000000000000000F7
:10B21400000000000000000000000000000000002A
:10B2240043000000000000000000000000000000D7
:10B23400000000000000000000000000000000000A
:10B2440043000000000000000000000000000000B7
:10B2540000000000000000000000000000000000EA
:10B2640091740008B57A0008000000009CBC020834
:10B2740078D70208D0C10208D0C10208D0C10208A0
:10B28400D0C10208D0C10208D0C10208D0C102084E
:10B29400D0C10208D0C10208FFFFFFFFFFFFFFFF7C
:10B2A400FFFFFFFFFFFF0000010041534349490036
:10B2B400000000000000000000000000000000008A
:10B2C4000000000000000000000041534349490011
:10B2D400000000000000000000000000000000006A
:10B2E400000000000000000000000000AAAAAAAAB2
:10B2F40039D3000829D3000881D300082DD30008CE
:10B30400010000000403090412010002EF020140DD
:10B314000912320D0003010203010000C5E6000812
:10B32400D1E60008DDE6000815E70008F9E60008A4
:10B3340031E700084DE7000812034D0053004600B2
:10B34400540031003000300050000000B60000000E
:10B354000001050002008400000001000000280034
:10B3640044006500760069006300650049006E00D2
:10B3740074006500720066006100630065004700A8
:10B3840055004900440000004E0000007B004500C9
:10B3940041003000420044003500430033002D00DA
:10B3A40035003000460033002D00340038003800EA
:10B3B40038002D0038003400420034002D003700DE
:10B3C40034004500350030004500310036003400BB
:10B3D4003900440042007D0000003E0000000100EE
:10B3E40000000C004C006100620065006C0000006D
:10B3F400240000004F0044007200690076006500DC
:10B40400000000002800000000010400010000000A
:10B4140000000000020057494E555342000000004E
:10B4240000000000000000000000000009026A00A3
:10B43400030100C032080B000202020100090400EB
:10B44400000102020100052400100105240100018D
:10B4540004240202052406000107058203080010E3
:10B4640009040100020A000000070501024000006F
:10B4740007058102400000080B02010000000609D4
:10B484000402000200010000070503024000000757
:10B49400058302400000000031060108E5050108AB
:10B4A4001D0501080000000065040108E904010805
:10B4B400A9040108000000000000000000000000D2
:10B4C400C506010891040108B90601089D04010894
:10B4D40069E700080A0600020000004001000000BD
:10B4E4000024F40000F80120D0D6002000004041E0
:10B4F400000000000A0000000040000000020000FC
:10B5040000000C0800000C08000000000B00000004
:10B51400004000000002000000000E0800000E08B9
:10B5240000000000320000000000000001000000E4
:10B5340000000000000000003200000000000000D5
:10B5440001000000000000000000000032000000C4
:10B5540000000000010000000000000000000000E6
:10B5640032000000000000000100000000000000A4
:10B57400000000400000003F0000003F00000040C9
:10B584000000003F0000003F0000C8420000F042FD
:10B59400010000000000C8420000F0420100000069
:10B5A40000000000070000000000204100000040EF
:10B5B40000000000000000000AD7233D0000000046
:10B5C4000000000000002041000000410000807FD6
:10B5D4000000704200007A440000C8420000F042BB
:10B5E400C74B6B41000020410000204100000000D7
:10B5F400000020410000803F000000000000000027
:10B60400070000000000204100000040000000008E
:10B61400000000000AD7233D0000000000000000E5
:10B6240000002041000000410000807F00007042C3
:10B6340000007A440000C8420000F042C74B6B414E
:10B6440000002041000020410000000000002041D3
:10B654000000803F0000000000007A4400007A44AB
:10B664000118CF3A00007A4400007A440118CF3A16
:10B6740000000000010000000020000000000000A5
:10B6840000000000010000000AD7A33CDB0F494280
:10B69400DB0F494100007A44000000000100030070
:10B6A4000400000000000000000000000100000091
:10B6B4000020000000000000000000000100000065
:10B6C4000AD7A33CDB0F4942DB0F494100007A440F
:10B6D400000000000100030004000000000000005E
:10B6E40090D00300000000000100000000000000F2
:10B6F400000000000003830044D500200000000087
:10B70400000000000001810050D500200C990308BE
:08B71400BDB40208A10B0008FE
:0400000508013B4D66
:00000001FF
